video,face_detected,time_sec,ear,mar,perclos,gaze,gaze_used,gaze_reliable,gaze_reason,attention_mode,roll,pitch,yaw,rel_roll,rel_pitch,rel_yaw,eyes_closed,closed_duration,tired_raw,tired,tired_reason,asleep,sleep_reason,sleep_pose_signal,sleep_pose_duration,away_signal,looking_away,distracted,away_duration,distraction_reason,distraction_mode,drowsiness_active,yawning,yawn_alert,yawn_count_in_window,micro_closure_count,events
Twitch streamer starts to fall asleep while driving....mp4,True,0.0,0.6601,0.8176,0.0,0.0046,0.0046,True,warming_up,gaze_plus_head_pose,-5.27,15.08,23.66,0.0,0.0,0.0,False,0.0,False,False,not_tired,False,not_asleep,False,0.0,False,False,False,0.0,calibrating_forward_pose,calibrating,False,False,False,0,0,
Twitch streamer starts to fall asleep while driving....mp4,True,0.033,0.73,0.5031,0.0,0.0048,0.0048,True,warming_up,gaze_plus_head_pose,-2.97,20.7,25.15,0.0,0.0,0.0,False,0.0,False,False,not_tired,False,not_asleep,False,0.0,False,False,False,0.0,calibrating_forward_pose,calibrating,False,False,False,0,0,
Twitch streamer starts to fall asleep while driving....mp4,True,0.067,0.7197,0.4838,0.0,0.004,0.004,True,warming_up,gaze_plus_head_pose,-3.01,23.65,22.85,0.0,0.0,0.0,False,0.0,False,False,not_tired,False,not_asleep,False,0.0,False,False,False,0.0,calibrating_forward_pose,calibrating,False,False,False,0,0,
Twitch streamer starts to fall asleep while driving....mp4,True,0.1,0.6944,0.5186,0.0,0.004,0.004,True,warming_up,gaze_plus_head_pose,-4.34,24.66,20.64,0.0,0.0,0.0,False,0.0,False,False,not_tired,False,not_asleep,False,0.0,False,False,False,0.0,calibrating_forward_pose,calibrating,False,False,False,0,0,
Twitch streamer starts to fall asleep while driving....mp4,True,0.133,0.6881,0.4979,0.0,0.0041,0.0041,True,warming_up,gaze_plus_head_pose,-3.82,25.78,21.76,0.0,0.0,0.0,False,0.0,False,False,not_tired,False,not_asleep,False,0.0,False,False,False,0.0,calibrating_forward_pose,calibrating,False,False,False,0,0,
Twitch streamer starts to fall asleep while driving....mp4,True,0.167,0.6617,0.5778,0.0,0.0047,0.0047,True,warming_up,gaze_plus_head_pose,-4.28,25.39,22.65,0.0,0.0,0.0,False,0.0,False,False,not_tired,False,not_asleep,False,0.0,False,False,False,0.0,calibrating_forward_pose,calibrating,False,False,False,0,0,
Twitch streamer starts to fall asleep while driving....mp4,True,0.2,0.6775,0.508,0.0,0.0046,0.0046,True,warming_up,gaze_plus_head_pose,-4.65,25.17,23.04,0.0,0.0,0.0,False,0.0,False,False,not_tired,False,not_asleep,False,0.0,False,False,False,0.0,calibrating_forward_pose,calibrating,False,False,False,0,0,
Twitch streamer starts to fall asleep while driving....mp4,True,0.233,0.6347,0.4951,0.0,0.0058,0.0058,True,gaze_stable,gaze_plus_head_pose,-4.72,25.6,23.02,0.0,0.0,0.0,False,0.0,False,False,not_tired,False,not_asleep,False,0.0,False,False,False,0.0,calibrating_forward_pose,calibrating,False,False,False,0,0,
Twitch streamer starts to fall asleep while driving....mp4,True,0.267,0.6525,0.47,0.0,0.0048,0.0048,True,gaze_stable,gaze_plus_head_pose,-4.81,25.65,22.02,0.0,0.0,0.0,False,0.0,False,False,not_tired,False,not_asleep,False,0.0,False,False,False,0.0,calibrating_forward_pose,calibrating,False,False,False,0,0,
Twitch streamer starts to fall asleep while driving....mp4,True,0.3,0.666,0.4379,0.0,0.006,0.006,True,gaze_stable,gaze_plus_head_pose,-4.22,25.45,22.81,0.0,0.0,0.0,False,0.0,False,False,not_tired,False,not_asleep,False,0.0,False,False,False,0.0,calibrating_forward_pose,calibrating,False,False,False,0,0,
Twitch streamer starts to fall asleep while driving....mp4,True,0.333,0.6517,0.5098,0.0,0.0058,0.0058,True,gaze_stable,gaze_plus_head_pose,-4.62,26.58,20.67,0.0,0.0,0.0,False,0.0,False,False,not_tired,False,not_asleep,False,0.0,False,False,False,0.0,calibrating_forward_pose,calibrating,False,False,False,0,0,
Twitch streamer starts to fall asleep while driving....mp4,True,0.367,0.6517,0.4724,0.0,0.0064,0.0064,True,gaze_stable,gaze_plus_head_pose,-4.57,26.93,21.26,0.0,0.0,0.0,False,0.0,False,False,not_tired,False,not_asleep,False,0.0,False,False,False,0.0,calibrating_forward_pose,calibrating,False,False,False,0,0,
Twitch streamer starts to fall asleep while driving....mp4,True,0.4,0.6576,0.5488,0.0,0.0053,0.0053,True,gaze_stable,gaze_plus_head_pose,-3.75,25.68,21.81,0.0,0.0,0.0,False,0.0,False,False,not_tired,False,not_asleep,False,0.0,False,False,False,0.0,calibrating_forward_pose,calibrating,False,False,False,0,0,
Twitch streamer starts to fall asleep while driving....mp4,True,0.433,0.6364,0.5305,0.0,0.0058,0.0058,True,gaze_stable,gaze_plus_head_pose,-3.79,26.75,21.17,0.0,0.0,0.0,False,0.0,False,False,not_tired,False,not_asleep,False,0.0,False,False,False,0.0,calibrating_forward_pose,calibrating,False,False,False,0,0,
Twitch streamer starts to fall asleep while driving....mp4,True,0.467,0.6433,0.5424,0.0,0.0047,0.0047,True,gaze_stable,gaze_plus_head_pose,-3.55,25.33,18.95,0.0,0.0,0.0,False,0.0,False,False,not_tired,False,not_asleep,False,0.0,False,False,False,0.0,calibrating_forward_pose,calibrating,False,False,False,0,0,
Twitch streamer starts to fall asleep while driving....mp4,True,0.5,0.6653,0.5415,0.0,0.0048,0.0048,True,gaze_stable,gaze_plus_head_pose,-3.01,26.25,21.11,0.0,0.0,0.0,False,0.0,False,False,not_tired,False,not_asleep,False,0.0,False,False,False,0.0,calibrating_forward_pose,calibrating,False,False,False,0,0,
Twitch streamer starts to fall asleep while driving....mp4,True,0.533,0.5417,0.5592,0.0,0.0053,0.0053,True,gaze_stable,gaze_plus_head_pose,-2.5,25.65,22.19,0.0,0.0,0.0,False,0.0,False,False,not_tired,False,not_asleep,False,0.0,False,False,False,0.0,calibrating_forward_pose,calibrating,False,False,False,0,0,
Twitch streamer starts to fall asleep while driving....mp4,True,0.567,0.0552,0.4695,0.0556,0.0053,0.0,False,eyes_too_closed,head_pose_only,-4.48,27.08,18.94,0.0,0.0,0.0,True,0.0,False,False,not_tired,False,not_asleep,False,0.0,False,False,False,0.0,calibrating_forward_pose,calibrating,False,False,False,0,0,
Twitch streamer starts to fall asleep while driving....mp4,True,0.6,0.109,0.5807,0.1053,0.003,0.0,False,eyes_too_closed,head_pose_only,-3.26,26.72,21.56,0.0,0.0,0.0,True,0.033,False,False,not_tired,False,not_asleep,False,0.0,False,False,False,0.0,calibrating_forward_pose,calibrating,False,False,False,0,0,
Twitch streamer starts to fall asleep while driving....mp4,True,0.633,0.1024,0.5757,0.15,0.004,0.0,False,eyes_too_closed,head_pose_only,-3.46,23.64,21.14,0.0,0.0,0.0,True,0.067,False,False,not_tired,False,not_asleep,False,0.0,False,False,False,0.0,calibrating_forward_pose,calibrating,False,False,False,0,0,
Twitch streamer starts to fall asleep while driving....mp4,True,0.667,0.1097,0.5087,0.1905,0.0035,0.0,False,eyes_too_closed,head_pose_only,-3.7,23.18,21.58,0.0,0.0,0.0,True,0.1,False,False,not_tired,False,not_asleep,False,0.0,False,False,False,0.0,calibrating_forward_pose,calibrating,False,False,False,0,0,
Twitch streamer starts to fall asleep while driving....mp4,True,0.7,0.1021,0.5387,0.2273,0.0028,0.0,False,eyes_too_closed,head_pose_only,-2.22,20.97,21.82,0.0,0.0,0.0,True,0.133,True,False,not_tired,False,not_asleep,False,0.0,False,False,False,0.0,calibrating_forward_pose,calibrating,False,False,False,0,0,
Twitch streamer starts to fall asleep while driving....mp4,True,0.733,0.1027,0.5324,0.2609,0.0021,0.0,False,eyes_too_closed,head_pose_only,-1.25,20.45,23.66,0.0,0.0,0.0,True,0.167,True,False,not_tired,False,not_asleep,False,0.0,False,False,False,0.0,calibrating_forward_pose,calibrating,False,False,False,0,0,
Twitch streamer starts to fall asleep while driving....mp4,True,0.767,0.2974,0.5485,0.25,0.0061,0.0,False,gaze_stable,head_pose_only,0.42,18.26,24.51,0.0,0.0,0.0,True,0.2,True,False,not_tired,False,not_asleep,False,0.0,False,False,False,0.0,calibrating_forward_pose,calibrating,False,False,False,0,0,
Twitch streamer starts to fall asleep while driving....mp4,True,0.8,0.4017,0.5871,0.24,0.0045,0.0,False,gaze_stable,head_pose_only,-0.42,15.39,26.65,0.0,0.0,0.0,True,0.233,True,False,not_tired,False,not_asleep,False,0.0,False,False,False,0.0,calibrating_forward_pose,calibrating,False,False,False,0,0,
Twitch streamer starts to fall asleep while driving....mp4,True,0.833,0.5662,0.5288,0.2308,0.0045,0.0,False,gaze_stable,head_pose_only,2.32,16.07,26.89,0.0,0.0,0.0,True,0.267,True,False,not_tired,False,not_asleep,False,0.0,False,False,False,0.0,calibrating_forward_pose,calibrating,False,False,False,0,0,
Twitch streamer starts to fall asleep while driving....mp4,True,0.867,0.608,0.5654,0.2222,0.0041,0.0,False,gaze_stable,head_pose_only,2.84,13.68,27.5,0.0,0.0,0.0,True,0.3,True,False,not_tired,False,not_asleep,False,0.0,False,False,False,0.0,calibrating_forward_pose,calibrating,False,False,False,0,0,
Twitch streamer starts to fall asleep while driving....mp4,True,0.9,0.5714,0.5024,0.2143,0.0033,0.0,False,gaze_stable,head_pose_only,3.87,14.89,28.58,0.0,0.0,0.0,False,0.0,True,False,not_tired,False,not_asleep,False,0.0,False,False,False,0.0,calibrating_forward_pose,calibrating,False,False,False,0,0,
Twitch streamer starts to fall asleep while driving....mp4,True,0.933,0.5243,0.4899,0.2069,0.0026,0.0,False,gaze_stable,head_pose_only,4.01,15.28,29.42,0.0,0.0,0.0,False,0.0,True,False,not_tired,False,not_asleep,False,0.0,False,False,False,0.0,calibrating_forward_pose,calibrating,False,False,False,0,0,
Twitch streamer starts to fall asleep while driving....mp4,True,0.967,0.5529,0.5244,0.2,0.0028,0.0,False,gaze_stable,head_pose_only,2.82,13.71,29.06,0.0,0.0,0.0,False,0.0,True,False,not_tired,False,not_asleep,False,0.0,False,False,False,0.0,calibrating_forward_pose,calibrating,False,False,False,0,0,
Twitch streamer starts to fall asleep while driving....mp4,True,1.0,0.5473,0.5519,0.1935,0.0037,0.0037,True,gaze_stable,gaze_plus_head_pose,3.78,14.62,28.95,0.0,0.0,0.0,False,0.0,False,False,not_tired,False,not_asleep,False,0.0,False,False,False,0.0,calibrating_forward_pose,calibrating,False,False,False,0,0,
Twitch streamer starts to fall asleep while driving....mp4,True,1.033,0.5153,0.569,0.1875,0.0028,0.0028,True,gaze_stable,gaze_plus_head_pose,3.92,14.2,29.27,0.0,0.0,0.0,False,0.0,False,False,not_tired,False,not_asleep,False,0.0,False,False,False,0.0,calibrating_forward_pose,calibrating,False,False,False,0,0,
Twitch streamer starts to fall asleep while driving....mp4,True,1.067,0.5686,0.6185,0.1818,0.005,0.005,True,gaze_stable,gaze_plus_head_pose,4.69,13.13,31.92,0.0,0.0,0.0,False,0.0,False,False,not_tired,False,not_asleep,False,0.0,False,False,False,0.0,calibrating_forward_pose,calibrating,False,False,False,0,0,
Twitch streamer starts to fall asleep while driving....mp4,True,1.1,0.5148,0.6168,0.1765,0.0039,0.0039,True,gaze_stable,gaze_plus_head_pose,4.02,11.98,30.01,0.0,0.0,0.0,False,0.0,False,False,not_tired,False,not_asleep,False,0.0,False,False,False,0.0,calibrating_forward_pose,calibrating,False,False,False,0,0,
Twitch streamer starts to fall asleep while driving....mp4,True,1.133,0.5343,0.5869,0.1714,0.0063,0.0063,True,gaze_stable,gaze_plus_head_pose,4.78,12.73,32.98,0.0,0.0,0.0,False,0.0,False,False,not_tired,False,not_asleep,False,0.0,False,False,False,0.0,calibrating_forward_pose,calibrating,False,False,False,0,0,
Twitch streamer starts to fall asleep while driving....mp4,True,1.167,0.5573,0.5801,0.1667,0.0034,0.0034,True,gaze_stable,gaze_plus_head_pose,4.02,14.23,30.63,0.0,0.0,0.0,False,0.0,False,False,not_tired,False,not_asleep,False,0.0,False,False,False,0.0,calibrating_forward_pose,calibrating,False,False,False,0,0,
Twitch streamer starts to fall asleep while driving....mp4,True,1.2,0.4739,0.5854,0.1622,0.004,0.004,True,gaze_stable,gaze_plus_head_pose,3.66,14.83,29.47,0.0,0.0,0.0,False,0.0,False,False,not_tired,False,not_asleep,False,0.0,False,False,False,0.0,calibrating_forward_pose,calibrating,False,False,False,0,0,
Twitch streamer starts to fall asleep while driving....mp4,True,1.233,0.4903,0.5665,0.1579,0.0038,0.0038,True,gaze_stable,gaze_plus_head_pose,3.52,15.29,28.51,0.0,0.0,0.0,False,0.0,False,False,not_tired,False,not_asleep,False,0.0,False,False,False,0.0,calibrating_forward_pose,calibrating,False,False,False,0,0,
Twitch streamer starts to fall asleep while driving....mp4,True,1.267,0.4609,0.5455,0.1538,0.0026,0.0026,True,gaze_stable,gaze_plus_head_pose,2.25,14.58,28.01,0.0,0.0,0.0,False,0.0,False,False,not_tired,False,not_asleep,False,0.0,False,False,False,0.0,calibrating_forward_pose,calibrating,False,False,False,0,0,
Twitch streamer starts to fall asleep while driving....mp4,True,1.3,0.4037,0.474,0.15,0.0029,0.0029,True,gaze_stable,gaze_plus_head_pose,1.49,14.52,27.48,0.0,0.0,0.0,False,0.0,False,False,not_tired,False,not_asleep,False,0.0,False,False,False,0.0,calibrating_forward_pose,calibrating,False,False,False,0,0,
Twitch streamer starts to fall asleep while driving....mp4,True,1.333,0.37,0.5776,0.1463,0.0031,0.0031,True,gaze_stable,gaze_plus_head_pose,1.24,14.16,26.68,0.0,0.0,0.0,False,0.0,False,False,not_tired,False,not_asleep,False,0.0,False,False,False,0.0,calibrating_forward_pose,calibrating,False,False,False,0,0,
Twitch streamer starts to fall asleep while driving....mp4,True,1.367,0.3641,0.4814,0.1429,0.0031,0.0031,True,gaze_stable,gaze_plus_head_pose,0.05,14.05,25.78,0.0,0.0,0.0,False,0.0,False,False,not_tired,False,not_asleep,False,0.0,False,False,False,0.0,calibrating_forward_pose,calibrating,False,False,False,0,0,
Twitch streamer starts to fall asleep while driving....mp4,True,1.4,0.3645,0.4233,0.1395,0.0032,0.0032,True,gaze_stable,gaze_plus_head_pose,1.17,15.22,25.27,0.0,0.0,0.0,False,0.0,False,False,not_tired,False,not_asleep,False,0.0,False,False,False,0.0,calibrating_forward_pose,calibrating,False,False,False,0,0,
Twitch streamer starts to fall asleep while driving....mp4,True,1.433,0.3656,0.4454,0.1364,0.0037,0.0037,True,gaze_stable,gaze_plus_head_pose,0.09,14.52,24.72,0.0,0.0,0.0,False,0.0,False,False,not_tired,False,not_asleep,False,0.0,False,False,False,0.0,calibrating_forward_pose,calibrating,False,False,False,0,0,
Twitch streamer starts to fall asleep while driving....mp4,True,1.467,0.434,0.4752,0.1333,0.003,0.003,True,gaze_stable,gaze_plus_head_pose,0.27,14.65,23.78,0.0,0.0,0.0,False,0.0,False,False,not_tired,False,not_asleep,False,0.0,False,False,False,0.0,calibrating_forward_pose,calibrating,False,False,False,0,0,
Twitch streamer starts to fall asleep while driving....mp4,True,1.5,0.4493,0.4706,0.1304,0.0035,0.0035,True,gaze_stable,gaze_plus_head_pose,-0.91,16.25,22.18,0.0,0.0,0.0,False,0.0,False,False,not_tired,False,not_asleep,False,0.0,False,False,False,0.0,calibrating_forward_pose,calibrating,False,False,False,0,0,
Twitch streamer starts to fall asleep while driving....mp4,True,1.533,0.4689,0.632,0.1277,0.0029,0.0029,True,gaze_stable,gaze_plus_head_pose,-0.19,17.98,23.05,0.0,0.0,0.0,False,0.0,False,False,not_tired,False,not_asleep,False,0.0,False,False,False,0.0,calibrating_forward_pose,calibrating,False,False,False,0,0,
Twitch streamer starts to fall asleep while driving....mp4,True,1.567,0.5694,0.6731,0.125,0.0027,0.0027,True,gaze_stable,gaze_plus_head_pose,-1.24,19.18,22.93,0.0,0.0,0.0,False,0.0,False,False,not_tired,False,not_asleep,False,0.0,False,False,False,0.0,calibrating_forward_pose,calibrating,False,False,False,0,0,
Twitch streamer starts to fall asleep while driving....mp4,True,1.6,0.5891,0.5962,0.1224,0.0029,0.0029,True,gaze_stable,gaze_plus_head_pose,-1.91,18.88,23.1,0.0,0.0,0.0,False,0.0,False,False,not_tired,False,not_asleep,False,0.0,False,False,False,0.0,calibrating_forward_pose,calibrating,False,False,False,0,0,
Twitch streamer starts to fall asleep while driving....mp4,True,1.633,0.6521,0.5772,0.12,0.0023,0.0023,True,gaze_stable,gaze_plus_head_pose,-0.1,22.47,23.84,0.0,0.0,0.0,False,0.0,False,False,not_tired,False,not_asleep,False,0.0,False,False,False,0.0,calibrating_forward_pose,calibrating,False,False,False,0,0,
Twitch streamer starts to fall asleep while driving....mp4,True,1.667,0.6891,0.5757,0.1176,0.0029,0.0029,True,gaze_stable,gaze_plus_head_pose,-0.8,22.8,27.11,0.0,0.0,0.0,False,0.0,False,False,not_tired,False,not_asleep,False,0.0,False,False,False,0.0,calibrating_forward_pose,calibrating,False,False,False,0,0,
Twitch streamer starts to fall asleep while driving....mp4,True,1.7,0.7068,0.5837,0.1154,0.0032,0.0032,True,gaze_stable,gaze_plus_head_pose,-0.45,23.39,27.85,0.0,0.0,0.0,False,0.0,False,False,not_tired,False,not_asleep,False,0.0,False,False,False,0.0,calibrating_forward_pose,calibrating,False,False,False,0,0,
Twitch streamer starts to fall asleep while driving....mp4,True,1.733,0.6965,0.4033,0.1132,0.0032,0.0032,True,gaze_stable,gaze_plus_head_pose,0.08,25.23,28.51,0.0,0.0,0.0,False,0.0,False,False,not_tired,False,not_asleep,False,0.0,False,False,False,0.0,calibrating_forward_pose,calibrating,False,False,False,0,0,
Twitch streamer starts to fall asleep while driving....mp4,True,1.767,0.6647,0.2913,0.1111,0.003,0.003,True,gaze_stable,gaze_plus_head_pose,-0.87,23.37,29.53,0.0,0.0,0.0,False,0.0,False,False,not_tired,False,not_asleep,False,0.0,False,False,False,0.0,calibrating_forward_pose,calibrating,False,False,False,0,0,
Twitch streamer starts to fall asleep while driving....mp4,True,1.8,0.6612,0.3366,0.1091,0.0034,0.0034,True,gaze_stable,gaze_plus_head_pose,-0.69,24.86,30.86,0.0,0.0,0.0,False,0.0,False,False,not_tired,False,not_asleep,False,0.0,False,False,False,0.0,calibrating_forward_pose,calibrating,False,False,False,0,0,
Twitch streamer starts to fall asleep while driving....mp4,True,1.833,0.6456,0.3881,0.1071,0.0026,0.0026,True,gaze_stable,gaze_plus_head_pose,0.25,24.44,31.94,0.0,0.0,0.0,False,0.0,False,False,not_tired,False,not_asleep,False,0.0,False,False,False,0.0,calibrating_forward_pose,calibrating,False,False,False,0,0,
Twitch streamer starts to fall asleep while driving....mp4,True,1.867,0.6261,0.3573,0.1053,0.0031,0.0031,True,gaze_stable,gaze_plus_head_pose,-0.73,23.94,30.05,0.0,0.0,0.0,False,0.0,False,False,not_tired,False,not_asleep,False,0.0,False,False,False,0.0,calibrating_forward_pose,calibrating,False,False,False,0,0,
Twitch streamer starts to fall asleep while driving....mp4,True,1.9,0.4959,0.0646,0.1034,0.0023,0.0023,True,gaze_stable,gaze_plus_head_pose,1.79,27.93,31.71,0.0,0.0,0.0,False,0.0,False,False,not_tired,False,not_asleep,False,0.0,False,False,False,0.0,calibrating_forward_pose,calibrating,False,False,False,0,0,
Twitch streamer starts to fall asleep while driving....mp4,True,1.933,0.5523,0.2797,0.1017,0.0033,0.0033,True,gaze_stable,gaze_plus_head_pose,1.82,26.39,31.82,0.0,0.0,0.0,False,0.0,False,False,not_tired,False,not_asleep,False,0.0,False,False,False,0.0,calibrating_forward_pose,calibrating,False,False,False,0,0,
Twitch streamer starts to fall asleep while driving....mp4,True,1.967,0.4939,0.4088,0.1,0.0027,0.0027,True,gaze_stable,gaze_plus_head_pose,2.43,27.04,31.68,0.0,0.0,0.0,False,0.0,False,False,not_tired,False,not_asleep,False,0.0,False,False,False,0.0,calibrating_forward_pose,calibrating,False,False,False,0,0,
Twitch streamer starts to fall asleep while driving....mp4,True,2.0,0.5219,0.1333,0.0984,0.0035,0.0035,True,gaze_stable,gaze_plus_head_pose,2.58,26.57,31.95,0.0,0.0,0.0,False,0.0,False,False,not_tired,False,not_asleep,False,0.0,False,False,False,0.0,forward,gaze_or_head_pose,False,False,False,0,0,
Twitch streamer starts to fall asleep while driving....mp4,True,2.033,0.5338,0.3677,0.0968,0.0031,0.0031,True,gaze_stable,gaze_plus_head_pose,2.7,25.73,31.58,3.15,3.26,6.43,False,0.0,False,False,not_tired,False,not_asleep,False,0.0,False,False,False,0.0,forward,gaze_or_head_pose,False,False,False,0,0,
Twitch streamer starts to fall asleep while driving....mp4,True,2.067,0.5342,0.1019,0.0952,0.0033,0.0033,True,gaze_stable,gaze_plus_head_pose,2.97,26.95,32.63,3.231,3.626,6.745,False,0.0,False,False,not_tired,False,not_asleep,False,0.0,False,False,False,0.0,forward,gaze_or_head_pose,False,False,False,0,0,
Twitch streamer starts to fall asleep while driving....mp4,True,2.1,0.5175,0.3459,0.0938,0.0032,0.0032,True,gaze_stable,gaze_plus_head_pose,2.75,24.79,31.41,3.222,3.234,6.6,False,0.0,False,False,not_tired,False,not_asleep,False,0.0,False,False,False,0.0,forward,gaze_or_head_pose,False,False,False,0,0,
Twitch streamer starts to fall asleep while driving....mp4,True,2.133,0.5253,0.2757,0.0923,0.0043,0.0043,True,gaze_stable,gaze_plus_head_pose,2.95,27.48,32.78,3.275,3.767,6.909,False,0.0,False,False,not_tired,False,not_asleep,False,0.0,False,False,False,0.0,forward,gaze_or_head_pose,False,False,False,0,0,
Twitch streamer starts to fall asleep while driving....mp4,True,2.167,0.5059,0.4253,0.0909,0.0032,0.0032,True,gaze_stable,gaze_plus_head_pose,3.56,25.97,31.42,3.496,3.687,6.717,False,0.0,False,False,not_tired,False,not_asleep,False,0.0,False,False,False,0.0,forward,gaze_or_head_pose,False,False,False,0,0,
Twitch streamer starts to fall asleep while driving....mp4,True,2.2,0.5022,0.3498,0.0896,0.0029,0.0029,True,gaze_stable,gaze_plus_head_pose,1.68,26.05,30.69,3.086,3.655,6.364,False,0.0,False,False,not_tired,False,not_asleep,False,0.0,False,False,False,0.0,forward,gaze_or_head_pose,False,False,False,0,0,
Twitch streamer starts to fall asleep while driving....mp4,True,2.233,0.5121,0.3338,0.0882,0.0058,0.0058,True,gaze_stable,gaze_plus_head_pose,0.29,25.77,29.06,2.382,3.548,5.628,False,0.0,False,False,not_tired,False,not_asleep,False,0.0,False,False,False,0.0,forward,gaze_or_head_pose,False,False,False,0,0,
Twitch streamer starts to fall asleep while driving....mp4,True,2.267,0.5551,0.3255,0.087,0.0032,0.0032,True,gaze_stable,gaze_plus_head_pose,0.3,25.62,29.15,1.893,3.429,5.139,False,0.0,False,False,not_tired,False,not_asleep,False,0.0,False,False,False,0.0,forward,gaze_or_head_pose,False,False,False,0,0,
Twitch streamer starts to fall asleep while driving....mp4,True,2.3,0.498,0.2969,0.0857,0.0045,0.0045,True,gaze_stable,gaze_plus_head_pose,-0.91,26.33,27.71,1.187,3.558,4.366,False,0.0,False,False,not_tired,False,not_asleep,False,0.0,False,False,False,0.0,forward,gaze_or_head_pose,False,False,False,0,0,
Twitch streamer starts to fall asleep while driving....mp4,True,2.333,0.5426,0.3203,0.0845,0.0041,0.0041,True,gaze_stable,gaze_plus_head_pose,-0.14,25.56,27.61,0.924,3.418,3.794,False,0.0,False,False,not_tired,False,not_asleep,False,0.0,False,False,False,0.0,forward,gaze_or_head_pose,False,False,False,0,0,
Twitch streamer starts to fall asleep while driving....mp4,True,2.367,0.5558,0.2948,0.0833,0.0046,0.0046,True,gaze_stable,gaze_plus_head_pose,1.03,27.46,27.76,1.091,3.889,3.439,False,0.0,False,False,not_tired,False,not_asleep,False,0.0,False,False,False,0.0,forward,gaze_or_head_pose,False,False,False,0,0,
Twitch streamer starts to fall asleep while driving....mp4,True,2.4,0.5485,0.2904,0.0822,0.0032,0.0032,True,gaze_stable,gaze_plus_head_pose,0.09,26.41,27.09,0.925,3.905,2.989,False,0.0,False,False,not_tired,False,not_asleep,False,0.0,False,False,False,0.0,forward,gaze_or_head_pose,False,False,False,0,0,
Twitch streamer starts to fall asleep while driving....mp4,True,2.433,0.4162,0.3084,0.0811,0.0025,0.0025,True,gaze_stable,gaze_plus_head_pose,1.26,26.78,27.29,1.161,4.026,2.734,False,0.0,False,False,not_tired,False,not_asleep,False,0.0,False,False,False,0.0,forward,gaze_or_head_pose,False,False,False,0,0,
Twitch streamer starts to fall asleep while driving....mp4,True,2.467,0.3718,0.3859,0.08,0.0024,0.0024,True,gaze_stable,gaze_plus_head_pose,1.14,25.64,26.3,1.29,3.769,2.259,False,0.0,False,False,not_tired,False,not_asleep,False,0.0,False,False,False,0.0,forward,gaze_or_head_pose,False,False,False,0,0,
Twitch streamer starts to fall asleep while driving....mp4,True,2.5,0.3677,0.4833,0.0789,0.0018,0.0018,True,gaze_stable,gaze_plus_head_pose,-0.03,24.47,25.47,1.029,3.239,1.677,False,0.0,False,False,not_tired,False,not_asleep,False,0.0,False,False,False,0.0,forward,gaze_or_head_pose,False,False,False,0,0,
Twitch streamer starts to fall asleep while driving....mp4,True,2.533,0.3201,0.5529,0.0779,0.002,0.002,True,gaze_stable,gaze_plus_head_pose,-0.09,21.28,25.36,0.828,1.91,1.237,False,0.0,False,False,not_tired,False,not_asleep,False,0.0,False,False,False,0.0,forward,gaze_or_head_pose,False,False,False,0,0,
Twitch streamer starts to fall asleep while driving....mp4,True,2.567,0.3013,0.5257,0.0769,0.0025,0.0025,True,gaze_stable,gaze_plus_head_pose,0.06,22.03,24.88,0.733,1.205,0.785,False,0.0,False,False,not_tired,False,not_asleep,False,0.0,False,False,False,0.0,forward,gaze_or_head_pose,False,False,False,0,0,
Twitch streamer starts to fall asleep while driving....mp4,True,2.6,0.3339,0.4587,0.0759,0.0028,0.0028,True,gaze_stable,gaze_plus_head_pose,-1.74,20.15,24.13,0.126,0.147,0.244,False,0.0,False,False,not_tired,False,not_asleep,False,0.0,False,False,False,0.0,forward,gaze_or_head_pose,False,False,False,0,0,
Twitch streamer starts to fall asleep while driving....mp4,True,2.633,0.3166,0.4113,0.075,0.003,0.003,True,gaze_stable,gaze_plus_head_pose,-1.65,19.29,24.16,-0.272,-0.851,-0.127,False,0.0,False,False,not_tired,False,not_asleep,False,0.0,False,False,False,0.0,forward,gaze_or_head_pose,False,False,False,0,0,
Twitch streamer starts to fall asleep while driving....mp4,True,2.667,0.3243,0.4575,0.0741,0.0035,0.0035,True,gaze_stable,gaze_plus_head_pose,-2.37,17.89,23.11,-0.766,-1.97,-0.701,False,0.0,False,False,not_tired,False,not_asleep,False,0.0,False,False,False,0.0,forward,gaze_or_head_pose,False,False,False,0,0,
Twitch streamer starts to fall asleep while driving....mp4,True,2.7,0.4224,0.3933,0.0732,0.004,0.004,True,gaze_stable,gaze_plus_head_pose,-2.47,18.48,21.6,-1.142,-2.576,-1.555,False,0.0,False,False,not_tired,False,not_asleep,False,0.0,False,False,False,0.0,forward,gaze_or_head_pose,False,False,False,0,0,
Twitch streamer starts to fall asleep while driving....mp4,True,2.733,0.4018,0.4077,0.0723,0.0039,0.0039,True,gaze_stable,gaze_plus_head_pose,-3.04,17.52,19.57,-1.577,-3.288,-2.763,False,0.0,False,False,not_tired,False,not_asleep,False,0.0,False,False,False,0.0,forward,gaze_or_head_pose,False,False,False,0,0,
Twitch streamer starts to fall asleep while driving....mp4,True,2.767,0.4066,0.345,0.0714,0.0045,0.0045,True,gaze_stable,gaze_plus_head_pose,-4.75,16.47,19.4,-2.394,-4.102,-3.659,False,0.0,False,False,not_tired,False,not_asleep,False,0.0,False,False,False,0.0,forward,gaze_or_head_pose,False,False,False,0,0,
Twitch streamer starts to fall asleep while driving....mp4,True,2.8,0.427,0.4988,0.0706,0.005,0.005,True,gaze_stable,gaze_plus_head_pose,-5.32,14.89,18.94,-3.137,-5.145,-4.424,False,0.0,False,False,not_tired,False,not_asleep,False,0.0,False,False,False,0.0,forward,gaze_or_head_pose,False,False,False,0,0,
Twitch streamer starts to fall asleep while driving....mp4,True,2.833,0.4495,0.4213,0.0698,0.0044,0.0044,True,gaze_stable,gaze_plus_head_pose,-6.81,13.09,16.5,-4.104,-6.416,-5.692,False,0.0,False,False,not_tired,False,not_asleep,False,0.0,False,False,False,0.0,forward,gaze_or_head_pose,False,False,False,0,0,
Twitch streamer starts to fall asleep while driving....mp4,True,2.867,0.4368,0.4444,0.069,0.0046,0.0046,True,gaze_stable,gaze_plus_head_pose,-7.81,12.83,15.32,-5.081,-7.383,-6.933,False,0.0,False,False,not_tired,False,not_asleep,False,0.0,False,False,False,0.0,forward,gaze_or_head_pose,False,False,False,0,0,
Twitch streamer starts to fall asleep while driving....mp4,True,2.9,0.4372,0.4006,0.0682,0.0044,0.0044,True,gaze_stable,gaze_plus_head_pose,-7.5,13.1,15.91,-5.671,-7.979,-7.625,False,0.0,False,False,not_tired,False,not_asleep,False,0.0,False,False,False,0.0,forward,gaze_or_head_pose,False,False,False,0,0,
Twitch streamer starts to fall asleep while driving....mp4,True,2.933,0.4828,0.5588,0.0674,0.0049,0.0049,True,gaze_stable,gaze_plus_head_pose,-9.05,11.13,13.61,-6.55,-8.987,-8.8,False,0.0,False,False,not_tired,False,not_asleep,False,0.0,False,False,False,0.0,forward,gaze_or_head_pose,False,False,False,0,0,
Twitch streamer starts to fall asleep while driving....mp4,True,2.967,0.4916,0.4055,0.0667,0.0039,0.0039,True,gaze_stable,gaze_plus_head_pose,-9.72,10.8,12.99,-7.366,-9.792,-9.808,False,0.0,False,False,not_tired,False,not_asleep,False,0.0,False,False,False,0.0,forward,gaze_or_head_pose,False,False,False,0,0,
Twitch streamer starts to fall asleep while driving....mp4,True,3.0,0.4875,0.4802,0.0659,0.0045,0.0045,True,gaze_stable,gaze_plus_head_pose,-10.2,11.1,10.72,-8.081,-10.265,-11.194,False,0.0,False,False,not_tired,False,not_asleep,False,0.0,False,False,False,0.0,forward,gaze_or_head_pose,False,False,False,0,0,
Twitch streamer starts to fall asleep while driving....mp4,True,3.033,0.5198,0.3755,0.0652,0.0041,0.0041,True,gaze_stable,gaze_plus_head_pose,-10.51,9.8,10.64,-8.675,-10.987,-12.189,False,0.0,False,False,not_tired,False,not_asleep,False,0.0,False,False,False,0.0,forward,gaze_or_head_pose,False,False,False,0,0,
Twitch streamer starts to fall asleep while driving....mp4,True,3.067,0.5111,0.392,0.0645,0.0043,0.0043,True,gaze_stable,gaze_plus_head_pose,-10.49,10.46,8.53,-9.084,-11.294,-13.518,False,0.0,False,False,not_tired,False,not_asleep,False,0.0,False,False,False,0.0,forward,gaze_or_head_pose,False,False,False,0,0,
Twitch streamer starts to fall asleep while driving....mp4,True,3.1,0.5057,0.4581,0.0638,0.005,0.005,True,gaze_stable,gaze_plus_head_pose,-10.95,9.63,6.72,-9.509,-11.758,-14.992,False,0.0,False,False,not_tired,False,not_asleep,False,0.0,False,False,False,0.0,forward,gaze_or_head_pose,False,False,False,0,0,
Twitch streamer starts to fall asleep while driving....mp4,True,3.133,0.4834,0.4826,0.0632,0.0049,0.0049,True,gaze_stable,gaze_plus_head_pose,-11.42,9.77,5.36,-9.947,-12.04,-16.431,False,0.0,False,False,not_tired,False,not_asleep,False,0.0,False,False,False,0.0,forward,gaze_or_head_pose,False,False,False,0,0,
Twitch streamer starts to fall asleep while driving....mp4,True,3.167,0.4922,0.5127,0.0625,0.0048,0.0048,True,gaze_stable,gaze_plus_head_pose,-11.47,10.29,5.46,-10.269,-12.082,-17.409,False,0.0,False,False,not_tired,False,not_asleep,False,0.0,False,False,False,0.0,forward,gaze_or_head_pose,False,False,False,0,0,
Twitch streamer starts to fall asleep while driving....mp4,True,3.2,0.5222,0.5057,0.0619,0.0052,0.0052,True,gaze_stable,gaze_plus_head_pose,-11.96,9.37,4.17,-10.641,-12.388,-18.48,False,0.0,False,False,not_tired,False,not_asleep,False,0.0,False,False,False,0.0,forward,gaze_or_head_pose,False,False,False,0,0,
Twitch streamer starts to fall asleep while driving....mp4,True,3.233,0.4868,0.5472,0.0612,0.0052,0.0052,True,gaze_stable,gaze_plus_head_pose,-12.26,10.45,1.33,-11.81,-12.02,-23.82,False,0.0,False,False,not_tired,False,not_asleep,False,0.0,True,False,False,0.0,head_away,gaze_or_head_pose,False,False,False,0,0,
Twitch streamer starts to fall asleep while driving....mp4,True,3.267,0.4922,0.6141,0.0606,0.0046,0.0046,True,gaze_stable,gaze_plus_head_pose,-13.08,10.58,0.39,-12.63,-11.89,-24.76,False,0.0,False,False,not_tired,False,not_asleep,False,0.0,True,False,False,0.033,head_away,gaze_or_head_pose,False,False,False,0,0,
Twitch streamer starts to fall asleep while driving....mp4,True,3.3,0.4781,0.5911,0.06,0.0056,0.0056,True,gaze_stable,gaze_plus_head_pose,-13.63,8.96,-1.69,-13.18,-13.51,-26.84,False,0.0,False,False,not_tired,False,not_asleep,False,0.0,True,False,False,0.067,head_away,gaze_or_head_pose,False,False,False,0,0,
Twitch streamer starts to fall asleep while driving....mp4,True,3.333,0.4651,0.5994,0.0594,0.0052,0.0052,True,gaze_stable,gaze_plus_head_pose,-14.85,9.97,-0.84,-14.4,-12.5,-25.99,False,0.0,False,False,not_tired,False,not_asleep,False,0.0,True,False,False,0.1,head_away,gaze_or_head_pose,False,False,False,0,0,
Twitch streamer starts to fall asleep while driving....mp4,True,3.367,0.4608,0.5783,0.0588,0.006,0.006,True,gaze_stable,gaze_plus_head_pose,-15.15,8.66,-2.52,-14.7,-13.81,-27.67,False,0.0,False,False,not_tired,False,not_asleep,False,0.0,True,False,False,0.133,head_away,gaze_or_head_pose,False,False,False,0,0,
Twitch streamer starts to fall asleep while driving....mp4,True,3.4,0.4112,0.5505,0.0583,0.0051,0.0051,True,gaze_stable,gaze_plus_head_pose,-16.48,9.45,-2.89,-16.03,-13.02,-28.04,False,0.0,False,False,not_tired,False,not_asleep,False,0.0,True,False,False,0.167,head_away,gaze_or_head_pose,False,False,False,0,0,
Twitch streamer starts to fall asleep while driving....mp4,True,3.433,0.4335,0.6134,0.0577,0.0064,0.0064,True,gaze_stable,gaze_plus_head_pose,-16.6,8.85,-3.32,-16.15,-13.62,-28.47,False,0.0,False,False,not_tired,False,not_asleep,False,0.0,True,False,False,0.2,head_away,gaze_or_head_pose,False,False,False,0,0,
Twitch streamer starts to fall asleep while driving....mp4,True,3.467,0.4352,0.6004,0.0571,0.0062,0.0062,True,gaze_stable,gaze_plus_head_pose,-17.54,8.7,-2.58,-17.09,-13.77,-27.73,False,0.0,False,False,not_tired,False,not_asleep,False,0.0,True,False,False,0.233,head_away,gaze_or_head_pose,False,False,False,0,0,
Twitch streamer starts to fall asleep while driving....mp4,True,3.5,0.4452,0.7048,0.0566,0.0064,0.0064,True,gaze_stable,gaze_plus_head_pose,-16.8,8.05,-3.05,-16.35,-14.42,-28.2,False,0.0,False,False,not_tired,False,not_asleep,False,0.0,True,False,False,0.267,head_away,gaze_or_head_pose,False,False,False,0,0,
Twitch streamer starts to fall asleep while driving....mp4,True,3.533,0.4305,0.6088,0.0561,0.0055,0.0055,True,gaze_stable,gaze_plus_head_pose,-18.19,9.73,-3.54,-17.74,-12.74,-28.69,False,0.0,False,False,not_tired,False,not_asleep,False,0.0,True,False,False,0.3,head_away,gaze_or_head_pose,False,False,False,0,0,
Twitch streamer starts to fall asleep while driving....mp4,True,3.567,0.3715,0.5728,0.0556,0.0066,0.0066,True,gaze_stable,gaze_plus_head_pose,-17.2,8.87,-1.99,-16.75,-13.6,-27.14,False,0.0,False,False,not_tired,False,not_asleep,False,0.0,True,False,False,0.333,head_away,gaze_or_head_pose,False,False,False,0,0,
Twitch streamer starts to fall asleep while driving....mp4,True,3.6,0.4198,0.6928,0.055,0.0061,0.0061,True,gaze_stable,gaze_plus_head_pose,-17.47,8.91,-3.79,-17.02,-13.56,-28.94,False,0.0,False,False,not_tired,False,not_asleep,False,0.0,True,False,False,0.367,head_away,gaze_or_head_pose,False,False,False,0,0,
Twitch streamer starts to fall asleep while driving....mp4,True,3.633,0.4256,0.6057,0.0545,0.0065,0.0065,True,gaze_stable,gaze_plus_head_pose,-17.24,9.39,-4.13,-16.79,-13.08,-29.28,False,0.0,False,False,not_tired,False,not_asleep,False,0.0,True,False,False,0.4,head_away,gaze_or_head_pose,False,False,False,0,0,
Twitch streamer starts to fall asleep while driving....mp4,True,3.667,0.4389,0.6484,0.0541,0.0062,0.0062,True,gaze_stable,gaze_plus_head_pose,-17.69,9.5,-4.53,-17.24,-12.97,-29.68,False,0.0,False,False,not_tired,False,not_asleep,False,0.0,True,False,False,0.433,head_away,gaze_or_head_pose,False,False,False,0,0,
Twitch streamer starts to fall asleep while driving....mp4,True,3.7,0.4402,0.7067,0.0536,0.0064,0.0064,True,gaze_stable,gaze_plus_head_pose,-17.09,9.47,-4.27,-16.64,-13.0,-29.42,False,0.0,False,False,not_tired,False,not_asleep,False,0.0,True,False,False,0.467,head_away,gaze_or_head_pose,False,False,False,0,0,
Twitch streamer starts to fall asleep while driving....mp4,True,3.733,0.4414,0.6983,0.0531,0.0063,0.0063,True,gaze_stable,gaze_plus_head_pose,-17.68,10.33,-4.65,-17.23,-12.14,-29.8,False,0.0,False,False,not_tired,False,not_asleep,False,0.0,True,False,False,0.5,head_away,gaze_or_head_pose,False,False,False,0,0,
Twitch streamer starts to fall asleep while driving....mp4,True,3.767,0.4318,0.6347,0.0526,0.0064,0.0064,True,gaze_stable,gaze_plus_head_pose,-17.37,10.79,-3.98,-16.92,-11.68,-29.13,False,0.0,False,False,not_tired,False,not_asleep,False,0.0,True,False,False,0.533,head_away,gaze_or_head_pose,False,False,False,0,0,
Twitch streamer starts to fall asleep while driving....mp4,True,3.8,0.4198,0.819,0.0522,0.0062,0.0062,True,gaze_stable,gaze_plus_head_pose,-17.92,11.99,-5.62,-17.47,-10.48,-30.77,False,0.0,False,False,not_tired,False,not_asleep,False,0.0,True,False,False,0.567,head_away,gaze_or_head_pose,False,False,False,0,0,
Twitch streamer starts to fall asleep while driving....mp4,True,3.833,0.4147,0.6014,0.0517,0.0061,0.0061,True,gaze_stable,gaze_plus_head_pose,-18.45,11.62,-5.64,-18.0,-10.85,-30.79,False,0.0,False,False,not_tired,False,not_asleep,False,0.0,True,False,False,0.6,head_away,gaze_or_head_pose,False,False,False,0,0,
Twitch streamer starts to fall asleep while driving....mp4,True,3.867,0.4246,0.8624,0.0513,0.0063,0.0063,True,gaze_stable,gaze_plus_head_pose,-19.34,12.02,-5.4,-18.89,-10.45,-30.55,False,0.0,False,False,not_tired,False,not_asleep,False,0.0,True,False,False,0.633,head_away,gaze_or_head_pose,False,False,False,0,0,
Twitch streamer starts to fall asleep while driving....mp4,True,3.9,0.4004,0.6937,0.0508,0.0057,0.0057,True,gaze_stable,gaze_plus_head_pose,-19.92,12.74,-6.74,-19.47,-9.73,-31.89,False,0.0,False,False,not_tired,False,not_asleep,False,0.0,True,False,False,0.667,head_away,gaze_or_head_pose,False,False,False,0,0,
Twitch streamer starts to fall asleep while driving....mp4,True,3.933,0.407,0.8337,0.0504,0.0062,0.0062,True,gaze_stable,gaze_plus_head_pose,-20.88,12.96,-7.36,-20.43,-9.51,-32.51,False,0.0,False,False,not_tired,False,not_asleep,False,0.0,True,False,False,0.7,head_away,gaze_or_head_pose,False,False,False,0,0,
Twitch streamer starts to fall asleep while driving....mp4,True,3.967,0.4188,0.9078,0.05,0.0062,0.0062,True,gaze_stable,gaze_plus_head_pose,-21.28,12.78,-7.57,-20.83,-9.69,-32.72,False,0.0,False,False,not_tired,False,not_asleep,False,0.0,True,False,False,0.733,head_away,gaze_or_head_pose,False,False,False,0,0,
Twitch streamer starts to fall asleep while driving....mp4,True,4.0,0.4142,0.8306,0.0496,0.0068,0.0068,True,gaze_stable,gaze_plus_head_pose,-22.52,14.59,-9.78,-22.07,-7.88,-34.93,False,0.0,False,False,not_tired,False,not_asleep,False,0.0,True,False,False,0.767,head_away,gaze_or_head_pose,False,False,False,0,0,
Twitch streamer starts to fall asleep while driving....mp4,True,4.033,0.4065,0.9334,0.0492,0.0071,0.0071,True,gaze_stable,gaze_plus_head_pose,-23.81,14.87,-10.2,-23.36,-7.6,-35.35,False,0.0,False,False,not_tired,False,not_asleep,False,0.0,True,False,False,0.8,head_away,gaze_or_head_pose,False,False,False,0,0,
Twitch streamer starts to fall asleep while driving....mp4,True,4.067,0.3748,0.9016,0.0488,0.0076,0.0076,True,gaze_stable,gaze_plus_head_pose,-24.28,14.88,-10.76,-23.83,-7.59,-35.91,False,0.0,False,False,not_tired,False,not_asleep,False,0.0,True,False,False,0.833,head_away,gaze_or_head_pose,False,False,False,0,0,
Twitch streamer starts to fall asleep while driving....mp4,True,4.1,0.3899,0.9514,0.0484,0.0074,0.0074,True,gaze_stable,gaze_plus_head_pose,-24.87,14.43,-11.05,-24.42,-8.04,-36.2,False,0.0,False,False,not_tired,False,not_asleep,False,0.0,True,False,False,0.867,head_away,gaze_or_head_pose,False,False,False,0,0,
Twitch streamer starts to fall asleep while driving....mp4,True,4.133,0.3918,0.8782,0.048,0.0077,0.0077,True,gaze_stable,gaze_plus_head_pose,-24.92,14.67,-11.22,-24.47,-7.8,-36.37,False,0.0,False,False,not_tired,False,not_asleep,False,0.0,True,False,False,0.9,head_away,gaze_or_head_pose,False,False,False,0,0,
Twitch streamer starts to fall asleep while driving....mp4,True,4.167,0.3586,0.9398,0.0476,0.0074,0.0074,True,gaze_stable,gaze_plus_head_pose,-25.07,14.04,-11.71,-24.62,-8.43,-36.86,False,0.0,False,False,not_tired,False,not_asleep,False,0.0,True,False,False,0.933,head_away,gaze_or_head_pose,False,False,False,0,0,
Twitch streamer starts to fall asleep while driving....mp4,True,4.2,0.3812,0.9428,0.0472,0.0074,0.0074,True,gaze_stable,gaze_plus_head_pose,-25.61,15.05,-11.59,-25.16,-7.42,-36.74,False,0.0,False,False,not_tired,False,not_asleep,False,0.0,True,False,False,0.967,head_away,gaze_or_head_pose,False,False,False,0,0,
Twitch streamer starts to fall asleep while driving....mp4,True,4.233,0.3728,0.9566,0.0469,0.007,0.007,True,gaze_stable,gaze_plus_head_pose,-25.32,14.89,-11.9,-24.87,-7.58,-37.05,False,0.0,False,False,not_tired,False,not_asleep,False,0.0,True,False,False,1.0,head_away,gaze_or_head_pose,False,False,False,0,0,
Twitch streamer starts to fall asleep while driving....mp4,True,4.267,0.3478,0.9833,0.0465,0.0079,0.0079,True,gaze_stable,gaze_plus_head_pose,-24.41,14.53,-11.09,-23.96,-7.94,-36.24,False,0.0,False,False,not_tired,False,not_asleep,False,0.0,True,False,False,1.033,head_away,gaze_or_head_pose,False,False,False,0,0,
Twitch streamer starts to fall asleep while driving....mp4,True,4.3,0.3778,0.9862,0.0462,0.0075,0.0075,True,gaze_stable,gaze_plus_head_pose,-24.41,15.47,-11.59,-23.96,-7.0,-36.74,False,0.0,False,False,not_tired,False,not_asleep,False,0.0,True,False,False,1.067,head_away,gaze_or_head_pose,False,False,False,0,0,
Twitch streamer starts to fall asleep while driving....mp4,True,4.333,0.3752,1.0031,0.0458,0.0065,0.0065,True,gaze_stable,gaze_plus_head_pose,-23.88,15.58,-10.62,-23.43,-6.89,-35.77,False,0.0,False,False,not_tired,False,not_asleep,False,0.0,True,False,False,1.1,head_away,gaze_or_head_pose,False,False,False,0,0,
Twitch streamer starts to fall asleep while driving....mp4,True,4.367,0.3702,0.9575,0.0455,0.0076,0.0076,True,gaze_stable,gaze_plus_head_pose,-23.21,14.95,-10.64,-22.76,-7.52,-35.79,False,0.0,False,False,not_tired,False,not_asleep,False,0.0,True,False,False,1.133,head_away,gaze_or_head_pose,False,False,False,0,0,
Twitch streamer starts to fall asleep while driving....mp4,True,4.4,0.3915,1.0098,0.0451,0.0066,0.0066,True,gaze_stable,gaze_plus_head_pose,-23.1,15.74,-9.03,-22.65,-6.73,-34.18,False,0.0,False,False,not_tired,False,not_asleep,False,0.0,True,False,False,1.167,head_away,gaze_or_head_pose,False,False,False,0,0,
Twitch streamer starts to fall asleep while driving....mp4,True,4.433,0.3812,1.0527,0.0448,0.0064,0.0064,True,gaze_stable,gaze_plus_head_pose,-22.12,15.78,-7.15,-21.67,-6.69,-32.3,False,0.0,False,False,not_tired,False,not_asleep,False,0.0,True,False,False,1.2,head_away,gaze_or_head_pose,False,False,False,0,0,
Twitch streamer starts to fall asleep while driving....mp4,True,4.467,0.3836,1.0336,0.0444,0.0072,0.0072,True,gaze_stable,gaze_plus_head_pose,-21.39,15.88,-5.02,-20.94,-6.59,-30.17,False,0.0,False,False,not_tired,False,not_asleep,False,0.0,True,False,False,1.233,head_away,gaze_or_head_pose,False,True,False,1,0,yawning
Twitch streamer starts to fall asleep while driving....mp4,True,4.5,0.38,1.0707,0.0441,0.007,0.007,True,gaze_stable,gaze_plus_head_pose,-19.13,16.05,-2.19,-18.68,-6.42,-27.34,False,0.0,False,False,not_tired,False,not_asleep,False,0.0,True,False,False,1.267,head_away,gaze_or_head_pose,False,True,False,1,0,
Twitch streamer starts to fall asleep while driving....mp4,True,4.533,0.387,1.1671,0.0438,0.0074,0.0074,True,gaze_stable,gaze_plus_head_pose,-16.31,17.4,2.98,-15.86,-5.07,-22.17,False,0.0,False,False,not_tired,False,not_asleep,False,0.0,True,False,False,1.3,head_away,gaze_or_head_pose,False,True,False,1,0,
Twitch streamer starts to fall asleep while driving....mp4,True,4.567,0.4122,1.1713,0.0435,0.0077,0.0077,True,gaze_stable,gaze_plus_head_pose,-13.67,19.36,8.72,-15.068,-4.482,-20.448,False,0.0,False,False,not_tired,False,not_asleep,False,0.0,True,False,False,1.333,forward,gaze_or_head_pose,False,True,False,1,0,
Twitch streamer starts to fall asleep while driving....mp4,True,4.6,0.2961,1.4417,0.0432,0.01,0.01,True,gaze_stable,gaze_plus_head_pose,-11.68,17.41,16.34,-13.917,-4.655,-16.957,False,0.0,False,False,not_tired,False,not_asleep,False,0.0,True,False,False,1.367,forward,gaze_or_head_pose,False,True,False,1,0,
Twitch streamer starts to fall asleep while driving....mp4,True,4.633,0.2921,1.5401,0.0429,0.0092,0.0092,True,gaze_stable,gaze_plus_head_pose,-9.7,17.23,17.92,-12.517,-4.831,-14.039,False,0.0,False,False,not_tired,False,not_asleep,False,0.0,True,False,False,1.4,forward,gaze_or_head_pose,False,True,False,1,0,
Twitch streamer starts to fall asleep while driving....mp4,True,4.667,0.4517,1.6777,0.0426,0.0061,0.0061,True,gaze_stable,gaze_plus_head_pose,-6.84,17.87,24.98,-10.679,-4.762,-9.878,False,0.0,False,False,not_tired,False,not_asleep,False,0.0,True,False,False,1.433,forward,gaze_or_head_pose,False,True,False,1,0,
Twitch streamer starts to fall asleep while driving....mp4,True,4.7,0.4461,1.9389,0.0423,0.0072,0.0072,True,gaze_stable,gaze_plus_head_pose,-3.46,19.84,27.62,-8.378,-4.122,-6.174,False,0.0,False,False,not_tired,False,not_asleep,False,0.0,True,False,False,1.467,forward,gaze_or_head_pose,False,True,False,1,0,
Twitch streamer starts to fall asleep while driving....mp4,True,4.733,0.5277,1.9145,0.042,0.0078,0.0078,True,gaze_stable,gaze_plus_head_pose,-1.26,20.14,29.33,-6.108,-3.584,-3.068,False,0.0,False,False,not_tired,False,not_asleep,False,0.0,True,False,False,1.5,forward,gaze_or_head_pose,False,True,False,1,0,
Twitch streamer starts to fall asleep while driving....mp4,True,4.767,0.5195,1.8067,0.0417,0.0079,0.0079,True,gaze_stable,gaze_plus_head_pose,0.84,19.53,30.51,-3.888,-3.391,-0.539,False,0.0,False,False,not_tired,False,not_asleep,False,0.0,True,False,False,1.533,forward,gaze_or_head_pose,False,True,False,1,0,
Twitch streamer starts to fall asleep while driving....mp4,True,4.8,0.605,1.7162,0.0414,0.0053,0.0053,True,gaze_stable,gaze_plus_head_pose,0.49,22.53,32.61,-2.44,-2.356,1.861,False,0.0,False,False,not_tired,False,not_asleep,False,0.0,True,False,False,1.567,forward,gaze_or_head_pose,False,True,False,1,0,
Twitch streamer starts to fall asleep while driving....mp4,True,4.833,0.5132,1.803,0.0411,0.0034,0.0034,True,gaze_stable,gaze_plus_head_pose,1.32,23.25,29.41,-1.177,-1.415,2.58,False,0.0,False,False,not_tired,False,not_asleep,False,0.0,True,False,False,1.6,forward,gaze_or_head_pose,False,True,False,1,0,
Twitch streamer starts to fall asleep while driving....mp4,True,4.867,0.5042,1.8014,0.0408,0.0042,0.0042,True,gaze_stable,gaze_plus_head_pose,1.14,22.23,28.43,-0.347,-1.063,2.79,False,0.0,False,False,not_tired,False,not_asleep,False,0.0,True,False,False,1.633,forward,gaze_or_head_pose,False,True,False,1,0,
Twitch streamer starts to fall asleep while driving....mp4,True,4.9,0.5289,1.7786,0.0405,0.0039,0.0039,True,gaze_stable,gaze_plus_head_pose,0.03,21.32,29.4,-0.099,-1.089,3.228,False,0.0,False,False,not_tired,False,not_asleep,False,0.0,False,False,False,0.0,forward,gaze_or_head_pose,False,True,False,1,0,
Twitch streamer starts to fall asleep while driving....mp4,True,4.933,0.5234,1.5661,0.0403,0.0058,0.0058,True,gaze_stable,gaze_plus_head_pose,1.84,20.79,28.96,0.618,-1.266,3.403,False,0.0,False,False,not_tired,False,not_asleep,False,0.0,False,False,False,0.0,forward,gaze_or_head_pose,False,True,False,1,0,
Twitch streamer starts to fall asleep while driving....mp4,True,4.967,0.5131,1.5973,0.04,0.0053,0.0053,True,gaze_stable,gaze_plus_head_pose,-0.66,21.08,29.39,0.37,-1.303,3.654,False,0.0,False,False,not_tired,False,not_asleep,False,0.0,False,False,False,0.0,forward,gaze_or_head_pose,False,True,False,1,0,
Twitch streamer starts to fall asleep while driving....mp4,True,5.0,0.552,1.6601,0.0397,0.0066,0.0066,True,gaze_stable,gaze_plus_head_pose,0.31,19.04,27.88,0.487,-1.941,3.377,False,0.0,False,False,not_tired,False,not_asleep,False,0.0,False,False,False,0.0,forward,gaze_or_head_pose,False,True,False,1,0,
Twitch streamer starts to fall asleep while driving....mp4,True,5.033,0.4234,1.7631,0.0395,0.0035,0.0035,True,gaze_stable,gaze_plus_head_pose,0.04,22.28,27.41,0.488,-1.416,3.042,False,0.0,False,False,not_tired,False,not_asleep,False,0.0,False,False,False,0.0,forward,gaze_or_head_pose,False,True,False,1,0,
Twitch streamer starts to fall asleep while driving....mp4,True,5.067,0.3268,1.8249,0.0392,0.0038,0.0038,True,gaze_stable,gaze_plus_head_pose,-0.49,23.29,23.84,0.329,-0.745,1.736,False,0.0,False,False,not_tired,False,not_asleep,False,0.0,False,False,False,0.0,forward,gaze_or_head_pose,False,True,False,1,0,
Twitch streamer starts to fall asleep while driving....mp4,True,5.1,0.4088,2.0524,0.039,0.004,0.004,True,gaze_stable,gaze_plus_head_pose,0.31,22.63,23.46,0.459,-0.474,0.708,False,0.0,False,False,not_tired,False,not_asleep,False,0.0,False,False,False,0.0,forward,gaze_or_head_pose,False,True,False,1,0,
Twitch streamer starts to fall asleep while driving....mp4,True,5.133,0.4102,1.9181,0.0387,0.0024,0.0024,True,gaze_stable,gaze_plus_head_pose,-0.7,23.94,21.69,0.246,0.109,-0.542,False,0.0,False,False,not_tired,False,not_asleep,False,0.0,False,False,False,0.0,forward,gaze_or_head_pose,False,True,False,1,0,
Twitch streamer starts to fall asleep while driving....mp4,True,5.167,0.4473,1.7967,0.0385,0.004,0.004,True,gaze_stable,gaze_plus_head_pose,0.2,22.38,20.8,0.367,0.05,-1.685,False,0.0,False,False,not_tired,False,not_asleep,False,0.0,False,False,False,0.0,forward,gaze_or_head_pose,False,True,False,1,0,
Twitch streamer starts to fall asleep while driving....mp4,True,5.2,0.4575,1.6454,0.0382,0.0034,0.0034,True,gaze_stable,gaze_plus_head_pose,-0.77,24.19,20.74,0.161,0.551,-2.502,False,0.0,False,False,not_tired,False,not_asleep,False,0.0,False,False,False,0.0,forward,gaze_or_head_pose,False,True,False,1,0,
Twitch streamer starts to fall asleep while driving....mp4,True,5.233,0.4439,1.7326,0.038,0.0033,0.0033,True,gaze_stable,gaze_plus_head_pose,-0.1,22.52,19.16,0.218,0.401,-3.549,False,0.0,False,False,not_tired,False,not_asleep,False,0.0,False,False,False,0.0,forward,gaze_or_head_pose,False,True,False,1,0,
Twitch streamer starts to fall asleep while driving....mp4,True,5.267,0.4444,1.8307,0.0377,0.0058,0.0058,True,gaze_stable,gaze_plus_head_pose,-0.62,23.78,19.26,0.101,0.673,-4.251,False,0.0,False,False,not_tired,False,not_asleep,False,0.0,False,False,False,0.0,forward,gaze_or_head_pose,False,True,False,1,0,
Twitch streamer starts to fall asleep while driving....mp4,True,5.3,0.4269,1.8273,0.0375,0.0041,0.0041,True,gaze_stable,gaze_plus_head_pose,-0.35,21.14,19.51,0.101,0.072,-4.668,False,0.0,False,False,not_tired,False,not_asleep,False,0.0,False,False,False,0.0,forward,gaze_or_head_pose,False,True,False,1,0,
Twitch streamer starts to fall asleep while driving....mp4,True,5.333,0.4473,1.636,0.0373,0.0039,0.0039,True,gaze_stable,gaze_plus_head_pose,-1.5,21.91,18.99,-0.244,-0.117,-5.115,False,0.0,False,False,not_tired,False,not_asleep,False,0.0,False,False,False,0.0,forward,gaze_or_head_pose,False,True,False,1,0,
Twitch streamer starts to fall asleep while driving....mp4,True,5.367,0.4479,1.8118,0.037,0.0039,0.0039,True,gaze_stable,gaze_plus_head_pose,-1.92,18.34,19.28,-0.612,-1.321,-5.342,False,0.0,False,False,not_tired,False,not_asleep,False,0.0,False,False,False,0.0,forward,gaze_or_head_pose,False,True,False,1,0,
Twitch streamer starts to fall asleep while driving....mp4,True,5.4,0.4199,1.7142,0.0368,0.0034,0.0034,True,gaze_stable,gaze_plus_head_pose,-1.67,17.92,19.87,-0.794,-2.29,-5.323,False,0.0,False,False,not_tired,False,not_asleep,False,0.0,False,False,False,0.0,forward,gaze_or_head_pose,False,True,False,1,0,
Twitch streamer starts to fall asleep while driving....mp4,True,5.433,0.449,1.8501,0.0366,0.0034,0.0034,True,gaze_stable,gaze_plus_head_pose,-0.87,19.54,20.42,-0.682,-2.482,-5.145,False,0.0,False,False,not_tired,False,not_asleep,False,0.0,False,False,False,0.0,forward,gaze_or_head_pose,False,True,False,1,0,
Twitch streamer starts to fall asleep while driving....mp4,True,5.467,0.4098,1.5051,0.0364,0.0036,0.0036,True,gaze_stable,gaze_plus_head_pose,-0.58,20.49,19.37,-0.516,-2.331,-5.336,False,0.0,False,False,not_tired,False,not_asleep,False,0.0,False,False,False,0.0,forward,gaze_or_head_pose,False,True,False,1,0,
Twitch streamer starts to fall asleep while driving....mp4,True,5.5,0.4168,1.7267,0.0361,0.0038,0.0038,True,gaze_stable,gaze_plus_head_pose,0.62,20.03,20.17,-0.041,-2.364,-5.229,False,0.0,False,False,not_tired,False,not_asleep,False,0.0,False,False,False,0.0,forward,gaze_or_head_pose,False,True,False,1,0,
Twitch streamer starts to fall asleep while driving....mp4,True,5.533,0.4329,0.7735,0.0359,0.0036,0.0036,True,gaze_stable,gaze_plus_head_pose,1.86,23.48,19.56,0.665,-1.352,-5.337,False,0.0,False,False,not_tired,False,not_asleep,False,0.0,False,False,False,0.0,forward,gaze_or_head_pose,False,True,False,1,0,
Twitch streamer starts to fall asleep while driving....mp4,True,5.567,0.4221,1.6225,0.0357,0.0034,0.0034,True,gaze_stable,gaze_plus_head_pose,1.4,21.08,21.41,1.02,-1.363,-4.858,False,0.0,False,False,not_tired,False,not_asleep,False,0.0,False,False,False,0.0,forward,gaze_or_head_pose,False,True,False,1,0,
Twitch streamer starts to fall asleep while driving....mp4,True,5.6,0.4434,0.7355,0.0355,0.0032,0.0032,True,gaze_stable,gaze_plus_head_pose,2.47,22.49,19.98,1.59,-0.948,-4.952,False,0.0,False,False,not_tired,False,not_asleep,False,0.0,False,False,False,0.0,forward,gaze_or_head_pose,False,True,False,1,0,
Twitch streamer starts to fall asleep while driving....mp4,True,5.633,0.4219,1.5121,0.0353,0.0035,0.0035,True,gaze_stable,gaze_plus_head_pose,2.5,23.25,21.03,1.998,-0.43,-4.702,False,0.0,False,False,not_tired,False,not_asleep,False,0.0,False,False,False,0.0,forward,gaze_or_head_pose,False,True,False,1,0,
Twitch streamer starts to fall asleep while driving....mp4,True,5.667,0.351,0.7299,0.0351,0.0029,0.0029,True,gaze_stable,gaze_plus_head_pose,2.82,23.58,21.58,2.38,0.032,-4.363,False,0.0,False,False,not_tired,False,not_asleep,False,0.0,False,False,False,0.0,forward,gaze_or_head_pose,False,True,False,1,0,
Twitch streamer starts to fall asleep while driving....mp4,True,5.7,0.2174,1.0191,0.0407,0.0037,0.0037,True,gaze_stable,gaze_plus_head_pose,2.92,28.06,22.04,2.677,1.7,-3.987,True,0.0,False,False,not_tired,False,not_asleep,False,0.0,False,False,False,0.0,forward,gaze_or_head_pose,False,True,False,1,0,
Twitch streamer starts to fall asleep while driving....mp4,True,5.733,0.1669,0.7833,0.0462,0.0023,0.0,False,eyes_too_closed,head_pose_only,2.66,28.7,19.7,2.807,3.059,-4.426,True,0.033,False,False,not_tired,False,not_asleep,False,0.0,False,False,False,0.0,forward,head_pose_only,False,True,False,1,0,
Twitch streamer starts to fall asleep while driving....mp4,True,5.767,0.1471,0.3986,0.0517,0.0029,0.0,False,eyes_too_closed,head_pose_only,3.48,30.28,19.34,3.144,4.484,-4.841,True,0.067,False,False,not_tired,False,not_asleep,False,0.0,False,False,False,0.0,forward,head_pose_only,False,False,False,1,0,
Twitch streamer starts to fall asleep while driving....mp4,True,5.8,0.1978,0.345,0.0571,0.0023,0.0,False,gaze_stable,head_pose_only,2.92,30.5,18.9,3.212,5.548,-5.264,True,0.1,False,False,not_tired,False,not_asleep,False,0.0,False,False,False,0.0,forward,head_pose_only,False,False,False,1,0,
Twitch streamer starts to fall asleep while driving....mp4,True,5.833,0.2154,0.334,0.0625,0.0031,0.0,False,gaze_stable,head_pose_only,2.38,27.21,19.45,3.097,5.305,-5.395,True,0.133,False,False,not_tired,False,not_asleep,False,0.0,False,False,False,0.0,forward,head_pose_only,False,False,False,1,0,
Twitch streamer starts to fall asleep while driving....mp4,True,5.867,0.2108,0.8158,0.0678,0.0027,0.0,False,gaze_stable,head_pose_only,2.4,29.5,19.78,3.023,5.823,-5.387,True,0.167,False,False,not_tired,False,not_asleep,False,0.0,False,False,False,0.0,forward,head_pose_only,False,False,False,1,0,
Twitch streamer starts to fall asleep while driving....mp4,True,5.9,0.2053,0.5337,0.073,0.0017,0.0,False,gaze_stable,head_pose_only,2.76,26.96,20.11,3.079,5.423,-5.283,True,0.2,False,False,not_tired,False,not_asleep,False,0.0,False,False,False,0.0,forward,head_pose_only,False,False,False,1,0,
Twitch streamer starts to fall asleep while driving....mp4,True,5.933,0.2605,0.9364,0.0726,0.0019,0.0,False,gaze_stable,head_pose_only,2.52,28.06,20.17,3.046,5.473,-5.192,True,0.233,False,False,not_tired,False,not_asleep,False,0.0,False,False,False,0.0,forward,head_pose_only,False,False,False,1,0,
Twitch streamer starts to fall asleep while driving....mp4,True,5.967,0.2148,0.9248,0.0778,0.0023,0.0,False,gaze_stable,head_pose_only,2.26,27.85,19.66,2.945,5.445,-5.281,True,0.267,False,False,not_tired,False,not_asleep,False,0.0,False,False,False,0.0,forward,head_pose_only,False,False,False,1,0,
Twitch streamer starts to fall asleep while driving....mp4,True,6.0,0.2166,1.0432,0.0829,0.0029,0.0,False,gaze_stable,head_pose_only,2.6,26.76,19.72,2.977,5.099,-5.326,True,0.3,False,False,not_tired,False,not_asleep,False,0.0,False,False,False,0.0,forward,head_pose_only,False,False,False,1,0,
Twitch streamer starts to fall asleep while driving....mp4,True,6.033,0.2709,1.0766,0.0824,0.0029,0.0029,True,gaze_stable,gaze_plus_head_pose,3.28,27.78,19.01,3.203,5.162,-5.57,True,0.333,False,False,not_tired,False,not_asleep,False,0.0,False,False,False,0.0,forward,gaze_or_head_pose,False,False,False,1,0,
Twitch streamer starts to fall asleep while driving....mp4,True,6.067,0.2855,1.5054,0.082,0.0031,0.0031,True,gaze_stable,gaze_plus_head_pose,2.85,27.83,21.07,3.232,5.221,-5.123,True,0.367,False,False,not_tired,False,not_asleep,False,0.0,False,False,False,0.0,forward,gaze_or_head_pose,False,False,False,1,0,
Twitch streamer starts to fall asleep while driving....mp4,True,6.1,0.2862,1.265,0.0815,0.0024,0.0024,True,gaze_stable,gaze_plus_head_pose,2.28,28.24,19.23,3.081,5.386,-5.362,True,0.4,False,False,not_tired,False,not_asleep,False,0.0,False,False,False,0.0,forward,gaze_or_head_pose,False,False,False,1,0,
Twitch streamer starts to fall asleep while driving....mp4,True,6.133,0.2411,1.3233,0.0811,0.0032,0.0032,True,gaze_stable,gaze_plus_head_pose,2.88,28.61,19.31,3.156,5.612,-5.506,True,0.433,False,False,not_tired,False,not_asleep,False,0.0,False,False,False,0.0,forward,gaze_or_head_pose,False,False,False,1,0,
Twitch streamer starts to fall asleep while driving....mp4,True,6.167,0.2865,0.1264,0.0806,0.0021,0.0021,True,gaze_stable,gaze_plus_head_pose,3.23,28.8,18.46,3.313,5.828,-5.861,False,0.0,False,False,not_tired,False,not_asleep,False,0.0,False,False,False,0.0,forward,gaze_or_head_pose,False,False,False,1,0,
Twitch streamer starts to fall asleep while driving....mp4,True,6.2,0.296,0.0276,0.0802,0.003,0.003,True,gaze_stable,gaze_plus_head_pose,3.54,29.75,19.23,3.516,6.263,-5.879,False,0.0,False,False,not_tired,False,not_asleep,False,0.0,False,False,False,0.0,forward,gaze_or_head_pose,False,False,False,1,0,
Twitch streamer starts to fall asleep while driving....mp4,True,6.233,0.28,0.0121,0.0798,0.0031,0.0031,True,gaze_stable,gaze_plus_head_pose,4.13,28.56,18.25,3.835,6.211,-6.185,False,0.0,False,False,not_tired,False,not_asleep,False,0.0,False,False,False,0.0,forward,gaze_or_head_pose,False,False,False,1,0,
Twitch streamer starts to fall asleep while driving....mp4,True,6.267,0.293,0.0194,0.0794,0.0016,0.0016,True,gaze_stable,gaze_plus_head_pose,4.05,30.0,15.82,4.035,6.607,-7.129,False,0.0,False,False,not_tired,False,not_asleep,False,0.0,False,False,False,0.0,forward,gaze_or_head_pose,False,False,False,1,0,
Twitch streamer starts to fall asleep while driving....mp4,True,6.3,0.2963,0.5842,0.0789,0.003,0.003,True,gaze_stable,gaze_plus_head_pose,4.67,28.31,16.92,4.36,6.377,-7.459,False,0.0,False,False,not_tired,False,not_asleep,False,0.0,False,False,False,0.0,forward,gaze_or_head_pose,False,False,False,1,0,
Twitch streamer starts to fall asleep while driving....mp4,True,6.333,0.2879,0.1271,0.0785,0.0022,0.0022,True,gaze_stable,gaze_plus_head_pose,4.24,28.43,16.21,4.459,6.252,-7.903,False,0.0,False,False,not_tired,False,not_asleep,False,0.0,False,False,False,0.0,forward,gaze_or_head_pose,False,False,False,1,0,
Twitch streamer starts to fall asleep while driving....mp4,True,6.367,0.288,1.309,0.0781,0.0028,0.0028,True,gaze_stable,gaze_plus_head_pose,5.43,28.99,17.28,4.885,6.332,-7.893,False,0.0,False,False,not_tired,False,not_asleep,False,0.0,False,False,False,0.0,forward,gaze_or_head_pose,False,False,False,1,0,
Twitch streamer starts to fall asleep while driving....mp4,True,6.4,0.2955,1.6696,0.0777,0.002,0.002,True,gaze_stable,gaze_plus_head_pose,4.15,26.0,14.65,4.8,5.492,-8.675,False,0.0,False,False,not_tired,False,not_asleep,False,0.0,False,False,False,0.0,forward,gaze_or_head_pose,False,False,False,1,0,
Twitch streamer starts to fall asleep while driving....mp4,True,6.433,0.285,1.5402,0.0773,0.0027,0.0027,True,gaze_stable,gaze_plus_head_pose,4.84,28.79,15.1,4.947,5.74,-9.088,False,0.0,False,False,not_tired,False,not_asleep,False,0.0,False,False,False,0.0,forward,gaze_or_head_pose,False,False,False,1,0,
Twitch streamer starts to fall asleep while driving....mp4,True,6.467,0.2772,1.8173,0.0769,0.0024,0.0024,True,gaze_stable,gaze_plus_head_pose,4.78,25.64,15.01,5.032,4.969,-9.403,False,0.0,False,False,not_tired,False,not_asleep,False,0.0,False,False,False,0.0,forward,gaze_or_head_pose,False,False,False,1,0,
Twitch streamer starts to fall asleep while driving....mp4,True,6.5,0.2878,1.5943,0.0765,0.0024,0.0024,True,gaze_stable,gaze_plus_head_pose,4.05,24.36,15.36,4.872,4.045,-9.519,False,0.0,False,False,not_tired,False,not_asleep,False,0.0,False,False,False,0.0,forward,gaze_or_head_pose,False,False,False,1,0,
Twitch streamer starts to fall asleep while driving....mp4,True,6.533,0.302,0.8294,0.0761,0.0027,0.0027,True,gaze_stable,gaze_plus_head_pose,3.94,23.57,15.26,4.728,3.162,-9.631,False,0.0,False,False,not_tired,False,not_asleep,False,0.0,False,False,False,0.0,forward,gaze_or_head_pose,False,False,False,1,0,
Twitch streamer starts to fall asleep while driving....mp4,True,6.567,0.2699,0.8045,0.0758,0.0028,0.0028,True,gaze_stable,gaze_plus_head_pose,3.39,22.15,14.31,4.461,2.117,-9.993,False,0.0,False,False,not_tired,False,not_asleep,False,0.0,False,False,False,0.0,forward,gaze_or_head_pose,False,False,False,1,0,
Twitch streamer starts to fall asleep while driving....mp4,True,6.6,0.2596,1.2403,0.0754,0.0031,0.0031,True,gaze_stable,gaze_plus_head_pose,2.99,21.53,14.31,4.155,1.2,-10.247,False,0.0,False,False,not_tired,False,not_asleep,False,0.0,False,False,False,0.0,forward,gaze_or_head_pose,False,False,False,1,0,
Twitch streamer starts to fall asleep while driving....mp4,True,6.633,0.2945,0.9339,0.075,0.0024,0.0024,True,gaze_stable,gaze_plus_head_pose,3.18,21.18,12.75,3.997,0.453,-10.893,False,0.0,False,False,not_tired,False,not_asleep,False,0.0,False,False,False,0.0,forward,gaze_or_head_pose,False,False,False,1,0,
Twitch streamer starts to fall asleep while driving....mp4,True,6.667,0.3057,1.3892,0.0746,0.0027,0.0027,True,gaze_stable,gaze_plus_head_pose,3.79,21.96,11.75,4.07,0.164,-11.645,False,0.0,False,False,not_tired,False,not_asleep,False,0.0,False,False,False,0.0,forward,gaze_or_head_pose,False,False,False,1,0,
Twitch streamer starts to fall asleep while driving....mp4,True,6.7,0.3166,1.0629,0.0743,0.0024,0.0024,True,gaze_stable,gaze_plus_head_pose,3.22,20.92,11.78,3.95,-0.35,-12.163,False,0.0,False,True,heavy_eyelids,False,not_asleep,False,0.0,False,False,False,0.0,forward,gaze_or_head_pose,False,False,False,1,0,
Twitch streamer starts to fall asleep while driving....mp4,True,6.733,0.323,0.4514,0.0739,0.0025,0.0025,True,gaze_stable,gaze_plus_head_pose,3.71,22.47,11.48,4.013,-0.245,-12.615,False,0.0,False,True,heavy_eyelids,False,not_asleep,False,0.0,False,False,False,0.0,forward,gaze_or_head_pose,False,False,False,1,0,
Twitch streamer starts to fall asleep while driving....mp4,True,6.767,0.309,0.3887,0.0735,0.0025,0.0025,True,gaze_stable,gaze_plus_head_pose,3.32,22.21,11.43,3.94,-0.25,-12.946,False,0.0,False,True,heavy_eyelids,False,not_asleep,False,0.0,False,False,False,0.0,forward,gaze_or_head_pose,False,False,False,1,0,
Twitch streamer starts to fall asleep while driving....mp4,True,6.8,0.2984,1.1385,0.0732,0.003,0.003,True,gaze_stable,gaze_plus_head_pose,3.89,22.31,12.48,4.06,-0.223,-12.863,False,0.0,False,True,heavy_eyelids,False,not_asleep,False,0.0,False,False,False,0.0,forward,gaze_or_head_pose,False,False,False,1,0,
Twitch streamer starts to fall asleep while driving....mp4,True,6.833,0.3289,1.0302,0.0728,0.0022,0.0022,True,gaze_stable,gaze_plus_head_pose,4.2,23.16,11.61,4.237,0.051,-13.066,False,0.0,False,True,heavy_eyelids,False,not_asleep,False,0.0,False,False,False,0.0,forward,gaze_or_head_pose,False,False,False,1,0,
Twitch streamer starts to fall asleep while driving....mp4,True,6.867,0.3059,0.6298,0.0725,0.0021,0.0021,True,gaze_stable,gaze_plus_head_pose,4.46,23.69,12.2,4.439,0.402,-13.032,False,0.0,False,True,heavy_eyelids,False,not_asleep,False,0.0,False,False,False,0.0,forward,gaze_or_head_pose,False,False,False,1,0,
Twitch streamer starts to fall asleep while driving....mp4,True,6.9,0.316,0.6886,0.0721,0.0022,0.0022,True,gaze_stable,gaze_plus_head_pose,4.64,23.87,13.22,4.634,0.701,-12.701,False,0.0,False,True,heavy_eyelids,False,not_asleep,False,0.0,False,False,False,0.0,forward,gaze_or_head_pose,False,False,False,1,0,
Twitch streamer starts to fall asleep while driving....mp4,True,6.933,0.3084,0.2766,0.0718,0.0027,0.0027,True,gaze_stable,gaze_plus_head_pose,5.88,25.84,14.55,5.143,1.502,-12.071,False,0.0,False,True,heavy_eyelids,False,not_asleep,False,0.0,False,False,False,0.0,forward,gaze_or_head_pose,False,False,False,1,0,
Twitch streamer starts to fall asleep while driving....mp4,True,6.967,0.2907,0.7084,0.0714,0.0025,0.0025,True,gaze_stable,gaze_plus_head_pose,6.02,23.68,13.62,5.541,1.414,-11.909,False,0.0,False,True,heavy_eyelids,False,not_asleep,False,0.0,False,False,False,0.0,forward,gaze_or_head_pose,False,False,False,1,0,
Twitch streamer starts to fall asleep while driving....mp4,True,7.0,0.3267,0.954,0.0711,0.0033,0.0033,True,gaze_stable,gaze_plus_head_pose,6.19,25.66,14.73,5.871,1.947,-11.462,False,0.0,False,True,heavy_eyelids,False,not_asleep,False,0.0,False,False,False,0.0,forward,gaze_or_head_pose,False,False,False,1,0,
Twitch streamer starts to fall asleep while driving....mp4,True,7.033,0.2978,0.148,0.0708,0.0023,0.0023,True,gaze_stable,gaze_plus_head_pose,7.69,25.36,14.47,6.552,2.23,-11.227,False,0.0,False,True,heavy_eyelids,False,not_asleep,False,0.0,False,False,False,0.0,forward,gaze_or_head_pose,False,False,False,1,0,
Twitch streamer starts to fall asleep while driving....mp4,True,7.067,0.2906,0.2171,0.0704,0.0026,0.0026,True,gaze_stable,gaze_plus_head_pose,6.59,26.61,13.15,6.698,2.803,-11.459,False,0.0,False,True,heavy_eyelids,False,not_asleep,False,0.0,False,False,False,0.0,forward,gaze_or_head_pose,False,False,False,1,0,
Twitch streamer starts to fall asleep while driving....mp4,True,7.1,0.292,0.9712,0.0701,0.0025,0.0025,True,gaze_stable,gaze_plus_head_pose,5.34,24.81,12.54,6.426,2.664,-11.804,False,0.0,False,True,heavy_eyelids,False,not_asleep,False,0.0,False,False,False,0.0,forward,gaze_or_head_pose,False,False,False,1,0,
Twitch streamer starts to fall asleep while driving....mp4,True,7.133,0.3094,0.5647,0.0698,0.003,0.003,True,gaze_stable,gaze_plus_head_pose,4.84,26.04,11.7,6.085,2.936,-12.298,False,0.0,False,True,heavy_eyelids,False,not_asleep,False,0.0,False,False,False,0.0,forward,gaze_or_head_pose,False,False,False,1,0,
Twitch streamer starts to fall asleep while driving....mp4,True,7.167,0.3101,1.1457,0.0694,0.0027,0.0027,True,gaze_stable,gaze_plus_head_pose,4.01,27.09,10.0,5.597,3.441,-13.154,False,0.0,False,True,heavy_eyelids,False,not_asleep,False,0.0,False,False,False,0.0,forward,gaze_or_head_pose,False,False,False,1,0,
Twitch streamer starts to fall asleep while driving....mp4,True,7.2,0.2823,0.3081,0.0691,0.0027,0.0027,True,gaze_stable,gaze_plus_head_pose,2.09,25.93,8.59,4.68,3.447,-14.176,False,0.0,False,True,heavy_eyelids,False,not_asleep,False,0.0,False,False,False,0.0,forward,gaze_or_head_pose,False,False,False,1,0,
Twitch streamer starts to fall asleep while driving....mp4,True,7.233,0.2999,1.2862,0.0688,0.0025,0.0025,True,gaze_stable,gaze_plus_head_pose,0.2,25.26,2.83,0.65,2.79,-22.32,False,0.0,False,True,heavy_eyelids,False,not_asleep,False,0.0,True,False,False,0.0,head_away,gaze_or_head_pose,False,False,False,1,0,
Twitch streamer starts to fall asleep while driving....mp4,True,7.267,0.3376,1.5568,0.0685,0.0031,0.0031,True,gaze_stable,gaze_plus_head_pose,-2.54,24.52,0.22,-2.09,2.05,-24.93,False,0.0,False,True,heavy_eyelids,False,not_asleep,False,0.0,True,False,False,0.033,head_away,gaze_or_head_pose,False,False,False,1,0,
Twitch streamer starts to fall asleep while driving....mp4,True,7.3,0.2987,1.6828,0.0682,0.0035,0.0035,True,gaze_stable,gaze_plus_head_pose,-4.1,25.6,-6.13,-3.65,3.13,-31.28,False,0.0,False,True,heavy_eyelids,False,not_asleep,False,0.0,True,False,False,0.067,head_away,gaze_or_head_pose,False,False,False,1,0,
Twitch streamer starts to fall asleep while driving....mp4,True,7.333,0.32,1.7142,0.0679,0.0045,0.0045,True,gaze_stable,gaze_plus_head_pose,-5.65,25.57,-10.64,-5.2,3.1,-35.79,False,0.0,False,True,heavy_eyelids,False,not_asleep,False,0.0,True,False,False,0.1,head_away,gaze_or_head_pose,False,False,False,1,0,
Twitch streamer starts to fall asleep while driving....mp4,True,7.367,0.3275,1.875,0.0676,0.0041,0.0041,True,gaze_stable,gaze_plus_head_pose,-6.51,23.75,-13.39,-6.06,1.28,-38.54,False,0.0,False,True,heavy_eyelids,False,not_asleep,False,0.0,True,False,False,0.133,head_away,gaze_or_head_pose,False,False,False,1,0,
Twitch streamer starts to fall asleep while driving....mp4,True,7.4,0.3254,1.1058,0.0673,0.0044,0.0044,True,gaze_stable,gaze_plus_head_pose,-6.73,23.29,-15.02,-6.28,0.82,-40.17,False,0.0,False,True,heavy_eyelids,False,not_asleep,False,0.0,True,False,False,0.167,severe_head_pose,gaze_or_head_pose,False,False,False,1,0,
Twitch streamer starts to fall asleep while driving....mp4,True,7.433,0.3204,1.3706,0.067,0.004,0.004,True,gaze_stable,gaze_plus_head_pose,-7.27,24.91,-15.72,-6.82,2.44,-40.87,False,0.0,False,True,heavy_eyelids,False,not_asleep,False,0.0,True,False,False,0.2,severe_head_pose,gaze_or_head_pose,False,False,False,1,0,
Twitch streamer starts to fall asleep while driving....mp4,True,7.467,0.3443,1.7563,0.0667,0.0046,0.0046,True,gaze_stable,gaze_plus_head_pose,-7.06,22.52,-15.31,-6.61,0.05,-40.46,False,0.0,False,True,heavy_eyelids,False,not_asleep,False,0.0,True,False,False,0.233,severe_head_pose,gaze_or_head_pose,False,False,False,1,0,
Twitch streamer starts to fall asleep while driving....mp4,True,7.5,0.3223,1.8003,0.0664,0.0044,0.0044,True,gaze_stable,gaze_plus_head_pose,-5.48,24.12,-9.93,-5.03,1.65,-35.08,False,0.0,False,True,heavy_eyelids,False,not_asleep,False,0.0,True,False,False,0.267,head_away,gaze_or_head_pose,False,False,False,1,0,
Twitch streamer starts to fall asleep while driving....mp4,True,7.533,0.3211,1.6233,0.0661,0.0045,0.0045,True,gaze_stable,gaze_plus_head_pose,-3.75,23.04,-5.05,-3.3,0.57,-30.2,False,0.0,False,False,cleared_eyes_open,False,not_asleep,False,0.0,True,False,False,0.3,head_away,gaze_or_head_pose,False,False,False,1,0,
Twitch streamer starts to fall asleep while driving....mp4,True,7.567,0.3178,1.7235,0.0658,0.0028,0.0028,True,gaze_stable,gaze_plus_head_pose,-2.31,20.3,4.28,-2.868,-0.252,-27.401,False,0.0,False,False,not_tired,False,not_asleep,False,0.0,True,False,False,0.333,head_away,gaze_or_head_pose,False,False,False,1,0,
Twitch streamer starts to fall asleep while driving....mp4,True,7.6,0.2939,1.5036,0.0655,0.0044,0.0044,True,gaze_stable,gaze_plus_head_pose,-1.89,19.43,11.46,-2.44,-1.088,-23.288,False,0.0,False,False,not_tired,False,not_asleep,False,0.0,True,False,False,0.367,head_away,gaze_or_head_pose,False,False,False,1,0,
Twitch streamer starts to fall asleep while driving....mp4,True,7.633,0.2249,1.4221,0.0652,0.0061,0.0061,True,gaze_stable,gaze_plus_head_pose,-2.9,18.36,18.5,-2.443,-1.995,-18.296,False,0.0,False,False,not_tired,False,not_asleep,False,0.0,True,False,False,0.4,forward,gaze_or_head_pose,False,False,False,1,0,
Twitch streamer starts to fall asleep while driving....mp4,True,7.667,0.3444,1.182,0.0649,0.0056,0.0056,True,gaze_stable,gaze_plus_head_pose,-0.17,17.37,27.42,-1.626,-2.926,-12.126,False,0.0,False,False,not_tired,False,not_asleep,False,0.0,True,False,False,0.433,forward,gaze_or_head_pose,False,False,False,1,0,
Twitch streamer starts to fall asleep while driving....mp4,True,7.7,0.3756,0.5999,0.0647,0.0105,0.0105,True,gaze_stable,gaze_plus_head_pose,0.87,14.27,33.85,-0.742,-4.508,-5.879,False,0.0,False,False,not_tired,False,not_asleep,False,0.0,True,False,False,0.467,forward,gaze_or_head_pose,False,False,False,1,0,
Twitch streamer starts to fall asleep while driving....mp4,True,7.733,0.3444,0.5198,0.0644,0.0118,0.0118,True,gaze_stable,gaze_plus_head_pose,1.17,7.81,35.88,-0.033,-7.554,-0.896,False,0.0,False,False,not_tired,False,not_asleep,False,0.0,True,False,False,0.5,forward,gaze_or_head_pose,False,False,False,1,0,
Twitch streamer starts to fall asleep while driving....mp4,True,7.767,0.3648,1.059,0.0641,0.0069,0.0069,True,gaze_stable,gaze_plus_head_pose,0.18,9.97,33.22,0.166,-9.038,1.794,False,0.0,False,False,not_tired,False,not_asleep,False,0.0,True,False,False,0.533,forward,gaze_or_head_pose,False,False,False,1,0,
Twitch streamer starts to fall asleep while driving....mp4,True,7.8,0.4364,1.5248,0.0638,0.0039,0.0039,True,gaze_stable,gaze_plus_head_pose,-0.45,13.31,26.2,0.116,-9.074,1.571,False,0.0,False,False,not_tired,False,not_asleep,False,0.0,True,False,False,0.567,forward,gaze_or_head_pose,False,False,False,1,0,
Twitch streamer starts to fall asleep while driving....mp4,True,7.833,0.4446,0.8058,0.0636,0.0034,0.0034,True,gaze_stable,gaze_plus_head_pose,-0.56,15.34,19.14,0.048,-8.491,-0.704,False,0.0,False,False,not_tired,False,not_asleep,False,0.0,True,False,False,0.6,forward,gaze_or_head_pose,False,False,False,1,0,
Twitch streamer starts to fall asleep while driving....mp4,True,7.867,0.4438,1.4978,0.0633,0.0029,0.0029,True,gaze_stable,gaze_plus_head_pose,-0.97,13.9,14.52,-0.122,-8.515,-3.681,False,0.0,False,False,not_tired,False,not_asleep,False,0.0,True,False,False,0.633,forward,gaze_or_head_pose,False,False,False,1,0,
Twitch streamer starts to fall asleep while driving....mp4,True,7.9,0.5007,1.5742,0.063,0.0029,0.0029,True,gaze_stable,gaze_plus_head_pose,-0.37,15.52,12.01,-0.062,-8.045,-6.519,False,0.0,False,False,not_tired,False,not_asleep,False,0.0,True,False,False,0.667,forward,gaze_or_head_pose,False,False,False,1,0,
Twitch streamer starts to fall asleep while driving....mp4,True,7.933,0.5055,1.601,0.0628,0.0024,0.0024,True,gaze_stable,gaze_plus_head_pose,-0.77,12.1,9.84,-0.139,-8.743,-9.156,False,0.0,False,False,not_tired,False,not_asleep,False,0.0,True,False,False,0.7,forward,gaze_or_head_pose,False,False,False,1,0,
Twitch streamer starts to fall asleep while driving....mp4,True,7.967,0.4946,1.5518,0.0625,0.003,0.003,True,gaze_stable,gaze_plus_head_pose,-0.58,12.47,10.8,-0.136,-9.12,-10.714,False,0.0,False,False,not_tired,False,not_asleep,False,0.0,False,False,False,0.0,forward,gaze_or_head_pose,False,False,False,1,0,
Twitch streamer starts to fall asleep while driving....mp4,True,8.0,0.5001,1.5418,0.0622,0.0034,0.0034,True,gaze_stable,gaze_plus_head_pose,-0.48,11.41,11.64,-0.104,-9.702,-11.553,False,0.0,False,False,not_tired,False,not_asleep,False,0.0,False,False,False,0.0,forward,gaze_or_head_pose,False,False,False,1,0,
Twitch streamer starts to fall asleep while driving....mp4,True,8.033,0.5242,1.442,0.062,0.0042,0.0042,True,gaze_stable,gaze_plus_head_pose,-0.41,10.33,13.02,-0.061,-10.433,-11.726,False,0.0,False,False,not_tired,False,not_asleep,False,0.0,False,False,False,0.0,forward,gaze_or_head_pose,False,False,False,1,0,
Twitch streamer starts to fall asleep while driving....mp4,True,8.067,0.5043,1.5503,0.0617,0.0039,0.0039,True,gaze_stable,gaze_plus_head_pose,-0.47,9.51,14.35,-0.049,-11.191,-11.448,False,0.0,False,False,not_tired,False,not_asleep,False,0.0,False,False,False,0.0,forward,gaze_or_head_pose,False,False,False,1,0,
Twitch streamer starts to fall asleep while driving....mp4,True,8.1,0.5176,1.3811,0.0615,0.0048,0.0048,True,gaze_stable,gaze_plus_head_pose,0.22,9.7,13.31,0.167,-11.665,-11.566,False,0.0,False,False,not_tired,False,not_asleep,False,0.0,False,False,False,0.0,forward,gaze_or_head_pose,False,False,False,1,0,
Twitch streamer starts to fall asleep while driving....mp4,True,8.133,0.4707,1.3849,0.0612,0.0041,0.0041,True,gaze_stable,gaze_plus_head_pose,0.01,7.43,13.44,0.255,-12.677,-11.609,False,0.0,False,False,not_tired,False,not_asleep,False,0.0,False,False,False,0.0,forward,gaze_or_head_pose,False,False,False,1,0,
Twitch streamer starts to fall asleep while driving....mp4,True,8.167,0.4917,1.0646,0.061,0.0043,0.0043,True,gaze_stable,gaze_plus_head_pose,-0.47,5.99,12.03,0.172,-13.818,-12.062,False,0.0,False,False,not_tired,False,not_asleep,False,0.0,False,False,False,0.0,forward,gaze_or_head_pose,False,False,False,1,0,
Twitch streamer starts to fall asleep while driving....mp4,True,8.2,0.4891,1.1082,0.0607,0.004,0.004,True,gaze_stable,gaze_plus_head_pose,-1.4,4.98,11.8,-0.164,-14.92,-12.449,False,0.0,False,False,not_tired,False,not_asleep,False,0.0,False,False,False,0.0,forward,gaze_or_head_pose,False,False,False,1,0,
Twitch streamer starts to fall asleep while driving....mp4,True,8.233,0.4749,1.1386,0.0605,0.003,0.003,True,gaze_stable,gaze_plus_head_pose,-1.42,5.77,11.2,-0.406,-15.454,-12.899,False,0.0,False,False,not_tired,False,not_asleep,False,0.0,False,False,False,0.0,forward,gaze_or_head_pose,False,False,False,1,0,
Twitch streamer starts to fall asleep while driving....mp4,True,8.267,0.5081,0.9502,0.0602,0.0038,0.0038,True,gaze_stable,gaze_plus_head_pose,-2.25,4.81,11.48,-0.824,-16.116,-13.13,False,0.0,False,False,not_tired,False,not_asleep,False,0.0,False,False,False,0.0,forward,gaze_or_head_pose,False,False,False,1,0,
Twitch streamer starts to fall asleep while driving....mp4,True,8.3,0.4871,0.9433,0.06,0.0049,0.0049,True,gaze_stable,gaze_plus_head_pose,-3.18,4.62,10.33,-1.396,-16.636,-13.637,False,0.0,False,False,not_tired,False,not_asleep,False,0.0,False,False,False,0.0,forward,gaze_or_head_pose,False,False,False,1,0,
Twitch streamer starts to fall asleep while driving....mp4,True,8.333,0.53,0.8001,0.0598,0.0049,0.0049,True,gaze_stable,gaze_plus_head_pose,-4.07,4.02,9.0,-3.62,-18.45,-16.15,False,0.0,False,False,not_tired,False,sleep_pose_counting,True,0.0,True,False,False,0.0,head_away,gaze_or_head_pose,False,False,False,1,0,
Twitch streamer starts to fall asleep while driving....mp4,True,8.367,0.5337,0.6758,0.0595,0.0041,0.0041,True,gaze_stable,gaze_plus_head_pose,-3.94,2.59,8.34,-3.49,-19.88,-16.81,False,0.0,False,False,not_tired,False,sleep_pose_counting,True,0.033,True,False,False,0.033,head_away,gaze_or_head_pose,False,False,False,1,0,
Twitch streamer starts to fall asleep while driving....mp4,True,8.4,0.4961,0.6219,0.0593,0.0042,0.0042,True,gaze_stable,gaze_plus_head_pose,-5.16,2.21,8.11,-4.71,-20.26,-17.04,False,0.0,False,False,not_tired,False,sleep_pose_counting,True,0.067,True,False,False,0.067,head_away,gaze_or_head_pose,False,False,False,1,0,
Twitch streamer starts to fall asleep while driving....mp4,True,8.433,0.5487,0.4154,0.0591,0.0035,0.0035,True,gaze_stable,gaze_plus_head_pose,-3.95,-1.16,6.84,-3.5,-23.63,-18.31,False,0.0,False,False,not_tired,False,sleep_pose_counting,True,0.1,True,False,False,0.1,head_away,gaze_or_head_pose,False,False,False,1,0,
Twitch streamer starts to fall asleep while driving....mp4,True,8.467,0.6056,0.6519,0.0588,0.0049,0.0049,True,gaze_stable,gaze_plus_head_pose,-4.41,-1.04,8.45,-3.96,-23.51,-16.7,False,0.0,False,False,not_tired,False,sleep_pose_counting,True,0.133,True,False,False,0.133,head_away,gaze_or_head_pose,False,False,False,1,0,
Twitch streamer starts to fall asleep while driving....mp4,True,8.5,0.5807,0.5409,0.0586,0.0037,0.0037,True,gaze_stable,gaze_plus_head_pose,-3.25,-3.0,8.35,-2.8,-25.47,-16.8,False,0.0,False,False,not_tired,False,sleep_pose_counting,True,0.167,True,False,False,0.167,head_away,gaze_or_head_pose,False,False,False,1,0,
Twitch streamer starts to fall asleep while driving....mp4,True,8.533,0.5913,0.4522,0.0584,0.0039,0.0039,True,gaze_stable,gaze_plus_head_pose,-2.95,-6.07,9.77,-2.5,-28.54,-15.38,False,0.0,False,False,not_tired,False,sleep_pose_counting,True,0.2,True,False,False,0.2,severe_head_pose,gaze_or_head_pose,False,False,False,1,0,
Twitch streamer starts to fall asleep while driving....mp4,True,8.567,0.6024,0.4468,0.0581,0.0041,0.0041,True,gaze_stable,gaze_plus_head_pose,-2.21,-7.24,9.62,-1.76,-29.71,-15.53,False,0.0,False,False,not_tired,False,sleep_pose_counting,True,0.233,True,False,False,0.233,severe_head_pose,gaze_or_head_pose,False,False,False,1,0,
Twitch streamer starts to fall asleep while driving....mp4,True,8.6,0.5903,0.1558,0.0579,0.0039,0.0039,True,gaze_stable,gaze_plus_head_pose,-1.8,-8.22,10.31,-1.35,-30.69,-14.84,False,0.0,False,False,not_tired,False,sleep_pose_counting,True,0.267,True,False,False,0.267,severe_head_pose,gaze_or_head_pose,False,False,False,1,0,
Twitch streamer starts to fall asleep while driving....mp4,True,8.633,0.6042,0.1773,0.0577,0.0043,0.0043,True,gaze_stable,gaze_plus_head_pose,-1.43,-8.81,10.42,-0.98,-31.28,-14.73,False,0.0,False,False,not_tired,False,sleep_pose_counting,True,0.3,True,False,False,0.3,severe_head_pose,gaze_or_head_pose,False,False,False,1,0,
Twitch streamer starts to fall asleep while driving....mp4,True,8.667,0.5712,0.1525,0.0575,0.0046,0.0046,True,gaze_stable,gaze_plus_head_pose,-1.33,-8.6,10.41,-0.88,-31.07,-14.74,False,0.0,False,False,not_tired,False,sleep_pose_counting,True,0.333,True,False,False,0.333,severe_head_pose,gaze_or_head_pose,False,False,False,1,0,
Twitch streamer starts to fall asleep while driving....mp4,True,8.7,0.6052,0.0985,0.0573,0.0046,0.0046,True,gaze_stable,gaze_plus_head_pose,-1.49,-9.1,11.22,-1.04,-31.57,-13.93,False,0.0,False,False,not_tired,False,sleep_pose_counting,True,0.367,True,False,False,0.367,severe_head_pose,gaze_or_head_pose,False,False,False,1,0,
Twitch streamer starts to fall asleep while driving....mp4,True,8.733,0.584,0.0783,0.057,0.0052,0.0052,True,gaze_stable,gaze_plus_head_pose,-1.51,-8.85,10.88,-1.06,-31.32,-14.27,False,0.0,False,False,not_tired,False,sleep_pose_counting,True,0.4,True,False,False,0.4,severe_head_pose,gaze_or_head_pose,False,False,False,1,0,
Twitch streamer starts to fall asleep while driving....mp4,True,8.767,0.6102,0.0975,0.0568,0.0051,0.0051,True,gaze_stable,gaze_plus_head_pose,-1.59,-8.6,11.27,-1.14,-31.07,-13.88,False,0.0,False,False,not_tired,False,sleep_pose_counting,True,0.433,True,False,False,0.433,severe_head_pose,gaze_or_head_pose,False,False,False,1,0,
Twitch streamer starts to fall asleep while driving....mp4,True,8.8,0.5978,0.1198,0.0566,0.0051,0.0051,True,gaze_stable,gaze_plus_head_pose,-1.71,-9.37,10.68,-1.26,-31.84,-14.47,False,0.0,False,False,not_tired,False,sleep_pose_counting,True,0.467,True,False,False,0.467,severe_head_pose,gaze_or_head_pose,False,False,False,1,0,
Twitch streamer starts to fall asleep while driving....mp4,True,8.833,0.6078,0.0465,0.0564,0.0049,0.0049,True,gaze_stable,gaze_plus_head_pose,-1.48,-8.94,10.48,-1.03,-31.41,-14.67,False,0.0,False,False,not_tired,False,sleep_pose_counting,True,0.5,True,False,False,0.5,severe_head_pose,gaze_or_head_pose,False,False,False,1,0,
Twitch streamer starts to fall asleep while driving....mp4,True,8.867,0.6187,0.0822,0.0562,0.0051,0.0051,True,gaze_stable,gaze_plus_head_pose,-1.59,-10.25,9.98,-1.14,-32.72,-15.17,False,0.0,False,False,not_tired,False,sleep_pose_counting,True,0.533,True,False,False,0.533,severe_head_pose,gaze_or_head_pose,False,False,False,1,0,
Twitch streamer starts to fall asleep while driving....mp4,True,8.9,0.5778,0.0957,0.056,0.0049,0.0049,True,gaze_stable,gaze_plus_head_pose,-1.74,-10.55,9.93,-1.29,-33.02,-15.22,False,0.0,False,False,not_tired,False,sleep_pose_counting,True,0.567,True,False,False,0.567,severe_head_pose,gaze_or_head_pose,False,False,False,1,0,
Twitch streamer starts to fall asleep while driving....mp4,True,8.933,0.5906,0.0275,0.0558,0.005,0.005,True,gaze_stable,gaze_plus_head_pose,-1.42,-9.07,8.49,-0.97,-31.54,-16.66,False,0.0,False,False,not_tired,False,sleep_pose_counting,True,0.6,True,False,False,0.6,severe_head_pose,gaze_or_head_pose,False,False,False,1,0,
Twitch streamer starts to fall asleep while driving....mp4,True,8.967,0.6157,0.1574,0.0556,0.0046,0.0046,True,gaze_stable,gaze_plus_head_pose,-1.86,-8.62,8.84,-1.41,-31.09,-16.31,False,0.0,False,False,not_tired,False,sleep_pose_counting,True,0.633,True,False,False,0.633,severe_head_pose,gaze_or_head_pose,False,False,False,1,0,
Twitch streamer starts to fall asleep while driving....mp4,True,9.0,0.6242,0.1074,0.0554,0.0044,0.0044,True,gaze_stable,gaze_plus_head_pose,-1.6,-10.31,8.19,-1.15,-32.78,-16.96,False,0.0,False,False,not_tired,False,sleep_pose_counting,True,0.667,True,False,False,0.667,severe_head_pose,gaze_or_head_pose,False,False,False,1,0,
Twitch streamer starts to fall asleep while driving....mp4,True,9.033,0.577,0.0125,0.0551,0.0045,0.0045,True,gaze_stable,gaze_plus_head_pose,-1.9,-9.15,9.75,-1.45,-31.62,-15.4,False,0.0,False,False,not_tired,False,sleep_pose_counting,True,0.7,True,False,False,0.7,severe_head_pose,gaze_or_head_pose,False,False,False,1,0,
Twitch streamer starts to fall asleep while driving....mp4,True,9.067,0.623,0.0905,0.0549,0.0049,0.0049,True,gaze_stable,gaze_plus_head_pose,-1.01,-11.01,9.51,-0.56,-33.48,-15.64,False,0.0,False,False,not_tired,False,sleep_pose_counting,True,0.733,True,False,False,0.733,severe_head_pose,gaze_or_head_pose,False,False,False,1,0,
Twitch streamer starts to fall asleep while driving....mp4,True,9.1,0.6136,0.0435,0.0547,0.0051,0.0051,True,gaze_stable,gaze_plus_head_pose,-0.67,-8.44,9.98,-0.22,-30.91,-15.17,False,0.0,False,False,not_tired,False,sleep_pose_counting,True,0.767,True,False,False,0.767,severe_head_pose,gaze_or_head_pose,False,False,False,1,0,
Twitch streamer starts to fall asleep while driving....mp4,True,9.133,0.6489,0.1026,0.0545,0.0052,0.0052,True,gaze_stable,gaze_plus_head_pose,-0.72,-9.28,9.74,-0.27,-31.75,-15.41,False,0.0,False,False,not_tired,False,sleep_pose_counting,True,0.8,True,False,False,0.8,severe_head_pose,gaze_or_head_pose,False,False,False,1,0,
Twitch streamer starts to fall asleep while driving....mp4,True,9.167,0.6271,0.13,0.0543,0.0046,0.0046,True,gaze_stable,gaze_plus_head_pose,-0.65,-9.19,10.33,-0.2,-31.66,-14.82,False,0.0,False,False,not_tired,False,sleep_pose_counting,True,0.833,True,False,False,0.833,severe_head_pose,gaze_or_head_pose,False,False,False,1,0,
Twitch streamer starts to fall asleep while driving....mp4,True,9.2,0.635,0.0374,0.0542,0.0049,0.0049,True,gaze_stable,gaze_plus_head_pose,-0.48,-9.13,9.22,-0.03,-31.6,-15.93,False,0.0,False,False,not_tired,False,sleep_pose_counting,True,0.867,True,False,False,0.867,severe_head_pose,gaze_or_head_pose,False,False,False,1,0,
Twitch streamer starts to fall asleep while driving....mp4,True,9.233,0.6313,0.0644,0.054,0.0047,0.0047,True,gaze_stable,gaze_plus_head_pose,-1.03,-8.79,10.13,-0.58,-31.26,-15.02,False,0.0,False,False,not_tired,False,sleep_pose_counting,True,0.9,True,False,False,0.9,severe_head_pose,gaze_or_head_pose,False,False,False,1,0,
Twitch streamer starts to fall asleep while driving....mp4,True,9.267,0.6063,0.0852,0.0538,0.0042,0.0042,True,gaze_stable,gaze_plus_head_pose,-0.65,-5.85,10.81,-0.2,-28.32,-14.34,False,0.0,False,False,not_tired,False,sleep_pose_counting,True,0.933,True,False,False,0.933,severe_head_pose,gaze_or_head_pose,False,False,False,1,0,
Twitch streamer starts to fall asleep while driving....mp4,True,9.3,0.5971,0.1005,0.0536,0.0045,0.0045,True,gaze_stable,gaze_plus_head_pose,-0.72,-5.61,10.52,-0.27,-28.08,-14.63,False,0.0,False,False,not_tired,False,sleep_pose_counting,True,0.967,True,False,False,0.967,severe_head_pose,gaze_or_head_pose,False,False,False,1,0,
Twitch streamer starts to fall asleep while driving....mp4,True,9.333,0.6012,0.0948,0.0534,0.0045,0.0045,True,gaze_stable,gaze_plus_head_pose,-0.9,-4.09,11.43,-0.45,-26.56,-13.72,False,0.0,False,False,not_tired,False,sleep_pose_counting,True,1.0,True,False,False,1.0,head_away,gaze_or_head_pose,False,False,False,1,0,
Twitch streamer starts to fall asleep while driving....mp4,True,9.367,0.5976,0.0843,0.0532,0.0043,0.0043,True,gaze_stable,gaze_plus_head_pose,-0.56,-2.8,11.7,-0.11,-25.27,-13.45,False,0.0,False,False,not_tired,False,sleep_pose_counting,True,1.033,True,False,False,1.033,head_away,gaze_or_head_pose,False,False,False,1,0,
Twitch streamer starts to fall asleep while driving....mp4,True,9.4,0.6425,0.1353,0.053,0.0041,0.0041,True,gaze_stable,gaze_plus_head_pose,-0.38,-1.29,12.54,0.07,-23.76,-12.61,False,0.0,False,False,not_tired,False,sleep_pose_counting,True,1.067,True,False,False,1.067,head_away,gaze_or_head_pose,False,False,False,1,0,
Twitch streamer starts to fall asleep while driving....mp4,True,9.433,0.6065,0.1434,0.0528,0.0057,0.0057,True,gaze_stable,gaze_plus_head_pose,-0.3,-0.22,13.86,0.15,-22.69,-11.29,False,0.0,False,False,not_tired,False,sleep_pose_counting,True,1.1,True,False,False,1.1,head_away,gaze_or_head_pose,False,False,False,1,0,
Twitch streamer starts to fall asleep while driving....mp4,True,9.467,0.6041,0.1608,0.0526,0.0065,0.0065,True,gaze_stable,gaze_plus_head_pose,0.04,0.18,15.59,0.49,-22.29,-9.56,False,0.0,False,False,not_tired,False,sleep_pose_counting,True,1.133,True,False,False,1.133,head_away,gaze_or_head_pose,False,False,False,1,0,
Twitch streamer starts to fall asleep while driving....mp4,True,9.5,0.5933,0.1554,0.0524,0.0067,0.0067,True,gaze_stable,gaze_plus_head_pose,0.05,1.19,15.12,0.5,-21.28,-10.03,False,0.0,False,False,not_tired,False,sleep_pose_counting,True,1.167,True,False,False,1.167,head_away,gaze_or_head_pose,False,False,False,1,0,
Twitch streamer starts to fall asleep while driving....mp4,True,9.533,0.6294,0.1979,0.0523,0.0076,0.0076,True,gaze_stable,gaze_plus_head_pose,0.83,1.18,17.47,1.28,-21.29,-7.68,False,0.0,False,False,not_tired,False,sleep_pose_counting,True,1.2,True,False,False,1.2,head_away,gaze_or_head_pose,False,False,False,1,0,
Twitch streamer starts to fall asleep while driving....mp4,True,9.567,0.6258,0.0998,0.0521,0.008,0.008,True,gaze_stable,gaze_plus_head_pose,1.49,1.64,20.77,1.94,-20.83,-4.38,False,0.0,False,False,not_tired,False,sleep_pose_counting,True,1.233,True,False,False,1.233,head_away,gaze_or_head_pose,False,False,False,1,0,
Twitch streamer starts to fall asleep while driving....mp4,True,9.6,0.6187,0.0483,0.0519,0.0073,0.0073,True,gaze_stable,gaze_plus_head_pose,2.7,0.76,25.15,3.15,-21.71,0.0,False,0.0,False,False,not_tired,False,sleep_pose_counting,True,1.267,True,False,False,1.267,head_away,gaze_or_head_pose,False,False,False,1,0,
Twitch streamer starts to fall asleep while driving....mp4,True,9.633,0.6421,0.0723,0.0517,0.0078,0.0078,True,gaze_stable,gaze_plus_head_pose,2.57,1.55,23.77,3.02,-20.92,-1.38,False,0.0,False,False,not_tired,False,sleep_pose_counting,True,1.3,True,False,False,1.3,head_away,gaze_or_head_pose,False,False,False,1,0,
Twitch streamer starts to fall asleep while driving....mp4,True,9.667,0.6033,0.1555,0.0515,0.007,0.007,True,gaze_stable,gaze_plus_head_pose,3.86,4.57,24.73,3.407,-20.014,-1.092,False,0.0,False,False,not_tired,False,sleep_pose_counting,True,1.333,True,False,False,1.333,head_away,gaze_or_head_pose,False,False,False,1,0,
Twitch streamer starts to fall asleep while driving....mp4,True,9.7,0.6232,0.0375,0.0514,0.0068,0.0068,True,gaze_stable,gaze_plus_head_pose,3.93,3.25,27.13,4.38,-19.22,1.98,False,0.0,False,False,not_tired,False,sleep_pose_counting,True,1.367,True,False,False,1.367,head_away,gaze_or_head_pose,False,False,False,1,0,
Twitch streamer starts to fall asleep while driving....mp4,True,9.733,0.656,0.1506,0.0512,0.0068,0.0068,True,gaze_stable,gaze_plus_head_pose,5.14,6.02,26.04,4.743,-18.389,1.653,False,0.0,False,False,not_tired,False,sleep_pose_counting,True,1.4,True,False,False,1.4,head_away,gaze_or_head_pose,False,False,False,1,0,
Twitch streamer starts to fall asleep while driving....mp4,True,9.767,0.6222,0.022,0.051,0.0072,0.0072,True,gaze_stable,gaze_plus_head_pose,5.24,6.12,26.24,5.027,-17.777,1.484,False,0.0,False,False,not_tired,False,sleep_pose_counting,True,1.433,True,False,False,1.433,forward,gaze_or_head_pose,False,False,False,1,0,
Twitch streamer starts to fall asleep while driving....mp4,True,9.8,0.6334,0.1322,0.0508,0.0063,0.0063,True,gaze_stable,gaze_plus_head_pose,5.5,5.87,25.81,5.304,-17.424,1.237,False,0.0,False,False,not_tired,False,sleep_pose_counting,True,1.467,True,False,False,1.467,forward,gaze_or_head_pose,False,False,False,1,0,
Twitch streamer starts to fall asleep while driving....mp4,True,9.833,0.5921,0.0171,0.0507,0.0071,0.0071,True,gaze_stable,gaze_plus_head_pose,4.92,7.03,26.01,5.324,-16.829,1.124,False,0.0,False,False,not_tired,False,sleep_pose_counting,True,1.5,True,False,False,1.5,forward,gaze_or_head_pose,False,False,False,1,0,
Twitch streamer starts to fall asleep while driving....mp4,True,9.867,0.6338,0.0127,0.0505,0.0059,0.0059,True,gaze_stable,gaze_plus_head_pose,5.15,7.86,24.93,5.407,-16.163,0.721,False,0.0,False,False,not_tired,False,sleep_pose_counting,True,1.533,True,False,False,1.533,forward,gaze_or_head_pose,False,False,False,1,0,
Twitch streamer starts to fall asleep while driving....mp4,True,9.9,0.6038,0.0518,0.0503,0.0063,0.0063,True,gaze_stable,gaze_plus_head_pose,4.63,8.24,25.6,5.309,-15.583,0.639,False,0.0,False,False,not_tired,False,sleep_pose_counting,True,1.567,True,False,False,1.567,forward,gaze_or_head_pose,False,False,False,1,0,
Twitch streamer starts to fall asleep while driving....mp4,True,9.933,0.4266,0.0269,0.0502,0.0044,0.0044,True,gaze_stable,gaze_plus_head_pose,6.74,9.48,25.3,5.873,-14.805,0.493,False,0.0,False,False,not_tired,False,sleep_pose_counting,True,1.6,True,False,False,1.6,forward,gaze_or_head_pose,False,False,False,1,0,
Twitch streamer starts to fall asleep while driving....mp4,True,9.967,0.3157,0.0069,0.05,0.0043,0.0043,True,gaze_stable,gaze_plus_head_pose,5.67,11.22,24.86,5.947,-13.739,0.258,False,0.0,False,False,not_tired,False,sleep_pose_counting,True,1.633,True,False,False,1.633,forward,gaze_or_head_pose,False,False,False,1,0,
Twitch streamer starts to fall asleep while driving....mp4,True,10.0,0.3066,0.0742,0.0498,0.0035,0.0035,True,gaze_stable,gaze_plus_head_pose,5.53,11.31,25.31,5.957,-12.965,0.228,False,0.0,False,False,not_tired,False,not_asleep,False,0.0,True,False,False,1.667,forward,gaze_or_head_pose,False,False,False,1,0,
Twitch streamer starts to fall asleep while driving....mp4,True,10.033,0.2909,0.0119,0.0497,0.0031,0.0031,True,gaze_stable,gaze_plus_head_pose,4.55,13.28,23.94,5.67,-11.833,-0.203,False,0.0,False,False,not_tired,False,not_asleep,False,0.0,True,False,False,1.7,forward,gaze_or_head_pose,False,False,False,1,0,
Twitch streamer starts to fall asleep while driving....mp4,True,10.067,0.2982,0.0209,0.0495,0.0035,0.0035,True,gaze_stable,gaze_plus_head_pose,3.59,12.95,22.96,5.181,-11.139,-0.799,False,0.0,False,False,not_tired,False,not_asleep,False,0.0,True,False,False,1.733,forward,gaze_or_head_pose,False,False,False,1,0,
Twitch streamer starts to fall asleep while driving....mp4,True,10.1,0.346,0.0181,0.0493,0.0029,0.0029,True,gaze_stable,gaze_plus_head_pose,3.15,14.81,21.0,4.707,-10.095,-1.804,False,0.0,False,False,not_tired,False,not_asleep,False,0.0,False,False,False,0.0,forward,gaze_or_head_pose,False,False,False,1,0,
Twitch streamer starts to fall asleep while driving....mp4,True,10.133,0.3888,0.0157,0.0492,0.0036,0.0036,True,gaze_stable,gaze_plus_head_pose,1.49,13.23,19.7,3.877,-9.839,-2.898,False,0.0,False,False,not_tired,False,not_asleep,False,0.0,False,False,False,0.0,forward,gaze_or_head_pose,False,False,False,1,0,
Twitch streamer starts to fall asleep while driving....mp4,True,10.167,0.4153,0.0281,0.049,0.0038,0.0038,True,gaze_stable,gaze_plus_head_pose,0.56,13.57,18.63,3.017,-9.557,-3.985,False,0.0,False,False,not_tired,False,not_asleep,False,0.0,False,False,False,0.0,forward,gaze_or_head_pose,False,False,False,1,0,
Twitch streamer starts to fall asleep while driving....mp4,True,10.2,0.4384,0.0294,0.0489,0.004,0.004,True,gaze_stable,gaze_plus_head_pose,0.9,13.46,19.73,2.517,-9.393,-4.415,False,0.0,False,False,not_tired,False,not_asleep,False,0.0,False,False,False,0.0,forward,gaze_or_head_pose,False,False,False,1,0,
Twitch streamer starts to fall asleep while driving....mp4,True,10.233,0.4336,0.0301,0.0487,0.0044,0.0044,True,gaze_stable,gaze_plus_head_pose,-1.25,15.38,16.61,1.522,-8.702,-5.653,False,0.0,False,False,not_tired,False,not_asleep,False,0.0,False,False,False,0.0,forward,gaze_or_head_pose,False,False,False,1,0,
Twitch streamer starts to fall asleep while driving....mp4,True,10.267,0.4511,0.0202,0.0485,0.0046,0.0046,True,gaze_stable,gaze_plus_head_pose,-2.49,15.05,15.05,0.453,-8.317,-6.987,False,0.0,False,False,not_tired,False,not_asleep,False,0.0,False,False,False,0.0,forward,gaze_or_head_pose,False,False,False,1,0,
Twitch streamer starts to fall asleep while driving....mp4,True,10.3,0.469,0.0128,0.0484,0.0039,0.0039,True,gaze_stable,gaze_plus_head_pose,-3.43,15.57,14.42,-0.577,-7.892,-8.11,False,0.0,False,False,not_tired,False,not_asleep,False,0.0,False,False,False,0.0,forward,gaze_or_head_pose,False,False,False,1,0,
Twitch streamer starts to fall asleep while driving....mp4,True,10.333,0.4706,0.009,0.0482,0.0038,0.0038,True,gaze_stable,gaze_plus_head_pose,-4.62,14.56,13.15,-1.655,-7.898,-9.277,False,0.0,False,False,not_tired,False,not_asleep,False,0.0,False,False,False,0.0,forward,gaze_or_head_pose,False,False,False,1,0,
Twitch streamer starts to fall asleep while driving....mp4,True,10.367,0.4256,0.0277,0.0481,0.0043,0.0043,True,gaze_stable,gaze_plus_head_pose,-5.4,15.99,12.26,-2.643,-7.472,-10.361,False,0.0,False,False,not_tired,False,not_asleep,False,0.0,False,False,False,0.0,forward,gaze_or_head_pose,False,False,False,1,0,
Twitch streamer starts to fall asleep while driving....mp4,True,10.4,0.439,0.0085,0.0479,0.0046,0.0046,True,gaze_stable,gaze_plus_head_pose,-5.95,15.08,11.99,-3.5,-7.448,-11.201,False,0.0,False,False,not_tired,False,not_asleep,False,0.0,False,False,False,0.0,forward,gaze_or_head_pose,False,False,False,1,0,
Twitch streamer starts to fall asleep while driving....mp4,True,10.433,0.4293,0.0142,0.0478,0.0043,0.0043,True,gaze_stable,gaze_plus_head_pose,-6.1,15.8,10.26,-4.145,-7.214,-12.307,False,0.0,False,False,not_tired,False,not_asleep,False,0.0,False,False,False,0.0,forward,gaze_or_head_pose,False,False,False,1,0,
Twitch streamer starts to fall asleep while driving....mp4,True,10.467,0.4299,0.0503,0.0476,0.0044,0.0044,True,gaze_stable,gaze_plus_head_pose,-6.15,16.1,9.74,-4.612,-6.961,-13.238,False,0.0,False,False,not_tired,False,not_asleep,False,0.0,False,False,False,0.0,forward,gaze_or_head_pose,False,False,False,1,0,
Twitch streamer starts to fall asleep while driving....mp4,True,10.5,0.4188,0.0476,0.0475,0.0042,0.0042,True,gaze_stable,gaze_plus_head_pose,-6.54,16.37,9.02,-5.055,-6.703,-14.106,False,0.0,False,False,not_tired,False,not_asleep,False,0.0,False,False,False,0.0,forward,gaze_or_head_pose,False,False,False,1,0,
Twitch streamer starts to fall asleep while driving....mp4,True,10.533,0.4244,0.0565,0.0473,0.0046,0.0046,True,gaze_stable,gaze_plus_head_pose,-6.84,16.7,9.41,-5.456,-6.423,-14.596,False,0.0,False,False,not_tired,False,not_asleep,False,0.0,False,False,False,0.0,forward,gaze_or_head_pose,False,False,False,1,0,
Twitch streamer starts to fall asleep while driving....mp4,True,10.567,0.4204,0.0393,0.0472,0.0052,0.0052,True,gaze_stable,gaze_plus_head_pose,-7.37,17.24,7.97,-5.895,-6.065,-15.371,False,0.0,False,False,not_tired,False,not_asleep,False,0.0,False,False,False,0.0,forward,gaze_or_head_pose,False,False,False,1,0,
Twitch streamer starts to fall asleep while driving....mp4,True,10.6,0.4311,0.0099,0.047,0.0047,0.0047,True,gaze_stable,gaze_plus_head_pose,-7.0,16.51,8.25,-6.091,-6.034,-15.83,False,0.0,False,False,not_tired,False,not_asleep,False,0.0,False,False,False,0.0,forward,gaze_or_head_pose,False,False,False,1,0,
Twitch streamer starts to fall asleep while driving....mp4,True,10.633,0.4135,0.0109,0.0469,0.0049,0.0049,True,gaze_stable,gaze_plus_head_pose,-6.72,17.05,8.52,-6.145,-5.849,-16.07,False,0.0,False,False,not_tired,False,not_asleep,False,0.0,False,False,False,0.0,forward,gaze_or_head_pose,False,False,False,1,0,
Twitch streamer starts to fall asleep while driving....mp4,True,10.667,0.4157,0.0344,0.0467,0.005,0.005,True,gaze_stable,gaze_plus_head_pose,-6.82,19.1,8.29,-6.213,-5.106,-16.307,False,0.0,False,False,not_tired,False,not_asleep,False,0.0,False,False,False,0.0,forward,gaze_or_head_pose,False,False,False,1,0,
Twitch streamer starts to fall asleep while driving....mp4,True,10.7,0.3986,0.0181,0.0466,0.0047,0.0047,True,gaze_stable,gaze_plus_head_pose,-6.11,18.24,8.68,-6.047,-4.843,-16.356,False,0.0,False,False,not_tired,False,not_asleep,False,0.0,False,False,False,0.0,forward,gaze_or_head_pose,False,False,False,1,0,
Twitch streamer starts to fall asleep while driving....mp4,True,10.733,0.3844,0.028,0.0464,0.0047,0.0047,True,gaze_stable,gaze_plus_head_pose,-6.25,18.95,8.29,-5.973,-4.446,-16.507,False,0.0,False,False,not_tired,False,not_asleep,False,0.0,False,False,False,0.0,forward,gaze_or_head_pose,False,False,False,1,0,
Twitch streamer starts to fall asleep while driving....mp4,True,10.767,0.4276,0.0262,0.0463,0.0042,0.0042,True,gaze_stable,gaze_plus_head_pose,-5.94,18.37,8.35,-5.828,-4.342,-16.595,False,0.0,False,False,not_tired,False,not_asleep,False,0.0,False,False,False,0.0,forward,gaze_or_head_pose,False,False,False,1,0,
Twitch streamer starts to fall asleep while driving....mp4,True,10.8,0.4032,0.0101,0.0462,0.0047,0.0047,True,gaze_stable,gaze_plus_head_pose,-6.56,17.95,7.76,-5.913,-4.396,-16.833,False,0.0,False,False,not_tired,False,not_asleep,False,0.0,False,False,False,0.0,forward,gaze_or_head_pose,False,False,False,1,0,
Twitch streamer starts to fall asleep while driving....mp4,True,10.833,0.4289,0.0247,0.046,0.0041,0.0041,True,gaze_stable,gaze_plus_head_pose,-6.1,19.77,8.79,-5.834,-3.887,-16.691,False,0.0,False,False,not_tired,False,not_asleep,False,0.0,False,False,False,0.0,forward,gaze_or_head_pose,False,False,False,1,0,
Twitch streamer starts to fall asleep while driving....mp4,True,10.867,0.3851,0.0248,0.0459,0.0047,0.0047,True,gaze_stable,gaze_plus_head_pose,-6.65,19.07,7.28,-5.944,-3.741,-17.045,False,0.0,False,False,not_tired,False,not_asleep,False,0.0,False,False,False,0.0,forward,gaze_or_head_pose,False,False,False,1,0,
Twitch streamer starts to fall asleep while driving....mp4,True,10.9,0.4034,0.0209,0.0457,0.0043,0.0043,True,gaze_stable,gaze_plus_head_pose,-6.42,21.76,8.39,-5.952,-2.832,-16.96,False,0.0,False,False,not_tired,False,not_asleep,False,0.0,False,False,False,0.0,forward,gaze_or_head_pose,False,False,False,1,0,
Twitch streamer starts to fall asleep while driving....mp4,True,10.933,0.3542,0.0489,0.0456,0.0053,0.0053,True,gaze_stable,gaze_plus_head_pose,-7.2,19.92,7.03,-6.191,-2.747,-17.308,False,0.0,False,False,not_tired,False,not_asleep,False,0.0,False,False,False,0.0,forward,gaze_or_head_pose,False,False,False,1,0,
Twitch streamer starts to fall asleep while driving....mp4,True,10.967,0.3846,0.0178,0.0455,0.0053,0.0053,True,gaze_stable,gaze_plus_head_pose,-7.03,20.59,6.91,-6.308,-2.487,-17.587,False,0.0,False,False,not_tired,False,not_asleep,False,0.0,False,False,False,0.0,forward,gaze_or_head_pose,False,False,False,1,0,
Twitch streamer starts to fall asleep while driving....mp4,True,11.0,0.382,0.0134,0.0453,0.0049,0.0049,True,gaze_stable,gaze_plus_head_pose,-6.4,21.22,8.18,-6.2,-2.116,-17.402,False,0.0,False,False,not_tired,False,not_asleep,False,0.0,False,False,False,0.0,forward,gaze_or_head_pose,False,False,False,1,0,
Twitch streamer starts to fall asleep while driving....mp4,True,11.033,0.3692,0.0589,0.0452,0.0056,0.0056,True,gaze_stable,gaze_plus_head_pose,-7.4,21.87,6.99,-6.425,-1.661,-17.63,False,0.0,False,False,not_tired,False,not_asleep,False,0.0,False,False,False,0.0,forward,gaze_or_head_pose,False,False,False,1,0,
Twitch streamer starts to fall asleep while driving....mp4,True,11.067,0.3533,0.0278,0.045,0.0049,0.0049,True,gaze_stable,gaze_plus_head_pose,-6.83,23.08,8.11,-6.412,-0.98,-17.453,False,0.0,False,False,not_tired,False,not_asleep,False,0.0,False,False,False,0.0,forward,gaze_or_head_pose,False,False,False,1,0,
Twitch streamer starts to fall asleep while driving....mp4,True,11.1,0.3427,0.0514,0.0449,0.0052,0.0052,True,gaze_stable,gaze_plus_head_pose,-7.72,23.02,6.11,-6.669,-0.521,-17.929,False,0.0,False,False,not_tired,False,not_asleep,False,0.0,False,False,False,0.0,forward,gaze_or_head_pose,False,False,False,1,0,
Twitch streamer starts to fall asleep while driving....mp4,True,11.133,0.3174,0.0287,0.0448,0.005,0.005,True,gaze_stable,gaze_plus_head_pose,-7.26,23.64,7.99,-6.711,-0.014,-17.698,False,0.0,False,False,not_tired,False,not_asleep,False,0.0,False,False,False,0.0,forward,gaze_or_head_pose,False,False,False,1,0,
Twitch streamer starts to fall asleep while driving....mp4,True,11.167,0.3308,0.068,0.0446,0.0055,0.0055,True,gaze_stable,gaze_plus_head_pose,-7.57,24.56,6.23,-6.834,0.617,-18.065,False,0.0,False,False,not_tired,False,not_asleep,False,0.0,False,False,False,0.0,forward,gaze_or_head_pose,False,False,False,1,0,
Twitch streamer starts to fall asleep while driving....mp4,True,11.2,0.3329,0.0425,0.0445,0.0052,0.0052,True,gaze_stable,gaze_plus_head_pose,-6.92,24.2,7.5,-6.725,0.951,-17.94,False,0.0,False,False,not_tired,False,not_asleep,False,0.0,False,False,False,0.0,forward,gaze_or_head_pose,False,False,False,1,0,
Twitch streamer starts to fall asleep while driving....mp4,True,11.233,0.298,0.0538,0.0444,0.0058,0.0058,True,gaze_stable,gaze_plus_head_pose,-6.83,26.26,7.48,-6.621,1.803,-17.859,False,0.0,False,False,not_tired,False,not_asleep,False,0.0,False,False,False,0.0,forward,gaze_or_head_pose,False,False,False,1,0,
Twitch streamer starts to fall asleep while driving....mp4,True,11.267,0.272,0.0341,0.0442,0.0052,0.0052,True,gaze_stable,gaze_plus_head_pose,-7.11,27.65,6.63,-6.633,2.816,-18.057,False,0.0,False,False,not_tired,False,not_asleep,False,0.0,False,False,False,0.0,forward,gaze_or_head_pose,False,False,False,1,0,
Twitch streamer starts to fall asleep while driving....mp4,True,11.3,0.2627,0.0353,0.0441,0.0049,0.0049,True,gaze_stable,gaze_plus_head_pose,-5.97,28.55,7.36,-6.299,3.795,-17.977,False,0.0,False,False,not_tired,False,not_asleep,False,0.0,False,False,False,0.0,forward,gaze_or_head_pose,False,False,False,1,0,
Twitch streamer starts to fall asleep while driving....mp4,True,11.333,0.2164,0.0367,0.0469,0.0028,0.0028,True,gaze_stable,gaze_plus_head_pose,-6.58,30.76,7.0,-6.248,5.144,-18.029,True,0.0,False,False,not_tired,False,not_asleep,False,0.0,False,False,False,0.0,forward,gaze_or_head_pose,False,False,False,1,0,
Twitch streamer starts to fall asleep while driving....mp4,True,11.367,0.1724,0.054,0.0497,0.0028,0.0,False,eyes_too_closed,head_pose_only,-6.36,30.41,8.07,-6.147,5.983,-17.744,True,0.033,False,False,not_tired,False,not_asleep,False,0.0,False,False,False,0.0,forward,head_pose_only,False,False,False,1,0,
Twitch streamer starts to fall asleep while driving....mp4,True,11.4,0.0904,0.0426,0.0525,0.0022,0.0,False,eyes_too_closed,head_pose_only,-6.88,31.96,6.26,-6.232,7.035,-18.088,True,0.067,False,False,not_tired,False,not_asleep,False,0.0,False,False,False,0.0,forward,head_pose_only,False,False,False,1,0,
Twitch streamer starts to fall asleep while driving....mp4,True,11.433,0.1115,0.0457,0.0552,0.0028,0.0,False,eyes_too_closed,head_pose_only,-7.19,32.33,7.82,-6.384,7.882,-17.861,True,0.1,False,False,not_tired,False,not_asleep,False,0.0,False,False,False,0.0,forward,head_pose_only,False,False,False,1,0,
Twitch streamer starts to fall asleep while driving....mp4,True,11.467,0.051,0.011,0.058,0.0035,0.0,False,eyes_too_closed,head_pose_only,-7.62,33.74,6.3,-6.62,8.899,-18.157,True,0.133,False,False,not_tired,False,not_asleep,False,0.0,False,False,False,0.0,forward,head_pose_only,False,False,False,1,0,
Twitch streamer starts to fall asleep while driving....mp4,True,11.5,0.0313,0.0146,0.0607,0.0018,0.0,False,eyes_too_closed,head_pose_only,-7.79,35.59,5.78,-6.836,10.165,-18.521,True,0.167,False,False,not_tired,False,not_asleep,False,0.0,False,False,False,0.0,forward,head_pose_only,False,False,False,1,0,
Twitch streamer starts to fall asleep while driving....mp4,True,11.533,0.0648,0.0209,0.0634,0.003,0.0,False,eyes_too_closed,head_pose_only,-6.73,39.99,8.77,-6.669,12.372,-17.879,True,0.2,False,False,not_tired,False,not_asleep,False,0.0,False,False,False,0.0,forward,head_pose_only,False,False,False,1,0,
Twitch streamer starts to fall asleep while driving....mp4,True,11.567,0.0867,0.0206,0.0661,0.0025,0.0,False,eyes_too_closed,head_pose_only,-7.77,34.21,6.78,-6.864,12.182,-18.026,True,0.233,False,False,not_tired,False,not_asleep,False,0.0,False,False,False,0.0,forward,head_pose_only,False,False,False,1,0,
Twitch streamer starts to fall asleep while driving....mp4,True,11.6,0.0926,0.0087,0.0688,0.0019,0.0,False,eyes_too_closed,head_pose_only,-6.24,32.27,7.28,-6.542,11.467,-17.979,True,0.267,False,False,not_tired,False,not_asleep,False,0.0,False,False,False,0.0,forward,head_pose_only,False,False,False,1,0,
Twitch streamer starts to fall asleep while driving....mp4,True,11.633,0.1104,0.0143,0.0714,0.0017,0.0,False,eyes_too_closed,head_pose_only,-7.37,33.79,6.31,-6.655,11.423,-18.238,True,0.3,False,False,not_tired,False,not_asleep,False,0.0,False,False,False,0.0,forward,head_pose_only,False,False,False,1,0,
Twitch streamer starts to fall asleep while driving....mp4,True,11.667,0.2179,0.02,0.0741,0.0023,0.0,False,gaze_stable,head_pose_only,-6.19,31.21,7.74,-6.381,10.618,-17.989,True,0.333,False,False,not_tired,False,not_asleep,False,0.0,False,False,False,0.0,forward,head_pose_only,False,False,False,1,0,
Twitch streamer starts to fall asleep while driving....mp4,True,11.7,0.2605,0.0128,0.0739,0.0044,0.0,False,gaze_stable,head_pose_only,-5.52,30.85,7.95,-5.988,9.947,-17.752,True,0.367,False,False,not_tired,False,not_asleep,False,0.0,False,False,False,0.0,forward,head_pose_only,False,False,False,1,0,
Twitch streamer starts to fall asleep while driving....mp4,True,11.733,0.3369,0.0143,0.0737,0.0043,0.0,False,gaze_stable,head_pose_only,-6.73,32.71,7.77,-6.075,10.035,-17.641,True,0.4,False,False,not_tired,False,not_asleep,False,0.0,False,False,False,0.0,forward,head_pose_only,False,False,False,1,0,
Twitch streamer starts to fall asleep while driving....mp4,True,11.767,0.3637,0.0286,0.0734,0.0049,0.0,False,gaze_stable,head_pose_only,-6.3,28.8,7.22,-6.008,8.923,-17.728,True,0.433,False,False,not_tired,False,not_asleep,False,0.0,False,False,False,0.0,forward,head_pose_only,False,False,False,1,0,
Twitch streamer starts to fall asleep while driving....mp4,True,11.8,0.3649,0.0754,0.0732,0.0045,0.0,False,gaze_stable,head_pose_only,-5.89,28.92,7.07,-5.837,8.181,-17.833,True,0.467,False,False,not_tired,False,not_asleep,False,0.0,False,False,False,0.0,forward,head_pose_only,False,False,False,1,0,
Twitch streamer starts to fall asleep while driving....mp4,True,11.833,0.3596,0.0133,0.073,0.0044,0.0,False,gaze_stable,head_pose_only,-6.62,29.14,5.1,-5.937,7.728,-18.498,False,0.0,False,False,not_tired,False,not_asleep,False,0.0,False,False,False,0.0,forward,head_pose_only,False,False,False,1,0,
Twitch streamer starts to fall asleep while driving....mp4,True,11.867,0.3793,0.0135,0.0728,0.0041,0.0,False,gaze_stable,head_pose_only,-7.04,29.65,6.49,-6.133,7.564,-18.547,False,0.0,False,False,not_tired,False,not_asleep,False,0.0,False,False,False,0.0,forward,head_pose_only,False,False,False,1,0,
Twitch streamer starts to fall asleep while driving....mp4,True,11.9,0.4091,0.0244,0.0726,0.004,0.004,True,gaze_stable,gaze_plus_head_pose,-5.41,29.47,6.37,-5.781,7.394,-18.617,False,0.0,False,False,not_tired,False,not_asleep,False,0.0,False,False,False,0.0,forward,gaze_or_head_pose,False,False,False,1,0,
Twitch streamer starts to fall asleep while driving....mp4,True,11.933,0.4125,0.015,0.0724,0.004,0.004,True,gaze_stable,gaze_plus_head_pose,-6.2,29.42,6.66,-5.772,7.261,-18.579,False,0.0,False,False,not_tired,False,not_asleep,False,0.0,False,False,False,0.0,forward,gaze_or_head_pose,False,False,False,1,0,
Twitch streamer starts to fall asleep while driving....mp4,True,11.967,0.4342,0.0464,0.0722,0.0036,0.0036,True,gaze_stable,gaze_plus_head_pose,-5.11,29.41,7.49,-5.438,7.165,-18.303,False,0.0,False,False,not_tired,False,not_asleep,False,0.0,False,False,False,0.0,forward,gaze_or_head_pose,False,False,False,1,0,
Twitch streamer starts to fall asleep while driving....mp4,True,12.0,0.4215,0.0746,0.072,0.0043,0.0043,True,gaze_stable,gaze_plus_head_pose,-6.18,31.16,7.16,-5.526,7.622,-18.209,False,0.0,False,False,not_tired,False,not_asleep,False,0.0,False,False,False,0.0,forward,gaze_or_head_pose,False,False,False,1,0,
Twitch streamer starts to fall asleep while driving....mp4,True,12.033,0.4915,0.0564,0.0718,0.0041,0.0041,True,gaze_stable,gaze_plus_head_pose,-4.2,29.47,8.99,-4.993,7.436,-17.594,False,0.0,False,False,not_tired,False,not_asleep,False,0.0,False,False,False,0.0,forward,gaze_or_head_pose,False,False,False,1,0,
Twitch streamer starts to fall asleep while driving....mp4,True,12.067,0.4184,0.0568,0.0716,0.0044,0.0044,True,gaze_stable,gaze_plus_head_pose,-4.54,29.71,8.85,-4.722,7.377,-17.206,False,0.0,False,False,not_tired,False,not_asleep,False,0.0,False,False,False,0.0,forward,gaze_or_head_pose,False,False,False,1,0,
Twitch streamer starts to fall asleep while driving....mp4,True,12.1,0.4858,0.0888,0.0714,0.0044,0.0044,True,gaze_stable,gaze_plus_head_pose,-3.6,28.98,8.96,-4.25,7.117,-16.901,False,0.0,False,False,not_tired,False,not_asleep,False,0.0,False,False,False,0.0,forward,gaze_or_head_pose,False,False,False,1,0,
Twitch streamer starts to fall asleep while driving....mp4,True,12.133,0.4761,0.1053,0.0712,0.0045,0.0045,True,gaze_stable,gaze_plus_head_pose,-4.78,28.33,7.64,-4.274,6.74,-17.084,False,0.0,False,False,not_tired,False,not_asleep,False,0.0,False,False,False,0.0,forward,gaze_or_head_pose,False,False,False,1,0,
Twitch streamer starts to fall asleep while driving....mp4,True,12.167,0.4984,0.0531,0.071,0.0042,0.0042,True,gaze_stable,gaze_plus_head_pose,-4.44,27.34,8.72,-4.189,6.179,-16.888,False,0.0,False,False,not_tired,False,not_asleep,False,0.0,False,False,False,0.0,forward,gaze_or_head_pose,False,False,False,1,0,
Twitch streamer starts to fall asleep while driving....mp4,True,12.2,0.5011,0.082,0.0708,0.0043,0.0043,True,gaze_stable,gaze_plus_head_pose,-4.63,27.14,6.2,-4.186,5.726,-17.506,False,0.0,False,False,not_tired,False,not_asleep,False,0.0,False,False,False,0.0,forward,gaze_or_head_pose,False,False,False,1,0,
Twitch streamer starts to fall asleep while driving....mp4,True,12.233,0.4743,0.0593,0.0707,0.004,0.004,True,gaze_stable,gaze_plus_head_pose,-5.39,26.89,7.9,-4.412,5.334,-17.429,False,0.0,False,False,not_tired,False,not_asleep,False,0.0,False,False,False,0.0,forward,gaze_or_head_pose,False,False,False,1,0,
Twitch streamer starts to fall asleep while driving....mp4,True,12.267,0.5098,0.0669,0.0705,0.0047,0.0047,True,gaze_stable,gaze_plus_head_pose,-4.86,25.26,8.13,-4.412,4.571,-17.307,False,0.0,False,False,not_tired,False,not_asleep,False,0.0,False,False,False,0.0,forward,gaze_or_head_pose,False,False,False,1,0,
Twitch streamer starts to fall asleep while driving....mp4,True,12.3,0.4979,0.0724,0.0703,0.005,0.005,True,gaze_stable,gaze_plus_head_pose,-5.17,25.21,7.9,-4.504,4.022,-17.29,False,0.0,False,False,not_tired,False,not_asleep,False,0.0,False,False,False,0.0,forward,gaze_or_head_pose,False,False,False,1,0,
Twitch streamer starts to fall asleep while driving....mp4,True,12.333,0.5192,0.0641,0.0701,0.0049,0.0049,True,gaze_stable,gaze_plus_head_pose,-5.01,24.86,8.55,-4.521,3.532,-17.083,False,0.0,False,False,not_tired,False,not_asleep,False,0.0,False,False,False,0.0,forward,gaze_or_head_pose,False,False,False,1,0,
Twitch streamer starts to fall asleep while driving....mp4,True,12.367,0.4878,0.0915,0.0699,0.0041,0.0041,True,gaze_stable,gaze_plus_head_pose,-6.4,23.96,6.89,-4.95,2.92,-17.436,False,0.0,False,False,not_tired,False,not_asleep,False,0.0,False,False,False,0.0,forward,gaze_or_head_pose,False,False,False,1,0,
Twitch streamer starts to fall asleep while driving....mp4,True,12.4,0.454,0.1087,0.0697,0.0048,0.0048,True,gaze_stable,gaze_plus_head_pose,-6.27,24.72,6.79,-5.211,2.719,-17.713,False,0.0,False,False,not_tired,False,not_asleep,False,0.0,False,False,False,0.0,forward,gaze_or_head_pose,False,False,False,1,0,
Twitch streamer starts to fall asleep while driving....mp4,True,12.433,0.4683,0.2174,0.0695,0.0044,0.0044,True,gaze_stable,gaze_plus_head_pose,-7.08,22.74,5.94,-5.637,1.984,-18.162,False,0.0,False,False,not_tired,False,not_asleep,False,0.0,False,False,False,0.0,forward,gaze_or_head_pose,False,False,False,1,0,
Twitch streamer starts to fall asleep while driving....mp4,True,12.467,0.4386,0.1118,0.0693,0.0033,0.0033,True,gaze_stable,gaze_plus_head_pose,-7.24,23.8,6.47,-5.983,1.788,-18.318,False,0.0,False,False,not_tired,False,not_asleep,False,0.0,False,False,False,0.0,forward,gaze_or_head_pose,False,False,False,1,0,
Twitch streamer starts to fall asleep while driving....mp4,True,12.5,0.4409,0.0704,0.0691,0.005,0.005,True,gaze_stable,gaze_plus_head_pose,-8.06,23.51,3.99,-6.471,1.563,-19.17,False,0.0,False,False,not_tired,False,not_asleep,False,0.0,False,False,False,0.0,forward,gaze_or_head_pose,False,False,False,1,0,
Twitch streamer starts to fall asleep while driving....mp4,True,12.533,0.434,0.0473,0.069,0.0041,0.0041,True,gaze_stable,gaze_plus_head_pose,-7.49,24.17,6.13,-6.642,1.604,-19.125,False,0.0,False,False,not_tired,False,not_asleep,False,0.0,False,False,False,0.0,forward,gaze_or_head_pose,False,False,False,1,0,
Twitch streamer starts to fall asleep while driving....mp4,True,12.567,0.4351,0.0939,0.0688,0.0045,0.0045,True,gaze_stable,gaze_plus_head_pose,-7.9,22.01,4.94,-6.884,0.985,-19.451,False,0.0,False,False,not_tired,False,not_asleep,False,0.0,False,False,False,0.0,forward,gaze_or_head_pose,False,False,False,1,0,
Twitch streamer starts to fall asleep while driving....mp4,True,12.6,0.4407,0.0148,0.0686,0.0046,0.0046,True,gaze_stable,gaze_plus_head_pose,-8.75,23.75,4.38,-7.309,1.074,-19.846,False,0.0,False,False,not_tired,False,not_asleep,False,0.0,False,False,False,0.0,forward,gaze_or_head_pose,False,False,False,1,0,
Twitch streamer starts to fall asleep while driving....mp4,True,12.633,0.432,0.1112,0.0684,0.0046,0.0046,True,gaze_stable,gaze_plus_head_pose,-8.0,21.48,5.14,-7.381,0.455,-19.896,False,0.0,False,False,not_tired,False,not_asleep,False,0.0,False,False,False,0.0,forward,gaze_or_head_pose,False,False,False,1,0,
Twitch streamer starts to fall asleep while driving....mp4,True,12.667,0.4059,0.0864,0.0682,0.0051,0.0051,True,gaze_stable,gaze_plus_head_pose,-8.04,23.53,4.71,-7.444,0.636,-20.059,False,0.0,False,False,not_tired,False,not_asleep,False,0.0,False,False,False,0.0,forward,gaze_or_head_pose,False,False,False,1,0,
Twitch streamer starts to fall asleep while driving....mp4,True,12.7,0.4175,0.0284,0.0681,0.0044,0.0044,True,gaze_stable,gaze_plus_head_pose,-7.86,22.64,4.83,-7.434,0.496,-20.137,False,0.0,False,False,not_tired,False,not_asleep,False,0.0,False,False,False,0.0,forward,gaze_or_head_pose,False,False,False,1,0,
Twitch streamer starts to fall asleep while driving....mp4,True,12.733,0.3896,0.0342,0.0679,0.0044,0.0044,True,gaze_stable,gaze_plus_head_pose,-6.97,24.05,5.78,-7.16,0.821,-19.907,False,0.0,False,False,not_tired,False,not_asleep,False,0.0,False,False,False,0.0,forward,gaze_or_head_pose,False,False,False,1,0,
Twitch streamer starts to fall asleep while driving....mp4,True,12.767,0.4149,0.1423,0.0677,0.004,0.004,True,gaze_stable,gaze_plus_head_pose,-6.23,23.7,6.76,-6.746,0.944,-19.452,False,0.0,False,False,not_tired,False,not_asleep,False,0.0,False,False,False,0.0,forward,gaze_or_head_pose,False,False,False,1,0,
Twitch streamer starts to fall asleep while driving....mp4,True,12.8,0.4146,0.1276,0.0675,0.0038,0.0038,True,gaze_stable,gaze_plus_head_pose,-5.89,22.71,6.79,-6.354,0.733,-19.124,False,0.0,False,False,not_tired,False,not_asleep,False,0.0,False,False,False,0.0,forward,gaze_or_head_pose,False,False,False,1,0,
Twitch streamer starts to fall asleep while driving....mp4,True,12.833,0.4249,0.2307,0.0674,0.0043,0.0043,True,gaze_stable,gaze_plus_head_pose,-5.44,23.69,6.94,-5.945,0.879,-18.85,False,0.0,False,False,not_tired,False,not_asleep,False,0.0,False,False,False,0.0,forward,gaze_or_head_pose,False,False,False,1,0,
Twitch streamer starts to fall asleep while driving....mp4,True,12.867,0.3868,0.0988,0.0672,0.0046,0.0046,True,gaze_stable,gaze_plus_head_pose,-4.54,24.34,8.37,-5.388,1.176,-18.229,False,0.0,False,False,not_tired,False,not_asleep,False,0.0,False,False,False,0.0,forward,gaze_or_head_pose,False,False,False,1,0,
Twitch streamer starts to fall asleep while driving....mp4,True,12.9,0.4055,0.2495,0.067,0.0035,0.0035,True,gaze_stable,gaze_plus_head_pose,-5.27,23.84,6.67,-5.218,1.234,-18.304,False,0.0,False,False,not_tired,False,not_asleep,False,0.0,False,False,False,0.0,forward,gaze_or_head_pose,False,False,False,1,0,
Twitch streamer starts to fall asleep while driving....mp4,True,12.933,0.4279,0.1387,0.0668,0.0039,0.0039,True,gaze_stable,gaze_plus_head_pose,-5.01,23.0,9.62,-5.02,1.023,-17.472,False,0.0,False,False,not_tired,False,not_asleep,False,0.0,False,False,False,0.0,forward,gaze_or_head_pose,False,False,False,1,0,
Twitch streamer starts to fall asleep while driving....mp4,True,12.967,0.3896,0.1869,0.0667,0.0046,0.0046,True,gaze_stable,gaze_plus_head_pose,-4.79,21.98,9.29,-4.816,0.569,-16.988,False,0.0,False,False,not_tired,False,not_asleep,False,0.0,False,False,False,0.0,forward,gaze_or_head_pose,False,False,False,1,0,
Twitch streamer starts to fall asleep while driving....mp4,True,13.0,0.3778,0.0214,0.0665,0.0043,0.0043,True,gaze_stable,gaze_plus_head_pose,-5.29,21.3,11.27,-4.823,0.047,-16.056,False,0.0,False,False,not_tired,False,not_asleep,False,0.0,False,False,False,0.0,forward,gaze_or_head_pose,False,False,False,1,0,
Twitch streamer starts to fall asleep while driving....mp4,True,13.033,0.3789,0.0632,0.0663,0.0039,0.0039,True,gaze_stable,gaze_plus_head_pose,-6.57,20.88,9.33,-5.212,-0.444,-15.985,False,0.0,False,False,not_tired,False,not_asleep,False,0.0,False,False,False,0.0,forward,gaze_or_head_pose,False,False,False,1,0,
Twitch streamer starts to fall asleep while driving....mp4,True,13.067,0.3963,0.0275,0.0662,0.0041,0.0041,True,gaze_stable,gaze_plus_head_pose,-7.09,19.28,9.13,-5.641,-1.268,-15.996,False,0.0,False,False,not_tired,False,not_asleep,False,0.0,False,False,False,0.0,forward,gaze_or_head_pose,False,False,False,1,0,
Twitch streamer starts to fall asleep while driving....mp4,True,13.1,0.3679,0.2174,0.066,0.0052,0.0052,True,gaze_stable,gaze_plus_head_pose,-8.47,19.04,7.56,-6.354,-1.916,-16.474,False,0.0,False,False,not_tired,False,not_asleep,False,0.0,False,False,False,0.0,forward,gaze_or_head_pose,False,False,False,1,0,
Twitch streamer starts to fall asleep while driving....mp4,True,13.133,0.3513,0.175,0.0658,0.0053,0.0053,True,gaze_stable,gaze_plus_head_pose,-7.66,18.77,7.03,-6.611,-2.451,-16.968,False,0.0,False,False,not_tired,False,not_asleep,False,0.0,False,False,False,0.0,forward,gaze_or_head_pose,False,False,False,1,0,
Twitch streamer starts to fall asleep while driving....mp4,True,13.167,0.2942,0.2625,0.0657,0.0043,0.0043,True,gaze_stable,gaze_plus_head_pose,-8.73,15.56,7.09,-7.112,-3.789,-17.295,False,0.0,False,False,not_tired,False,not_asleep,False,0.0,False,False,False,0.0,forward,gaze_or_head_pose,False,False,False,1,0,
Twitch streamer starts to fall asleep while driving....mp4,True,13.2,0.2943,0.1633,0.0655,0.0048,0.0048,True,gaze_stable,gaze_plus_head_pose,-7.42,14.27,7.04,-7.069,-5.112,-17.54,False,0.0,False,False,not_tired,False,not_asleep,False,0.0,False,False,False,0.0,forward,gaze_or_head_pose,False,False,False,1,0,
Twitch streamer starts to fall asleep while driving....mp4,True,13.233,0.2813,0.1892,0.0653,0.0045,0.0045,True,gaze_stable,gaze_plus_head_pose,-7.63,13.44,7.75,-7.102,-6.288,-17.498,False,0.0,False,False,not_tired,False,not_asleep,False,0.0,False,False,False,0.0,forward,gaze_or_head_pose,False,False,False,1,0,
Twitch streamer starts to fall asleep while driving....mp4,True,13.267,0.2302,0.0654,0.0652,0.0051,0.0051,True,gaze_stable,gaze_plus_head_pose,-6.76,10.51,7.42,-6.865,-7.989,-17.567,False,0.0,False,False,not_tired,False,not_asleep,False,0.0,False,False,False,0.0,forward,gaze_or_head_pose,False,False,False,1,0,
Twitch streamer starts to fall asleep while driving....mp4,True,13.3,0.1377,0.0233,0.0675,0.0049,0.0,False,eyes_too_closed,head_pose_only,-6.13,8.83,8.61,-6.509,-9.685,-17.259,True,0.0,False,False,not_tired,False,not_asleep,False,0.0,False,False,False,0.0,forward,head_pose_only,False,False,False,1,0,
Twitch streamer starts to fall asleep while driving....mp4,True,13.333,0.118,0.0164,0.0698,0.0032,0.0,False,eyes_too_closed,head_pose_only,-5.33,7.46,8.42,-6.021,-11.282,-17.1,True,0.033,False,False,not_tired,False,not_asleep,False,0.0,False,False,False,0.0,forward,head_pose_only,False,False,False,1,0,
Twitch streamer starts to fall asleep while driving....mp4,True,13.367,0.1197,0.0119,0.0721,0.0024,0.0,False,eyes_too_closed,head_pose_only,-4.31,5.72,9.44,-5.372,-12.923,-16.683,True,0.067,False,False,not_tired,False,not_asleep,False,0.0,False,False,False,0.0,forward,head_pose_only,False,False,False,1,0,
Twitch streamer starts to fall asleep while driving....mp4,True,13.4,0.0616,0.0247,0.0744,0.0036,0.0,False,eyes_too_closed,head_pose_only,-3.82,5.83,9.6,-4.772,-14.038,-16.343,True,0.1,False,False,not_tired,False,not_asleep,False,0.0,False,False,False,0.0,forward,head_pose_only,False,False,False,1,0,
Twitch streamer starts to fall asleep while driving....mp4,True,13.433,0.0829,0.0184,0.0767,0.0018,0.0,False,eyes_too_closed,head_pose_only,-3.2,3.28,10.12,-2.75,-19.19,-15.03,True,0.133,False,False,not_tired,False,sleep_pose_counting,True,0.0,True,False,False,0.0,head_away,head_pose_only,False,False,False,1,0,
Twitch streamer starts to fall asleep while driving....mp4,True,13.467,0.095,0.0349,0.079,0.0029,0.0,False,eyes_too_closed,head_pose_only,-3.47,3.21,9.79,-3.02,-19.26,-15.36,True,0.167,False,False,not_tired,False,sleep_pose_counting,True,0.033,True,False,False,0.033,head_away,head_pose_only,False,False,False,1,0,
Twitch streamer starts to fall asleep while driving....mp4,True,13.5,0.097,0.0238,0.0813,0.002,0.0,False,eyes_too_closed,head_pose_only,-2.83,0.07,10.63,-2.38,-22.4,-14.52,True,0.2,False,False,not_tired,False,sleep_pose_counting,True,0.067,True,False,False,0.067,head_away,head_pose_only,False,False,False,1,0,
Twitch streamer starts to fall asleep while driving....mp4,True,13.533,0.0923,0.0901,0.0835,0.0022,0.0,False,eyes_too_closed,head_pose_only,-2.92,0.19,10.72,-2.47,-22.28,-14.43,True,0.233,False,False,not_tired,False,sleep_pose_counting,True,0.1,True,False,False,0.1,head_away,head_pose_only,False,False,False,1,0,
Twitch streamer starts to fall asleep while driving....mp4,True,13.567,0.0746,0.0556,0.0858,0.0006,0.0,False,eyes_too_closed,head_pose_only,-2.79,-2.58,10.59,-2.34,-25.05,-14.56,True,0.267,False,False,not_tired,False,sleep_pose_counting,True,0.133,True,False,False,0.133,head_away,head_pose_only,False,False,False,1,0,
Twitch streamer starts to fall asleep while driving....mp4,True,13.6,0.09,0.1559,0.088,0.0017,0.0,False,eyes_too_closed,head_pose_only,-2.75,-4.11,7.67,-2.3,-26.58,-17.48,True,0.3,False,False,not_tired,False,sleep_pose_counting,True,0.167,True,False,False,0.167,head_away,head_pose_only,False,False,False,1,0,
Twitch streamer starts to fall asleep while driving....mp4,True,13.633,0.0935,0.0171,0.0902,0.001,0.0,False,eyes_too_closed,head_pose_only,-3.03,-6.75,9.67,-2.58,-29.22,-15.48,True,0.333,False,False,not_tired,False,sleep_pose_counting,True,0.2,True,False,False,0.2,severe_head_pose,head_pose_only,False,False,False,1,0,
Twitch streamer starts to fall asleep while driving....mp4,True,13.667,0.055,0.1194,0.0925,0.0011,0.0,False,eyes_too_closed,head_pose_only,-3.15,-8.63,7.89,-2.7,-31.1,-17.26,True,0.367,False,False,not_tired,False,sleep_pose_counting,True,0.233,True,False,False,0.233,severe_head_pose,head_pose_only,False,False,False,1,0,
Twitch streamer starts to fall asleep while driving....mp4,True,13.7,0.0748,0.0306,0.0947,0.0012,0.0,False,eyes_too_closed,head_pose_only,-4.1,-9.0,9.38,-3.65,-31.47,-15.77,True,0.4,False,False,not_tired,False,sleep_pose_counting,True,0.267,True,False,False,0.267,severe_head_pose,head_pose_only,False,False,False,1,0,
Twitch streamer starts to fall asleep while driving....mp4,True,13.733,0.0646,0.0102,0.0969,0.0017,0.0,False,eyes_too_closed,head_pose_only,-4.6,-13.3,8.08,-4.15,-35.77,-17.07,True,0.433,False,False,not_tired,False,sleep_pose_counting,True,0.3,True,False,False,0.3,severe_head_pose,head_pose_only,False,False,False,1,0,
Twitch streamer starts to fall asleep while driving....mp4,True,13.767,0.0686,0.0186,0.099,0.001,0.0,False,eyes_too_closed,head_pose_only,-6.01,-12.08,9.18,-5.56,-34.55,-15.97,True,0.467,False,False,not_tired,False,sleep_pose_counting,True,0.333,True,False,False,0.333,severe_head_pose,head_pose_only,False,False,False,1,0,
Twitch streamer starts to fall asleep while driving....mp4,True,13.8,0.076,0.0192,0.1012,0.0016,0.0,False,eyes_too_closed,head_pose_only,-6.23,-13.88,7.96,-5.78,-36.35,-17.19,True,0.5,False,False,not_tired,False,sleep_pose_counting,True,0.367,True,False,False,0.367,severe_head_pose,head_pose_only,False,False,False,1,0,
Twitch streamer starts to fall asleep while driving....mp4,True,13.833,0.0688,0.0089,0.1034,0.001,0.0,False,eyes_too_closed,head_pose_only,-7.11,-12.21,9.47,-6.66,-34.68,-15.68,True,0.533,False,False,not_tired,False,sleep_pose_counting,True,0.4,True,False,False,0.4,severe_head_pose,head_pose_only,False,False,False,1,0,
Twitch streamer starts to fall asleep while driving....mp4,True,13.867,0.0801,0.0303,0.1055,0.0021,0.0,False,eyes_too_closed,head_pose_only,-6.31,-13.41,8.29,-5.86,-35.88,-16.86,True,0.567,False,True,slow_eye_closure,False,sleep_pose_counting,True,0.433,True,False,False,0.433,severe_head_pose,head_pose_only,False,False,False,1,0,
Twitch streamer starts to fall asleep while driving....mp4,True,13.9,0.0853,0.015,0.1077,0.002,0.0,False,eyes_too_closed,head_pose_only,-6.64,-11.09,9.02,-6.19,-33.56,-16.13,True,0.6,False,True,slow_eye_closure,False,sleep_pose_counting,True,0.467,True,False,False,0.467,severe_head_pose,head_pose_only,False,False,False,1,0,
Twitch streamer starts to fall asleep while driving....mp4,True,13.933,0.0941,0.0202,0.1098,0.0023,0.0,False,eyes_too_closed,head_pose_only,-5.76,-11.66,8.14,-5.31,-34.13,-17.01,True,0.633,False,True,slow_eye_closure,False,sleep_pose_counting,True,0.5,True,False,False,0.5,severe_head_pose,head_pose_only,False,False,False,1,0,
Twitch streamer starts to fall asleep while driving....mp4,True,13.967,0.0898,0.0204,0.1119,0.0019,0.0,False,eyes_too_closed,head_pose_only,-6.25,-9.56,9.42,-5.8,-32.03,-15.73,True,0.667,False,True,slow_eye_closure,False,sleep_pose_counting,True,0.533,True,False,False,0.533,severe_head_pose,head_pose_only,False,False,False,1,0,
Twitch streamer starts to fall asleep while driving....mp4,True,14.0,0.1336,0.0322,0.114,0.0033,0.0,False,eyes_too_closed,head_pose_only,-5.87,-10.08,9.14,-5.42,-32.55,-16.01,True,0.7,False,True,slow_eye_closure,False,sleep_pose_counting,True,0.567,True,False,False,0.567,severe_head_pose,head_pose_only,False,False,False,1,0,
Twitch streamer starts to fall asleep while driving....mp4,True,14.033,0.3782,0.0694,0.1137,0.0046,0.0,False,gaze_stable,head_pose_only,-5.58,-7.07,9.39,-5.13,-29.54,-15.76,True,0.733,False,True,slow_eye_closure,False,sleep_pose_counting,True,0.6,True,False,False,0.6,severe_head_pose,head_pose_only,False,False,False,1,0,
Twitch streamer starts to fall asleep while driving....mp4,True,14.067,0.4501,0.0572,0.1135,0.005,0.0,False,gaze_stable,head_pose_only,-4.66,-6.95,8.67,-4.21,-29.42,-16.48,True,0.767,False,True,slow_eye_closure,False,sleep_pose_counting,True,0.633,True,False,False,0.633,severe_head_pose,head_pose_only,False,False,False,1,0,
Twitch streamer starts to fall asleep while driving....mp4,True,14.1,0.4924,0.0242,0.1132,0.0048,0.0,False,gaze_stable,head_pose_only,-4.98,-5.72,9.0,-4.53,-28.19,-16.15,True,0.8,False,True,slow_eye_closure,False,sleep_pose_counting,True,0.667,True,False,False,0.667,severe_head_pose,head_pose_only,False,False,False,1,0,
Twitch streamer starts to fall asleep while driving....mp4,True,14.133,0.4813,0.0212,0.1129,0.0052,0.0,False,gaze_stable,head_pose_only,-4.85,-5.68,9.9,-4.4,-28.15,-15.25,True,0.833,False,True,slow_eye_closure,False,sleep_pose_counting,True,0.7,True,False,False,0.7,severe_head_pose,head_pose_only,False,False,False,1,0,
Twitch streamer starts to fall asleep while driving....mp4,True,14.167,0.5071,0.0201,0.1127,0.0044,0.0,False,gaze_stable,head_pose_only,-4.87,-2.51,7.74,-4.42,-24.98,-17.41,False,0.0,False,True,slow_eye_closure,False,sleep_pose_counting,True,0.733,True,False,False,0.733,head_away,head_pose_only,False,False,False,1,0,
Twitch streamer starts to fall asleep while driving....mp4,True,14.2,0.5305,0.0232,0.1124,0.0047,0.0,False,gaze_stable,head_pose_only,-4.88,-3.05,7.69,-4.43,-25.52,-17.46,False,0.0,False,True,slow_eye_closure,False,sleep_pose_counting,True,0.767,True,False,False,0.767,head_away,head_pose_only,False,False,False,1,0,
Twitch streamer starts to fall asleep while driving....mp4,True,14.233,0.534,0.0347,0.1121,0.0043,0.0,False,gaze_stable,head_pose_only,-5.21,-0.92,8.02,-4.76,-23.39,-17.13,False,0.0,False,True,slow_eye_closure,False,sleep_pose_counting,True,0.8,True,False,False,0.8,head_away,head_pose_only,False,False,False,1,0,
Twitch streamer starts to fall asleep while driving....mp4,True,14.267,0.5677,0.0149,0.1119,0.0044,0.0044,True,gaze_stable,gaze_plus_head_pose,-5.23,-0.84,7.84,-4.78,-23.31,-17.31,False,0.0,False,True,slow_eye_closure,False,sleep_pose_counting,True,0.833,True,False,False,0.833,head_away,gaze_or_head_pose,False,False,False,1,0,
Twitch streamer starts to fall asleep while driving....mp4,True,14.3,0.5503,0.0613,0.1116,0.005,0.005,True,gaze_stable,gaze_plus_head_pose,-5.1,0.7,7.83,-4.65,-21.77,-17.32,False,0.0,False,True,slow_eye_closure,False,sleep_pose_counting,True,0.867,True,False,False,0.867,head_away,gaze_or_head_pose,False,False,False,1,0,
Twitch streamer starts to fall asleep while driving....mp4,True,14.333,0.549,0.0996,0.1114,0.0045,0.0045,True,gaze_stable,gaze_plus_head_pose,-4.92,1.47,7.36,-4.47,-21.0,-17.79,False,0.0,False,True,slow_eye_closure,False,sleep_pose_counting,True,0.9,True,False,False,0.9,head_away,gaze_or_head_pose,False,False,False,1,0,
Twitch streamer starts to fall asleep while driving....mp4,True,14.367,0.5455,0.1045,0.1111,0.0052,0.0052,True,gaze_stable,gaze_plus_head_pose,-4.85,1.06,7.92,-4.4,-21.41,-17.23,False,0.0,False,True,slow_eye_closure,False,sleep_pose_counting,True,0.933,True,False,False,0.933,head_away,gaze_or_head_pose,False,False,False,1,0,
Twitch streamer starts to fall asleep while driving....mp4,True,14.4,0.5231,0.0548,0.1109,0.0037,0.0037,True,gaze_stable,gaze_plus_head_pose,-5.01,3.59,8.0,-4.56,-18.88,-17.15,False,0.0,False,True,slow_eye_closure,False,sleep_pose_counting,True,0.967,True,False,False,0.967,head_away,gaze_or_head_pose,False,False,False,1,0,
Twitch streamer starts to fall asleep while driving....mp4,True,14.433,0.5789,0.1137,0.1106,0.0042,0.0042,True,gaze_stable,gaze_plus_head_pose,-4.61,3.33,8.26,-4.16,-19.14,-16.89,False,0.0,False,True,slow_eye_closure,False,sleep_pose_counting,True,1.0,True,False,False,1.0,head_away,gaze_or_head_pose,False,False,False,1,0,
Twitch streamer starts to fall asleep while driving....mp4,True,14.467,0.5607,0.1562,0.1103,0.0042,0.0042,True,gaze_stable,gaze_plus_head_pose,-4.86,4.71,8.23,-4.235,-18.726,-16.899,False,0.0,False,True,slow_eye_closure,False,sleep_pose_counting,True,1.033,True,False,False,1.033,head_away,gaze_or_head_pose,False,False,False,1,0,
Twitch streamer starts to fall asleep while driving....mp4,True,14.5,0.5595,0.0776,0.1101,0.0042,0.0042,True,gaze_stable,gaze_plus_head_pose,-4.49,3.8,8.92,-4.04,-18.67,-16.23,False,0.0,False,True,slow_eye_closure,False,sleep_pose_counting,True,1.067,True,False,False,1.067,head_away,gaze_or_head_pose,False,False,False,1,0,
Twitch streamer starts to fall asleep while driving....mp4,True,14.533,0.6284,0.052,0.1098,0.0041,0.0041,True,gaze_stable,gaze_plus_head_pose,-4.67,5.18,9.64,-4.094,-18.256,-16.014,False,0.0,False,True,slow_eye_closure,False,sleep_pose_counting,True,1.1,True,False,False,1.1,head_away,gaze_or_head_pose,False,False,False,1,0,
Twitch streamer starts to fall asleep while driving....mp4,True,14.567,0.5609,0.1049,0.1096,0.0041,0.0041,True,gaze_stable,gaze_plus_head_pose,-4.32,5.17,9.83,-4.027,-17.969,-15.806,False,0.0,False,True,slow_eye_closure,False,sleep_pose_counting,True,1.133,True,False,False,1.133,forward,gaze_or_head_pose,False,False,False,1,0,
Twitch streamer starts to fall asleep while driving....mp4,True,14.6,0.6053,0.1573,0.1093,0.004,0.004,True,gaze_stable,gaze_plus_head_pose,-4.6,5.65,10.47,-4.064,-17.624,-15.468,False,0.0,False,True,slow_eye_closure,False,sleep_pose_counting,True,1.167,True,False,False,1.167,forward,gaze_or_head_pose,False,False,False,1,0,
Twitch streamer starts to fall asleep while driving....mp4,True,14.633,0.5697,0.128,0.1091,0.0044,0.0044,True,gaze_stable,gaze_plus_head_pose,-4.13,5.46,10.7,-3.949,-17.44,-15.163,False,0.0,False,True,slow_eye_closure,False,sleep_pose_counting,True,1.2,True,False,False,1.2,forward,gaze_or_head_pose,False,False,False,1,0,
Twitch streamer starts to fall asleep while driving....mp4,True,14.667,0.582,0.1773,0.1088,0.0045,0.0045,True,gaze_stable,gaze_plus_head_pose,-4.13,6.7,10.19,-3.868,-16.939,-15.102,False,0.0,False,True,slow_eye_closure,False,sleep_pose_counting,True,1.233,True,False,False,1.233,forward,gaze_or_head_pose,False,False,False,1,0,
Twitch streamer starts to fall asleep while driving....mp4,True,14.7,0.5529,0.1861,0.1086,0.0041,0.0041,True,gaze_stable,gaze_plus_head_pose,-4.48,6.38,10.53,-3.917,-16.684,-14.957,False,0.0,False,True,active_hold,False,sleep_pose_counting,True,1.267,True,False,False,1.267,forward,gaze_or_head_pose,False,False,False,1,0,
Twitch streamer starts to fall asleep while driving....mp4,True,14.733,0.5665,0.2195,0.1084,0.0042,0.0042,True,gaze_stable,gaze_plus_head_pose,-4.28,6.79,10.55,-3.891,-16.383,-14.85,False,0.0,False,True,active_hold,False,sleep_pose_counting,True,1.3,True,False,False,1.3,forward,gaze_or_head_pose,False,False,False,1,0,
Twitch streamer starts to fall asleep while driving....mp4,True,14.767,0.5539,0.046,0.1081,0.004,0.004,True,gaze_stable,gaze_plus_head_pose,-4.78,7.21,10.2,-4.022,-16.046,-14.88,False,0.0,False,True,active_hold,False,sleep_pose_counting,True,1.333,True,False,False,1.333,forward,gaze_or_head_pose,False,False,False,1,0,
Twitch streamer starts to fall asleep while driving....mp4,True,14.8,0.5482,0.075,0.1079,0.0037,0.0037,True,gaze_stable,gaze_plus_head_pose,-4.66,6.51,9.43,-4.079,-16.02,-15.132,False,0.0,False,True,active_hold,False,not_asleep,False,0.0,True,False,False,1.367,forward,gaze_or_head_pose,False,False,False,1,0,
Twitch streamer starts to fall asleep while driving....mp4,True,14.833,0.5416,0.111,0.1076,0.0036,0.0036,True,gaze_stable,gaze_plus_head_pose,-4.31,8.54,9.28,-4.013,-15.393,-15.353,False,0.0,False,True,active_hold,False,not_asleep,False,0.0,True,False,False,1.4,forward,gaze_or_head_pose,False,False,False,1,0,
Twitch streamer starts to fall asleep while driving....mp4,True,14.867,0.5578,0.0834,0.1074,0.0041,0.0041,True,gaze_stable,gaze_plus_head_pose,-4.05,6.93,8.62,-3.889,-15.437,-15.706,False,0.0,False,True,active_hold,False,not_asleep,False,0.0,True,False,False,1.433,forward,gaze_or_head_pose,False,False,False,1,0,
Twitch streamer starts to fall asleep while driving....mp4,True,14.9,0.5148,0.0364,0.1071,0.004,0.004,True,gaze_stable,gaze_plus_head_pose,-3.92,7.74,9.29,-3.763,-15.225,-15.752,False,0.0,False,True,active_hold,False,not_asleep,False,0.0,False,False,False,0.0,forward,gaze_or_head_pose,False,False,False,1,0,
Twitch streamer starts to fall asleep while driving....mp4,True,14.933,0.4955,0.092,0.1069,0.0042,0.0042,True,gaze_stable,gaze_plus_head_pose,-3.61,7.38,8.59,-3.582,-15.185,-15.995,False,0.0,False,True,active_hold,False,not_asleep,False,0.0,False,False,False,0.0,forward,gaze_or_head_pose,False,False,False,1,0,
Twitch streamer starts to fall asleep while driving....mp4,True,14.967,0.5163,0.0956,0.1067,0.0046,0.0046,True,gaze_stable,gaze_plus_head_pose,-3.33,7.69,6.55,-3.372,-15.063,-16.776,False,0.0,False,True,active_hold,False,not_asleep,False,0.0,False,False,False,0.0,forward,gaze_or_head_pose,False,False,False,1,0,
Twitch streamer starts to fall asleep while driving....mp4,True,15.0,0.4571,0.0613,0.1064,0.0049,0.0049,True,gaze_stable,gaze_plus_head_pose,-3.41,7.04,4.77,-3.248,-15.173,-17.857,False,0.0,False,True,active_hold,False,not_asleep,False,0.0,False,False,False,0.0,forward,gaze_or_head_pose,False,False,False,1,0,
Twitch streamer starts to fall asleep while driving....mp4,True,15.033,0.4292,0.2204,0.1062,0.0054,0.0054,True,gaze_stable,gaze_plus_head_pose,-2.82,7.78,0.78,-2.37,-14.69,-24.37,False,0.0,False,True,active_hold,False,not_asleep,False,0.0,True,False,False,0.0,head_away,gaze_or_head_pose,False,False,False,1,0,
Twitch streamer starts to fall asleep while driving....mp4,True,15.067,0.4156,0.0291,0.106,0.0053,0.0053,True,gaze_stable,gaze_plus_head_pose,-2.49,6.75,-3.6,-2.04,-15.72,-28.75,False,0.0,False,True,active_hold,False,not_asleep,False,0.0,True,False,False,0.033,head_away,gaze_or_head_pose,False,False,False,1,0,
Twitch streamer starts to fall asleep while driving....mp4,True,15.1,0.3648,0.0276,0.1057,0.0058,0.0058,True,gaze_stable,gaze_plus_head_pose,-2.69,8.1,-10.62,-2.24,-14.37,-35.77,False,0.0,False,True,active_hold,False,not_asleep,False,0.0,True,False,False,0.067,head_away,gaze_or_head_pose,False,False,False,1,0,
Twitch streamer starts to fall asleep while driving....mp4,True,15.133,0.2773,0.0107,0.1055,0.005,0.005,True,gaze_stable,gaze_plus_head_pose,-2.29,8.0,-15.68,-1.84,-14.47,-40.83,False,0.0,False,True,heavy_eyelids,False,not_asleep,False,0.0,True,False,False,0.1,severe_head_pose,gaze_or_head_pose,False,False,False,1,0,
Twitch streamer starts to fall asleep while driving....mp4,True,15.167,0.0663,0.018,0.1075,0.0055,0.0,False,eyes_too_closed,head_pose_only,-1.69,8.72,-22.8,-1.24,-13.75,-47.95,True,0.0,False,True,heavy_eyelids,False,not_asleep,False,0.0,True,False,False,0.133,severe_head_pose,head_pose_only,False,False,False,1,0,
Twitch streamer starts to fall asleep while driving....mp4,True,15.2,0.1254,0.0221,0.1094,0.0068,0.0,False,eyes_too_closed,head_pose_only,-1.96,9.87,-26.6,-1.51,-12.6,-51.75,True,0.033,False,True,heavy_eyelids,False,not_asleep,False,0.0,True,False,False,0.167,severe_head_pose,head_pose_only,False,False,False,1,0,
Twitch streamer starts to fall asleep while driving....mp4,True,15.233,0.0537,0.0205,0.1114,0.0056,0.0,False,eyes_too_closed,head_pose_only,-0.71,9.24,-25.44,-0.26,-13.23,-50.59,True,0.067,False,True,heavy_eyelids,False,not_asleep,False,0.0,True,False,False,0.2,severe_head_pose,head_pose_only,False,False,False,1,0,
Twitch streamer starts to fall asleep while driving....mp4,True,15.267,0.0712,0.0436,0.1133,0.0047,0.0,False,eyes_too_closed,head_pose_only,-1.22,8.5,-22.12,-0.77,-13.97,-47.27,True,0.1,False,True,heavy_eyelids,False,not_asleep,False,0.0,True,False,False,0.233,severe_head_pose,head_pose_only,False,False,False,1,0,
Twitch streamer starts to fall asleep while driving....mp4,True,15.3,0.0632,0.0295,0.1152,0.0028,0.0,False,eyes_too_closed,head_pose_only,-1.36,10.2,-7.12,-0.91,-12.27,-32.27,True,0.133,False,True,heavy_eyelids,False,not_asleep,False,0.0,True,False,False,0.267,head_away,head_pose_only,False,False,False,1,0,
Twitch streamer starts to fall asleep while driving....mp4,True,15.333,0.3404,0.1907,0.115,0.0056,0.0,False,gaze_stable,head_pose_only,-2.73,8.05,6.18,-1.321,-12.915,-28.28,True,0.167,False,False,cleared_eyes_open,False,not_asleep,False,0.0,True,False,False,0.3,head_away,head_pose_only,False,False,False,1,0,
Twitch streamer starts to fall asleep while driving....mp4,True,15.367,0.506,0.098,0.1147,0.0045,0.0,False,gaze_stable,head_pose_only,-3.42,8.07,12.44,-1.816,-13.36,-23.609,True,0.2,False,False,not_tired,False,not_asleep,False,0.0,True,False,False,0.333,head_away,head_pose_only,False,False,False,1,0,
Twitch streamer starts to fall asleep while driving....mp4,True,15.4,0.5261,0.0258,0.1145,0.0046,0.0,False,gaze_stable,head_pose_only,-3.61,7.12,11.2,-2.219,-13.957,-20.711,True,0.233,False,False,not_tired,False,not_asleep,False,0.0,True,False,False,0.367,forward,head_pose_only,False,False,False,1,0,
Twitch streamer starts to fall asleep while driving....mp4,True,15.433,0.5959,0.0254,0.1142,0.004,0.0,False,gaze_stable,head_pose_only,-2.8,6.6,6.53,-2.258,-14.531,-20.084,True,0.267,False,False,not_tired,False,not_asleep,False,0.0,True,False,False,0.4,forward,head_pose_only,False,False,False,1,0,
Twitch streamer starts to fall asleep while driving....mp4,True,15.467,0.6159,0.0494,0.114,0.0036,0.0,False,gaze_stable,head_pose_only,-2.21,7.06,5.86,-2.109,-14.795,-19.846,False,0.0,False,False,not_tired,False,not_asleep,False,0.0,True,False,False,0.433,forward,head_pose_only,False,False,False,1,0,
Twitch streamer starts to fall asleep while driving....mp4,True,15.5,0.6536,0.0113,0.1137,0.0033,0.0,False,gaze_stable,head_pose_only,-2.53,7.32,6.37,-2.1,-14.901,-19.526,False,0.0,False,False,not_tired,False,not_asleep,False,0.0,True,False,False,0.467,forward,head_pose_only,False,False,False,1,0,
Twitch streamer starts to fall asleep while driving....mp4,True,15.533,0.6003,0.0594,0.1135,0.0024,0.0,False,gaze_stable,head_pose_only,-2.4,6.96,5.2,-2.055,-15.084,-19.653,False,0.0,False,False,not_tired,False,not_asleep,False,0.0,True,False,False,0.5,forward,head_pose_only,False,False,False,1,0,
Twitch streamer starts to fall asleep while driving....mp4,True,15.567,0.692,0.0362,0.1132,0.0026,0.0026,True,gaze_stable,gaze_plus_head_pose,-3.38,7.07,7.97,-2.318,-15.179,-18.911,False,0.0,False,False,not_tired,False,not_asleep,False,0.0,True,False,False,0.533,forward,gaze_or_head_pose,False,False,False,1,0,
Twitch streamer starts to fall asleep while driving....mp4,True,15.6,0.6733,0.0937,0.113,0.0037,0.0037,True,gaze_stable,gaze_plus_head_pose,-3.62,7.14,7.26,-2.573,-15.224,-18.605,False,0.0,False,False,not_tired,False,not_asleep,False,0.0,True,False,False,0.567,forward,gaze_or_head_pose,False,False,False,1,0,
Twitch streamer starts to fall asleep while driving....mp4,True,15.633,0.6607,0.0359,0.1128,0.0032,0.0032,True,gaze_stable,gaze_plus_head_pose,-3.75,6.68,7.3,-2.791,-15.394,-18.378,False,0.0,False,False,not_tired,False,not_asleep,False,0.0,True,False,False,0.6,forward,gaze_or_head_pose,False,False,False,1,0,
Twitch streamer starts to fall asleep while driving....mp4,True,15.667,0.6617,0.044,0.1125,0.0039,0.0039,True,gaze_stable,gaze_plus_head_pose,-4.08,7.75,7.73,-3.043,-15.192,-18.091,False,0.0,False,False,not_tired,False,not_asleep,False,0.0,True,False,False,0.633,forward,gaze_or_head_pose,False,False,False,1,0,
Twitch streamer starts to fall asleep while driving....mp4,True,15.7,0.66,0.0284,0.1123,0.0037,0.0037,True,gaze_stable,gaze_plus_head_pose,-4.1,8.21,8.85,-3.225,-14.912,-17.554,False,0.0,False,False,not_tired,False,not_asleep,False,0.0,True,False,False,0.667,forward,gaze_or_head_pose,False,False,False,1,0,
Twitch streamer starts to fall asleep while driving....mp4,True,15.733,0.6214,0.0654,0.1121,0.0038,0.0038,True,gaze_stable,gaze_plus_head_pose,-4.7,9.29,9.28,-3.533,-14.393,-17.049,False,0.0,False,False,not_tired,False,not_asleep,False,0.0,False,False,False,0.0,forward,gaze_or_head_pose,False,False,False,1,0,
Twitch streamer starts to fall asleep while driving....mp4,True,15.767,0.6287,0.0234,0.1118,0.0041,0.0041,True,gaze_stable,gaze_plus_head_pose,-5.27,9.03,9.57,-3.919,-14.107,-16.608,False,0.0,False,False,not_tired,False,not_asleep,False,0.0,False,False,False,0.0,forward,gaze_or_head_pose,False,False,False,1,0,
Twitch streamer starts to fall asleep while driving....mp4,True,15.8,0.6114,0.0234,0.1116,0.0037,0.0037,True,gaze_stable,gaze_plus_head_pose,-5.36,9.56,10.24,-4.216,-13.748,-16.099,False,0.0,False,False,not_tired,False,not_asleep,False,0.0,False,False,False,0.0,forward,gaze_or_head_pose,False,False,False,1,0,
Twitch streamer starts to fall asleep while driving....mp4,True,15.833,0.6351,0.0311,0.1113,0.0038,0.0038,True,gaze_stable,gaze_plus_head_pose,-5.9,10.27,11.19,-4.586,-13.283,-15.457,False,0.0,False,False,not_tired,False,not_asleep,False,0.0,False,False,False,0.0,forward,gaze_or_head_pose,False,False,False,1,0,
Twitch streamer starts to fall asleep while driving....mp4,True,15.867,0.6024,0.0262,0.1111,0.0036,0.0036,True,gaze_stable,gaze_plus_head_pose,-5.94,10.96,11.67,-4.857,-12.751,-14.864,False,0.0,False,False,not_tired,False,not_asleep,False,0.0,False,False,False,0.0,forward,gaze_or_head_pose,False,False,False,1,0,
Twitch streamer starts to fall asleep while driving....mp4,True,15.9,0.6015,0.0164,0.1109,0.0034,0.0034,True,gaze_stable,gaze_plus_head_pose,-5.98,11.29,11.75,-5.059,-12.28,-14.425,False,0.0,False,False,not_tired,False,not_asleep,False,0.0,False,False,False,0.0,forward,gaze_or_head_pose,False,False,False,1,0,
Twitch streamer starts to fall asleep while driving....mp4,True,15.933,0.5754,0.0216,0.1106,0.0033,0.0033,True,gaze_stable,gaze_plus_head_pose,-5.91,11.56,13.43,-5.179,-11.869,-13.613,False,0.0,False,False,not_tired,False,not_asleep,False,0.0,False,False,False,0.0,forward,gaze_or_head_pose,False,False,False,1,0,
Twitch streamer starts to fall asleep while driving....mp4,True,15.967,0.2309,0.0203,0.1104,0.0046,0.0046,True,gaze_stable,gaze_plus_head_pose,-5.48,12.8,14.49,-5.135,-11.209,-12.727,False,0.0,False,False,not_tired,False,not_asleep,False,0.0,False,False,False,0.0,forward,gaze_or_head_pose,False,False,False,1,0,
Twitch streamer starts to fall asleep while driving....mp4,True,16.0,0.0309,0.1488,0.1123,0.0028,0.0,False,eyes_too_closed,head_pose_only,-4.68,14.58,13.65,-4.863,-10.214,-12.359,True,0.0,False,False,not_tired,False,not_asleep,False,0.0,False,False,False,0.0,forward,head_pose_only,False,False,False,1,0,
Twitch streamer starts to fall asleep while driving....mp4,True,16.033,0.0494,0.0637,0.1141,0.0024,0.0,False,eyes_too_closed,head_pose_only,-4.36,15.8,15.2,-4.577,-9.15,-11.636,True,0.033,False,False,not_tired,False,not_asleep,False,0.0,False,False,False,0.0,forward,head_pose_only,False,False,False,1,0,
Twitch streamer starts to fall asleep while driving....mp4,True,16.067,0.014,0.0959,0.1159,0.0045,0.0,False,eyes_too_closed,head_pose_only,-4.07,15.47,13.73,-4.29,-8.505,-11.571,True,0.067,False,False,not_tired,False,not_asleep,False,0.0,False,False,False,0.0,forward,head_pose_only,False,False,False,1,0,
Twitch streamer starts to fall asleep while driving....mp4,True,16.1,0.0408,0.0778,0.1178,0.0019,0.0,False,eyes_too_closed,head_pose_only,-3.27,16.3,17.7,-3.849,-7.805,-10.335,True,0.1,False,False,not_tired,False,not_asleep,False,0.0,False,False,False,0.0,forward,head_pose_only,False,False,False,1,0,
Twitch streamer starts to fall asleep while driving....mp4,True,16.133,0.0212,0.0701,0.1196,0.0016,0.0,False,eyes_too_closed,head_pose_only,-3.26,15.14,18.17,-3.537,-7.662,-9.329,True,0.133,False,False,not_tired,False,not_asleep,False,0.0,False,False,False,0.0,forward,head_pose_only,False,False,False,1,0,
Twitch streamer starts to fall asleep while driving....mp4,True,16.167,0.0233,0.0892,0.1214,0.003,0.0,False,eyes_too_closed,head_pose_only,-3.67,15.4,19.62,-3.442,-7.485,-8.189,True,0.167,False,False,not_tired,False,not_asleep,False,0.0,False,False,False,0.0,forward,head_pose_only,False,False,False,1,0,
Twitch streamer starts to fall asleep while driving....mp4,True,16.2,0.0699,0.1867,0.1232,0.005,0.0,False,eyes_too_closed,head_pose_only,-4.15,14.77,22.82,-3.519,-7.549,-6.431,True,0.2,False,False,not_tired,False,not_asleep,False,0.0,False,False,False,0.0,forward,head_pose_only,False,False,False,1,0,
Twitch streamer starts to fall asleep while driving....mp4,True,16.233,0.2516,0.0386,0.123,0.0093,0.0,False,gaze_stable,head_pose_only,-3.63,16.56,22.36,-3.418,-7.057,-5.339,True,0.233,False,False,not_tired,False,not_asleep,False,0.0,False,False,False,0.0,forward,head_pose_only,False,False,False,1,0,
Twitch streamer starts to fall asleep while driving....mp4,True,16.267,0.3988,0.1523,0.1227,0.0087,0.0,False,gaze_stable,head_pose_only,-3.31,16.15,25.32,-3.25,-6.836,-3.686,True,0.267,False,False,not_tired,False,not_asleep,False,0.0,False,False,False,0.0,forward,head_pose_only,False,False,False,1,0,
Twitch streamer starts to fall asleep while driving....mp4,True,16.3,0.4502,0.2178,0.1224,0.0088,0.0,False,gaze_stable,head_pose_only,-3.79,16.16,26.5,-3.277,-6.678,-2.175,True,0.3,False,False,not_tired,False,not_asleep,False,0.0,False,False,False,0.0,forward,head_pose_only,False,False,False,1,0,
Twitch streamer starts to fall asleep while driving....mp4,True,16.333,0.4526,0.095,0.1222,0.0076,0.0,False,gaze_stable,head_pose_only,-3.49,15.34,27.59,-3.206,-6.814,-0.791,True,0.333,False,False,not_tired,False,not_asleep,False,0.0,False,False,False,0.0,forward,head_pose_only,False,False,False,1,0,
Twitch streamer starts to fall asleep while driving....mp4,True,16.367,0.4049,0.0257,0.122,0.0087,0.0,False,gaze_stable,head_pose_only,-2.34,17.66,26.68,-2.811,-6.213,-0.095,False,0.0,False,False,not_tired,False,not_asleep,False,0.0,False,False,False,0.0,forward,head_pose_only,False,False,False,1,0,
Twitch streamer starts to fall asleep while driving....mp4,True,16.4,0.4668,0.0288,0.1217,0.0074,0.0,False,gaze_stable,head_pose_only,-3.23,15.88,27.36,-2.802,-6.326,0.597,False,0.0,False,False,not_tired,False,not_asleep,False,0.0,False,False,False,0.0,forward,head_pose_only,False,False,False,1,0,
Twitch streamer starts to fall asleep while driving....mp4,True,16.433,0.4865,0.0338,0.1215,0.0071,0.0,False,gaze_stable,head_pose_only,-1.88,18.1,26.47,-2.39,-5.739,0.814,False,0.0,False,False,not_tired,False,not_asleep,False,0.0,False,False,False,0.0,forward,head_pose_only,False,False,False,1,0,
Twitch streamer starts to fall asleep while driving....mp4,True,16.467,0.511,0.1677,0.1212,0.006,0.006,True,gaze_stable,gaze_plus_head_pose,-2.04,17.38,27.36,-2.15,-5.544,1.233,False,0.0,False,False,not_tired,False,not_asleep,False,0.0,False,False,False,0.0,forward,gaze_or_head_pose,False,False,False,1,0,
Twitch streamer starts to fall asleep while driving....mp4,True,16.5,0.4967,0.1007,0.121,0.0072,0.0072,True,gaze_stable,gaze_plus_head_pose,-1.82,18.86,25.53,-1.916,-4.964,0.977,False,0.0,False,False,not_tired,False,not_asleep,False,0.0,False,False,False,0.0,forward,gaze_or_head_pose,False,False,False,1,0,
Twitch streamer starts to fall asleep while driving....mp4,True,16.533,0.4786,0.087,0.1207,0.0076,0.0076,True,gaze_stable,gaze_plus_head_pose,0.21,19.23,25.01,-1.143,-4.447,0.642,False,0.0,False,False,not_tired,False,not_asleep,False,0.0,False,False,False,0.0,forward,gaze_or_head_pose,False,False,False,1,0,
Twitch streamer starts to fall asleep while driving....mp4,True,16.567,0.3589,0.052,0.1205,0.0066,0.0066,True,gaze_stable,gaze_plus_head_pose,-0.43,20.37,24.6,-0.794,-3.743,0.284,False,0.0,False,False,not_tired,False,not_asleep,False,0.0,False,False,False,0.0,forward,gaze_or_head_pose,False,False,False,1,0,
Twitch streamer starts to fall asleep while driving....mp4,True,16.6,0.3519,0.0758,0.1202,0.0063,0.0063,True,gaze_stable,gaze_plus_head_pose,-0.41,20.11,24.47,-0.544,-3.328,-0.005,False,0.0,False,False,not_tired,False,not_asleep,False,0.0,False,False,False,0.0,forward,gaze_or_head_pose,False,False,False,1,0,
Twitch streamer starts to fall asleep while driving....mp4,True,16.633,0.1459,0.0232,0.122,0.0046,0.0,False,eyes_too_closed,head_pose_only,-1.38,21.24,22.37,-0.66,-2.699,-0.838,True,0.0,False,False,not_tired,False,not_asleep,False,0.0,False,False,False,0.0,forward,head_pose_only,False,False,False,1,0,
Twitch streamer starts to fall asleep while driving....mp4,True,16.667,0.0896,0.1044,0.1238,0.0041,0.0,False,eyes_too_closed,head_pose_only,-0.7,21.49,22.76,-0.537,-2.183,-1.303,True,0.033,False,False,not_tired,False,not_asleep,False,0.0,False,False,False,0.0,forward,head_pose_only,False,False,False,1,0,
Twitch streamer starts to fall asleep while driving....mp4,True,16.7,0.138,0.0964,0.1255,0.0022,0.0,False,eyes_too_closed,head_pose_only,-1.64,20.14,19.51,-0.733,-2.227,-2.604,True,0.067,False,False,not_tired,False,not_asleep,False,0.0,False,False,False,0.0,forward,head_pose_only,False,False,False,1,0,
Twitch streamer starts to fall asleep while driving....mp4,True,16.733,0.2691,0.0465,0.1252,0.0042,0.0,False,gaze_stable,head_pose_only,-2.14,19.23,18.75,-1.02,-2.531,-3.743,True,0.1,False,False,not_tired,False,not_asleep,False,0.0,False,False,False,0.0,forward,head_pose_only,False,False,False,1,0,
Twitch streamer starts to fall asleep while driving....mp4,True,16.767,0.3328,0.0554,0.125,0.0026,0.0,False,gaze_stable,head_pose_only,-1.99,20.46,17.18,-1.176,-2.375,-5.011,True,0.133,False,False,not_tired,False,not_asleep,False,0.0,False,False,False,0.0,forward,head_pose_only,False,False,False,1,0,
Twitch streamer starts to fall asleep while driving....mp4,True,16.8,0.3891,0.054,0.1248,0.0028,0.0,False,gaze_stable,head_pose_only,-2.51,19.09,17.07,-1.441,-2.676,-5.932,True,0.167,False,False,not_tired,False,not_asleep,False,0.0,False,False,False,0.0,forward,head_pose_only,False,False,False,1,0,
Twitch streamer starts to fall asleep while driving....mp4,True,16.833,0.3583,0.1197,0.1245,0.0039,0.0,False,gaze_stable,head_pose_only,-3.53,19.97,14.49,-1.933,-2.623,-7.35,True,0.2,False,False,not_tired,False,not_asleep,False,0.0,False,False,False,0.0,forward,head_pose_only,False,False,False,1,0,
Twitch streamer starts to fall asleep while driving....mp4,True,16.867,0.3912,0.0504,0.1243,0.0039,0.0,False,gaze_stable,head_pose_only,-3.85,19.95,14.18,-2.373,-2.592,-8.436,False,0.0,False,False,not_tired,False,not_asleep,False,0.0,False,False,False,0.0,forward,head_pose_only,False,False,False,1,0,
Twitch streamer starts to fall asleep while driving....mp4,True,16.9,0.4029,0.0601,0.124,0.0041,0.0,False,gaze_stable,head_pose_only,-3.9,21.62,13.89,-2.696,-2.07,-9.283,False,0.0,False,False,not_tired,False,not_asleep,False,0.0,False,False,False,0.0,forward,head_pose_only,False,False,False,1,0,
Twitch streamer starts to fall asleep while driving....mp4,True,16.933,0.428,0.0362,0.1238,0.0042,0.0,False,gaze_stable,head_pose_only,-5.42,22.78,10.14,-3.378,-1.356,-11.001,False,0.0,False,False,not_tired,False,not_asleep,False,0.0,False,False,False,0.0,forward,head_pose_only,False,False,False,1,0,
Twitch streamer starts to fall asleep while driving....mp4,True,16.967,0.4101,0.0239,0.1235,0.0039,0.0039,True,gaze_stable,gaze_plus_head_pose,-4.91,22.64,12.05,-3.703,-0.898,-11.631,False,0.0,False,False,not_tired,False,not_asleep,False,0.0,False,False,False,0.0,forward,gaze_or_head_pose,False,False,False,1,0,
Twitch streamer starts to fall asleep while driving....mp4,True,17.0,0.4114,0.0446,0.1233,0.0044,0.0044,True,gaze_stable,gaze_plus_head_pose,-6.2,22.05,10.35,-4.317,-0.755,-12.582,False,0.0,False,False,not_tired,False,not_asleep,False,0.0,False,False,False,0.0,forward,gaze_or_head_pose,False,False,False,1,0,
Twitch streamer starts to fall asleep while driving....mp4,True,17.033,0.3724,0.0238,0.123,0.0046,0.0046,True,gaze_stable,gaze_plus_head_pose,-7.17,24.39,8.07,-5.038,0.048,-13.931,False,0.0,False,False,not_tired,False,not_asleep,False,0.0,False,False,False,0.0,forward,gaze_or_head_pose,False,False,False,1,0,
Twitch streamer starts to fall asleep while driving....mp4,True,17.067,0.3916,0.0225,0.1228,0.0047,0.0047,True,gaze_stable,gaze_plus_head_pose,-6.98,24.95,9.59,-5.486,0.777,-14.42,False,0.0,False,False,not_tired,False,not_asleep,False,0.0,False,False,False,0.0,forward,gaze_or_head_pose,False,False,False,1,0,
Twitch streamer starts to fall asleep while driving....mp4,True,17.1,0.3726,0.0268,0.1226,0.005,0.005,True,gaze_stable,gaze_plus_head_pose,-8.54,24.98,7.6,-6.267,1.297,-15.359,False,0.0,False,False,not_tired,False,not_asleep,False,0.0,False,False,False,0.0,forward,gaze_or_head_pose,False,False,False,1,0,
Twitch streamer starts to fall asleep while driving....mp4,True,17.133,0.3797,0.0145,0.1223,0.0044,0.0044,True,gaze_stable,gaze_plus_head_pose,-8.83,24.89,9.1,-6.901,1.634,-15.566,False,0.0,False,False,not_tired,False,not_asleep,False,0.0,False,False,False,0.0,forward,gaze_or_head_pose,False,False,False,1,0,
Twitch streamer starts to fall asleep while driving....mp4,True,17.167,0.395,0.0208,0.1221,0.0043,0.0043,True,gaze_stable,gaze_plus_head_pose,-9.74,25.01,7.42,-7.618,1.906,-16.215,False,0.0,False,False,not_tired,False,not_asleep,False,0.0,False,False,False,0.0,forward,gaze_or_head_pose,False,False,False,1,0,
Twitch streamer starts to fall asleep while driving....mp4,True,17.2,0.4071,0.009,0.1219,0.0046,0.0046,True,gaze_stable,gaze_plus_head_pose,-9.72,25.09,8.5,-8.113,2.12,-16.346,False,0.0,False,False,not_tired,False,not_asleep,False,0.0,False,False,False,0.0,forward,gaze_or_head_pose,False,False,False,1,0,
Twitch streamer starts to fall asleep while driving....mp4,True,17.233,0.4092,0.0291,0.1216,0.0039,0.0039,True,gaze_stable,gaze_plus_head_pose,-10.96,26.51,5.84,-8.832,2.696,-17.235,False,0.0,False,False,not_tired,False,not_asleep,False,0.0,False,False,False,0.0,forward,gaze_or_head_pose,False,False,False,1,0,
Twitch streamer starts to fall asleep while driving....mp4,True,17.267,0.4076,0.0237,0.1214,0.0047,0.0047,True,gaze_stable,gaze_plus_head_pose,-11.13,26.26,7.2,-9.387,3.024,-17.45,False,0.0,False,False,not_tired,False,not_asleep,False,0.0,False,False,False,0.0,forward,gaze_or_head_pose,False,False,False,1,0,
Twitch streamer starts to fall asleep while driving....mp4,True,17.3,0.3915,0.0215,0.1212,0.0043,0.0043,True,gaze_stable,gaze_plus_head_pose,-12.13,27.09,4.78,-10.075,3.503,-18.326,False,0.0,False,False,not_tired,False,not_asleep,False,0.0,False,False,False,0.0,forward,gaze_or_head_pose,False,False,False,1,0,
Twitch streamer starts to fall asleep while driving....mp4,True,17.333,0.3889,0.0428,0.1209,0.004,0.004,True,gaze_stable,gaze_plus_head_pose,-11.99,27.62,4.17,-10.514,3.997,-19.122,False,0.0,False,False,not_tired,False,not_asleep,False,0.0,False,False,False,0.0,forward,gaze_or_head_pose,False,False,False,1,0,
Twitch streamer starts to fall asleep while driving....mp4,True,17.367,0.3781,0.0458,0.1207,0.0038,0.0038,True,gaze_stable,gaze_plus_head_pose,-13.46,28.66,3.04,-13.01,6.19,-22.11,False,0.0,False,False,not_tired,False,not_asleep,False,0.0,True,False,False,0.0,head_away,gaze_or_head_pose,False,False,False,1,0,
Twitch streamer starts to fall asleep while driving....mp4,True,17.4,0.3816,0.0283,0.1205,0.004,0.004,True,gaze_stable,gaze_plus_head_pose,-12.96,28.54,3.02,-12.51,6.07,-22.13,False,0.0,False,False,not_tired,False,not_asleep,False,0.0,True,False,False,0.033,head_away,gaze_or_head_pose,False,False,False,1,0,
Twitch streamer starts to fall asleep while driving....mp4,True,17.433,0.386,0.0635,0.1202,0.0041,0.0041,True,gaze_stable,gaze_plus_head_pose,-13.29,28.9,1.7,-12.84,6.43,-23.45,False,0.0,False,False,not_tired,False,not_asleep,False,0.0,True,False,False,0.067,head_away,gaze_or_head_pose,False,False,False,1,0,
Twitch streamer starts to fall asleep while driving....mp4,True,17.467,0.3597,0.0277,0.12,0.004,0.004,True,gaze_stable,gaze_plus_head_pose,-14.39,29.47,1.84,-13.94,7.0,-23.31,False,0.0,False,False,not_tired,False,not_asleep,False,0.0,True,False,False,0.1,head_away,gaze_or_head_pose,False,False,False,1,0,
Twitch streamer starts to fall asleep while driving....mp4,True,17.5,0.3642,0.0368,0.1198,0.0049,0.0049,True,gaze_stable,gaze_plus_head_pose,-14.45,30.36,1.31,-14.0,7.89,-23.84,False,0.0,False,False,not_tired,False,not_asleep,False,0.0,True,False,False,0.133,head_away,gaze_or_head_pose,False,False,False,1,0,
Twitch streamer starts to fall asleep while driving....mp4,True,17.533,0.3559,0.0285,0.1195,0.0045,0.0045,True,gaze_stable,gaze_plus_head_pose,-14.72,29.05,-0.3,-14.27,6.58,-25.45,False,0.0,False,False,not_tired,False,not_asleep,False,0.0,True,False,False,0.167,head_away,gaze_or_head_pose,False,False,False,1,0,
Twitch streamer starts to fall asleep while driving....mp4,True,17.567,0.3654,0.0231,0.1193,0.005,0.005,True,gaze_stable,gaze_plus_head_pose,-14.75,30.29,0.35,-14.3,7.82,-24.8,False,0.0,False,False,not_tired,False,not_asleep,False,0.0,True,False,False,0.2,head_away,gaze_or_head_pose,False,False,False,1,0,
Twitch streamer starts to fall asleep while driving....mp4,True,17.6,0.3717,0.0238,0.1191,0.0047,0.0047,True,gaze_stable,gaze_plus_head_pose,-14.98,29.21,-0.43,-14.53,6.74,-25.58,False,0.0,False,False,not_tired,False,not_asleep,False,0.0,True,False,False,0.233,head_away,gaze_or_head_pose,False,False,False,1,0,
Twitch streamer starts to fall asleep while driving....mp4,True,17.633,0.3305,0.0219,0.1189,0.0051,0.0051,True,gaze_stable,gaze_plus_head_pose,-15.75,29.27,-1.72,-15.3,6.8,-26.87,False,0.0,False,False,not_tired,False,not_asleep,False,0.0,True,False,False,0.267,head_away,gaze_or_head_pose,False,False,False,1,0,
Twitch streamer starts to fall asleep while driving....mp4,True,17.667,0.3265,0.0306,0.1186,0.0043,0.0043,True,gaze_stable,gaze_plus_head_pose,-16.32,29.48,-2.42,-15.87,7.01,-27.57,False,0.0,False,False,not_tired,False,not_asleep,False,0.0,True,False,False,0.3,head_away,gaze_or_head_pose,False,False,False,1,0,
Twitch streamer starts to fall asleep while driving....mp4,True,17.7,0.346,0.0313,0.1184,0.0044,0.0044,True,gaze_stable,gaze_plus_head_pose,-17.9,28.2,-4.0,-17.45,5.73,-29.15,False,0.0,False,False,not_tired,False,not_asleep,False,0.0,True,False,False,0.333,head_away,gaze_or_head_pose,False,False,False,1,0,
Twitch streamer starts to fall asleep while driving....mp4,True,17.733,0.3412,0.0543,0.1182,0.0055,0.0055,True,gaze_stable,gaze_plus_head_pose,-19.14,27.63,-6.84,-18.69,5.16,-31.99,False,0.0,False,False,not_tired,False,not_asleep,False,0.0,True,False,False,0.367,head_away,gaze_or_head_pose,False,False,False,1,0,
Twitch streamer starts to fall asleep while driving....mp4,True,17.767,0.3337,0.027,0.118,0.0047,0.0047,True,gaze_stable,gaze_plus_head_pose,-20.86,27.4,-8.7,-20.41,4.93,-33.85,False,0.0,False,False,not_tired,False,not_asleep,False,0.0,True,False,False,0.4,head_away,gaze_or_head_pose,False,False,False,1,0,
Twitch streamer starts to fall asleep while driving....mp4,True,17.8,0.3149,0.0165,0.1178,0.0057,0.0057,True,gaze_stable,gaze_plus_head_pose,-22.54,26.74,-10.81,-22.09,4.27,-35.96,False,0.0,False,False,not_tired,False,not_asleep,False,0.0,True,False,False,0.433,head_away,gaze_or_head_pose,False,False,False,1,0,
Twitch streamer starts to fall asleep while driving....mp4,True,17.833,0.2966,0.0226,0.1175,0.0043,0.0043,True,gaze_stable,gaze_plus_head_pose,-23.84,27.24,-13.34,-23.39,4.77,-38.49,False,0.0,False,False,not_tired,False,not_asleep,False,0.0,True,False,False,0.467,head_away,gaze_or_head_pose,False,False,False,1,0,
Twitch streamer starts to fall asleep while driving....mp4,True,17.867,0.3122,0.0517,0.1173,0.0059,0.0059,True,gaze_stable,gaze_plus_head_pose,-25.21,26.18,-14.31,-24.76,3.71,-39.46,False,0.0,False,False,not_tired,False,not_asleep,False,0.0,True,False,False,0.5,head_away,gaze_or_head_pose,False,False,False,1,0,
Twitch streamer starts to fall asleep while driving....mp4,True,17.9,0.3337,0.0294,0.1171,0.0074,0.0074,True,gaze_stable,gaze_plus_head_pose,-26.61,25.35,-16.96,-26.16,2.88,-42.11,False,0.0,False,False,not_tired,False,not_asleep,False,0.0,True,False,False,0.533,severe_head_pose,gaze_or_head_pose,False,False,False,1,0,
Twitch streamer starts to fall asleep while driving....mp4,True,17.933,0.3143,0.0205,0.1169,0.0067,0.0067,True,gaze_stable,gaze_plus_head_pose,-28.1,25.22,-18.6,-27.65,2.75,-43.75,False,0.0,False,False,not_tired,False,not_asleep,False,0.0,True,False,False,0.567,severe_head_pose,gaze_or_head_pose,False,False,False,1,0,
Twitch streamer starts to fall asleep while driving....mp4,True,17.967,0.3331,0.0513,0.1167,0.0071,0.0071,True,gaze_stable,gaze_plus_head_pose,-28.58,24.08,-19.36,-28.13,1.61,-44.51,False,0.0,False,False,not_tired,False,sleep_pose_counting,True,0.0,True,False,False,0.6,severe_head_pose,gaze_or_head_pose,False,False,False,1,0,
Twitch streamer starts to fall asleep while driving....mp4,True,18.0,0.3312,0.0306,0.1165,0.0072,0.0072,True,gaze_stable,gaze_plus_head_pose,-29.15,23.6,-20.18,-28.7,1.13,-45.33,False,0.0,False,False,not_tired,False,sleep_pose_counting,True,0.033,True,False,False,0.633,severe_head_pose,gaze_or_head_pose,False,False,False,1,0,
Twitch streamer starts to fall asleep while driving....mp4,True,18.033,0.3327,0.0647,0.1162,0.0067,0.0067,True,gaze_stable,gaze_plus_head_pose,-28.33,23.11,-19.25,-27.88,0.64,-44.4,False,0.0,False,False,not_tired,False,sleep_pose_counting,True,0.067,True,False,False,0.667,severe_head_pose,gaze_or_head_pose,False,False,False,1,0,
Twitch streamer starts to fall asleep while driving....mp4,True,18.067,0.3141,0.028,0.116,0.0082,0.0082,True,gaze_stable,gaze_plus_head_pose,-29.58,22.43,-20.34,-29.13,-0.04,-45.49,False,0.0,False,False,not_tired,False,sleep_pose_counting,True,0.1,True,False,False,0.7,severe_head_pose,gaze_or_head_pose,False,False,False,1,0,
Twitch streamer starts to fall asleep while driving....mp4,True,18.1,0.3324,0.0543,0.1158,0.0088,0.0088,True,gaze_stable,gaze_plus_head_pose,-29.48,22.57,-20.66,-29.03,0.1,-45.81,False,0.0,False,False,not_tired,False,sleep_pose_counting,True,0.133,True,False,False,0.733,severe_head_pose,gaze_or_head_pose,False,False,False,1,0,
Twitch streamer starts to fall asleep while driving....mp4,True,18.133,0.3401,0.0525,0.1156,0.0082,0.0082,True,gaze_stable,gaze_plus_head_pose,-29.91,21.51,-20.92,-29.46,-0.96,-46.07,False,0.0,False,False,not_tired,False,sleep_pose_counting,True,0.167,True,False,False,0.767,severe_head_pose,gaze_or_head_pose,False,False,False,1,0,
Twitch streamer starts to fall asleep while driving....mp4,True,18.167,0.33,0.048,0.1154,0.0089,0.0089,True,gaze_stable,gaze_plus_head_pose,-29.72,21.56,-20.35,-29.27,-0.91,-45.5,False,0.0,False,False,not_tired,False,sleep_pose_counting,True,0.2,True,False,False,0.8,severe_head_pose,gaze_or_head_pose,False,False,False,1,0,
Twitch streamer starts to fall asleep while driving....mp4,True,18.2,0.3219,0.0463,0.1152,0.0083,0.0083,True,gaze_stable,gaze_plus_head_pose,-30.43,21.05,-20.67,-29.98,-1.42,-45.82,False,0.0,False,False,not_tired,False,sleep_pose_counting,True,0.233,True,False,False,0.833,severe_head_pose,gaze_or_head_pose,False,False,False,1,0,
Twitch streamer starts to fall asleep while driving....mp4,True,18.233,0.3118,0.0394,0.115,0.0098,0.0098,True,gaze_stable,gaze_plus_head_pose,-30.48,21.26,-20.95,-30.03,-1.21,-46.1,False,0.0,False,False,not_tired,False,sleep_pose_counting,True,0.267,True,False,False,0.867,severe_head_pose,gaze_or_head_pose,False,False,False,1,0,
Twitch streamer starts to fall asleep while driving....mp4,True,18.267,0.2921,0.0645,0.1148,0.0087,0.0087,True,gaze_stable,gaze_plus_head_pose,-30.27,19.68,-19.56,-29.82,-2.79,-44.71,False,0.0,False,False,not_tired,False,sleep_pose_counting,True,0.3,True,False,False,0.9,severe_head_pose,gaze_or_head_pose,False,False,False,1,0,
Twitch streamer starts to fall asleep while driving....mp4,True,18.3,0.3062,0.0432,0.1145,0.0089,0.0089,True,gaze_stable,gaze_plus_head_pose,-30.72,21.91,-20.48,-30.27,-0.56,-45.63,False,0.0,False,False,not_tired,False,sleep_pose_counting,True,0.333,True,False,False,0.933,severe_head_pose,gaze_or_head_pose,False,False,False,1,0,
Twitch streamer starts to fall asleep while driving....mp4,True,18.333,0.2812,0.0427,0.1143,0.0098,0.0098,True,gaze_stable,gaze_plus_head_pose,-30.09,19.77,-19.09,-29.64,-2.7,-44.24,False,0.0,False,False,not_tired,False,sleep_pose_counting,True,0.367,True,False,False,0.967,severe_head_pose,gaze_or_head_pose,False,False,False,1,0,
Twitch streamer starts to fall asleep while driving....mp4,True,18.367,0.3016,0.038,0.1141,0.0083,0.0083,True,gaze_stable,gaze_plus_head_pose,-30.34,22.1,-20.43,-29.89,-0.37,-45.58,False,0.0,False,False,not_tired,False,sleep_pose_counting,True,0.4,True,False,False,1.0,severe_head_pose,gaze_or_head_pose,False,False,False,1,0,
Twitch streamer starts to fall asleep while driving....mp4,True,18.4,0.2792,0.063,0.1139,0.0085,0.0085,True,gaze_stable,gaze_plus_head_pose,-30.1,20.91,-19.93,-29.65,-1.56,-45.08,False,0.0,False,False,not_tired,False,sleep_pose_counting,True,0.433,True,False,False,1.033,severe_head_pose,gaze_or_head_pose,False,False,False,1,0,
Twitch streamer starts to fall asleep while driving....mp4,True,18.433,0.3089,0.0337,0.1137,0.0079,0.0079,True,gaze_stable,gaze_plus_head_pose,-29.54,21.98,-20.85,-29.09,-0.49,-46.0,False,0.0,False,False,not_tired,False,sleep_pose_counting,True,0.467,True,False,False,1.067,severe_head_pose,gaze_or_head_pose,False,False,False,1,0,
Twitch streamer starts to fall asleep while driving....mp4,True,18.467,0.3038,0.046,0.1135,0.0084,0.0084,True,gaze_stable,gaze_plus_head_pose,-30.12,20.8,-19.67,-29.67,-1.67,-44.82,False,0.0,False,False,not_tired,False,sleep_pose_counting,True,0.5,True,False,False,1.1,severe_head_pose,gaze_or_head_pose,False,False,False,1,0,
Twitch streamer starts to fall asleep while driving....mp4,True,18.5,0.294,0.0299,0.1133,0.0079,0.0079,True,gaze_stable,gaze_plus_head_pose,-29.76,21.55,-20.77,-29.31,-0.92,-45.92,False,0.0,False,False,not_tired,False,sleep_pose_counting,True,0.533,True,False,False,1.133,severe_head_pose,gaze_or_head_pose,False,False,False,1,0,
Twitch streamer starts to fall asleep while driving....mp4,True,18.533,0.3032,0.0531,0.1131,0.0085,0.0085,True,gaze_stable,gaze_plus_head_pose,-30.36,21.51,-20.58,-29.91,-0.96,-45.73,False,0.0,False,False,not_tired,False,sleep_pose_counting,True,0.567,True,False,False,1.167,severe_head_pose,gaze_or_head_pose,False,False,False,1,0,
Twitch streamer starts to fall asleep while driving....mp4,True,18.567,0.3006,0.0553,0.1129,0.0086,0.0086,True,gaze_stable,gaze_plus_head_pose,-30.4,22.06,-20.29,-29.95,-0.41,-45.44,False,0.0,False,False,not_tired,False,sleep_pose_counting,True,0.6,True,False,False,1.2,severe_head_pose,gaze_or_head_pose,False,False,False,1,0,
Twitch streamer starts to fall asleep while driving....mp4,True,18.6,0.2965,0.0609,0.1127,0.0077,0.0077,True,gaze_stable,gaze_plus_head_pose,-30.19,20.73,-19.45,-29.74,-1.74,-44.6,False,0.0,False,False,not_tired,False,sleep_pose_counting,True,0.633,True,False,False,1.233,severe_head_pose,gaze_or_head_pose,False,False,False,1,0,
Twitch streamer starts to fall asleep while driving....mp4,True,18.633,0.2778,0.0501,0.1125,0.0085,0.0085,True,gaze_stable,gaze_plus_head_pose,-29.96,21.82,-18.86,-29.51,-0.65,-44.01,False,0.0,False,False,not_tired,False,sleep_pose_counting,True,0.667,True,False,False,1.267,severe_head_pose,gaze_or_head_pose,False,False,False,1,0,
Twitch streamer starts to fall asleep while driving....mp4,True,18.667,0.2846,0.055,0.1123,0.0068,0.0068,True,gaze_stable,gaze_plus_head_pose,-29.5,21.22,-18.15,-29.05,-1.25,-43.3,False,0.0,False,False,not_tired,False,sleep_pose_counting,True,0.7,True,False,False,1.3,severe_head_pose,gaze_or_head_pose,False,False,False,1,0,
Twitch streamer starts to fall asleep while driving....mp4,True,18.7,0.2779,0.069,0.1121,0.0082,0.0082,True,gaze_stable,gaze_plus_head_pose,-29.69,21.0,-17.98,-29.24,-1.47,-43.13,False,0.0,False,False,not_tired,False,sleep_pose_counting,True,0.733,True,False,False,1.333,severe_head_pose,gaze_or_head_pose,False,False,False,1,0,
Twitch streamer starts to fall asleep while driving....mp4,True,18.733,0.2866,0.0736,0.1119,0.0076,0.0076,True,gaze_stable,gaze_plus_head_pose,-29.52,20.64,-18.49,-29.07,-1.83,-43.64,False,0.0,False,False,not_tired,False,sleep_pose_counting,True,0.767,True,False,False,1.367,severe_head_pose,gaze_or_head_pose,False,False,False,1,0,
Twitch streamer starts to fall asleep while driving....mp4,True,18.767,0.2721,0.0778,0.1117,0.007,0.007,True,gaze_stable,gaze_plus_head_pose,-29.75,20.59,-18.83,-29.3,-1.88,-43.98,False,0.0,False,False,not_tired,False,sleep_pose_counting,True,0.8,True,False,False,1.4,severe_head_pose,gaze_or_head_pose,False,False,False,1,0,
Twitch streamer starts to fall asleep while driving....mp4,True,18.8,0.268,0.0699,0.1115,0.0081,0.0081,True,gaze_stable,gaze_plus_head_pose,-29.84,19.95,-18.14,-29.39,-2.52,-43.29,False,0.0,False,False,not_tired,False,sleep_pose_counting,True,0.833,True,False,False,1.433,severe_head_pose,gaze_or_head_pose,False,False,False,1,0,
Twitch streamer starts to fall asleep while driving....mp4,True,18.833,0.2684,0.0529,0.1113,0.0077,0.0077,True,gaze_stable,gaze_plus_head_pose,-29.63,19.76,-17.85,-29.18,-2.71,-43.0,False,0.0,False,False,not_tired,False,sleep_pose_counting,True,0.867,True,False,False,1.467,severe_head_pose,gaze_or_head_pose,False,False,False,1,0,
Twitch streamer starts to fall asleep while driving....mp4,True,18.867,0.2861,0.0546,0.1111,0.0082,0.0082,True,gaze_stable,gaze_plus_head_pose,-29.91,19.58,-18.59,-29.46,-2.89,-43.74,False,0.0,False,False,not_tired,False,sleep_pose_counting,True,0.9,True,False,False,1.5,severe_head_pose,gaze_or_head_pose,False,False,False,1,0,
Twitch streamer starts to fall asleep while driving....mp4,True,18.9,0.2769,0.0429,0.1109,0.0077,0.0077,True,gaze_stable,gaze_plus_head_pose,-29.97,19.33,-18.63,-29.52,-3.14,-43.78,False,0.0,False,False,not_tired,False,sleep_pose_counting,True,0.933,True,False,False,1.533,severe_head_pose,gaze_or_head_pose,False,False,False,1,0,
Twitch streamer starts to fall asleep while driving....mp4,True,18.933,0.2995,0.0323,0.1107,0.0089,0.0089,True,gaze_stable,gaze_plus_head_pose,-30.14,18.12,-18.24,-29.69,-4.35,-43.39,False,0.0,False,False,not_tired,False,sleep_pose_counting,True,0.967,True,False,False,1.567,severe_head_pose,gaze_or_head_pose,False,False,False,1,0,
Twitch streamer starts to fall asleep while driving....mp4,True,18.967,0.2911,0.0193,0.1105,0.0088,0.0088,True,gaze_stable,gaze_plus_head_pose,-29.94,18.65,-17.27,-29.49,-3.82,-42.42,False,0.0,False,False,not_tired,False,sleep_pose_counting,True,1.0,True,False,False,1.6,severe_head_pose,gaze_or_head_pose,False,False,False,1,0,
Twitch streamer starts to fall asleep while driving....mp4,True,19.0,0.3046,0.0324,0.1103,0.0089,0.0089,True,gaze_stable,gaze_plus_head_pose,-30.0,18.85,-17.93,-29.55,-3.62,-43.08,False,0.0,False,False,not_tired,False,sleep_pose_counting,True,1.033,True,False,False,1.633,severe_head_pose,gaze_or_head_pose,False,False,False,1,0,
Twitch streamer starts to fall asleep while driving....mp4,True,19.033,0.2885,0.0298,0.1101,0.0085,0.0085,True,gaze_stable,gaze_plus_head_pose,-29.62,19.08,-17.0,-29.17,-3.39,-42.15,False,0.0,False,False,not_tired,False,sleep_pose_counting,True,1.067,True,False,False,1.667,severe_head_pose,gaze_or_head_pose,False,False,False,1,0,
Twitch streamer starts to fall asleep while driving....mp4,True,19.067,0.2813,0.0251,0.1099,0.0085,0.0085,True,gaze_stable,gaze_plus_head_pose,-29.15,18.97,-15.77,-28.7,-3.5,-40.92,False,0.0,False,False,not_tired,False,sleep_pose_counting,True,1.1,True,False,False,1.7,severe_head_pose,gaze_or_head_pose,False,False,False,1,0,
Twitch streamer starts to fall asleep while driving....mp4,True,19.1,0.2761,0.0397,0.1098,0.0078,0.0078,True,gaze_stable,gaze_plus_head_pose,-29.17,19.21,-16.15,-28.72,-3.26,-41.3,False,0.0,False,False,not_tired,False,sleep_pose_counting,True,1.133,True,False,False,1.733,severe_head_pose,gaze_or_head_pose,False,False,False,1,0,
Twitch streamer starts to fall asleep while driving....mp4,True,19.133,0.2893,0.0741,0.1096,0.0077,0.0077,True,gaze_stable,gaze_plus_head_pose,-29.09,19.44,-16.09,-28.64,-3.03,-41.24,False,0.0,False,False,not_tired,False,sleep_pose_counting,True,1.167,True,False,False,1.767,severe_head_pose,gaze_or_head_pose,False,False,False,1,0,
Twitch streamer starts to fall asleep while driving....mp4,True,19.167,0.2668,0.0375,0.1094,0.0077,0.0077,True,gaze_stable,gaze_plus_head_pose,-29.33,19.59,-15.66,-28.88,-2.88,-40.81,False,0.0,False,False,not_tired,False,sleep_pose_counting,True,1.2,True,False,False,1.8,severe_head_pose,gaze_or_head_pose,False,False,False,1,0,
Twitch streamer starts to fall asleep while driving....mp4,True,19.2,0.2714,0.0291,0.1092,0.0078,0.0078,True,gaze_stable,gaze_plus_head_pose,-28.38,19.95,-15.2,-27.93,-2.52,-40.35,False,0.0,False,False,not_tired,False,sleep_pose_counting,True,1.233,True,False,False,1.833,severe_head_pose,gaze_or_head_pose,False,False,False,1,0,
Twitch streamer starts to fall asleep while driving....mp4,True,19.233,0.2748,0.0314,0.109,0.0078,0.0078,True,gaze_stable,gaze_plus_head_pose,-29.09,19.21,-15.7,-28.64,-3.26,-40.85,False,0.0,False,True,heavy_eyelids,False,sleep_pose_counting,True,1.267,True,False,False,1.867,severe_head_pose,gaze_or_head_pose,False,False,False,1,0,
Twitch streamer starts to fall asleep while driving....mp4,True,19.267,0.3032,0.0269,0.1088,0.0089,0.0089,True,gaze_stable,gaze_plus_head_pose,-29.05,20.14,-15.92,-28.6,-2.33,-41.07,False,0.0,False,True,heavy_eyelids,False,sleep_pose_counting,True,1.3,True,False,False,1.9,severe_head_pose,gaze_or_head_pose,False,False,False,1,0,
Twitch streamer starts to fall asleep while driving....mp4,True,19.3,0.2828,0.0435,0.1086,0.008,0.008,True,gaze_stable,gaze_plus_head_pose,-29.29,20.77,-16.24,-28.84,-1.7,-41.39,False,0.0,False,True,heavy_eyelids,False,sleep_pose_counting,True,1.333,True,False,False,1.933,severe_head_pose,gaze_or_head_pose,False,False,False,1,0,
Twitch streamer starts to fall asleep while driving....mp4,True,19.333,0.2574,0.0489,0.1084,0.0083,0.0083,True,gaze_stable,gaze_plus_head_pose,-28.83,20.48,-15.77,-28.38,-1.99,-40.92,False,0.0,False,True,heavy_eyelids,False,sleep_pose_counting,True,1.367,True,False,False,1.967,severe_head_pose,gaze_or_head_pose,False,False,False,1,0,
Twitch streamer starts to fall asleep while driving....mp4,True,19.367,0.2908,0.0692,0.1082,0.0086,0.0086,True,gaze_stable,gaze_plus_head_pose,-29.9,20.54,-16.83,-29.45,-1.93,-41.98,False,0.0,False,True,heavy_eyelids,False,sleep_pose_counting,True,1.4,True,False,False,2.0,severe_head_pose,gaze_or_head_pose,False,False,False,1,0,
Twitch streamer starts to fall asleep while driving....mp4,True,19.4,0.2807,0.0641,0.1081,0.0074,0.0074,True,gaze_stable,gaze_plus_head_pose,-29.68,21.06,-15.45,-29.23,-1.41,-40.6,False,0.0,False,True,heavy_eyelids,False,sleep_pose_counting,True,1.433,True,False,False,2.033,severe_head_pose,gaze_or_head_pose,False,False,False,1,0,
Twitch streamer starts to fall asleep while driving....mp4,True,19.433,0.2718,0.0683,0.1079,0.0075,0.0075,True,gaze_stable,gaze_plus_head_pose,-30.32,19.83,-16.89,-29.87,-2.64,-42.04,False,0.0,False,True,heavy_eyelids,False,sleep_pose_counting,True,1.467,True,False,False,2.067,severe_head_pose,gaze_or_head_pose,False,False,False,1,0,
Twitch streamer starts to fall asleep while driving....mp4,True,19.467,0.2743,0.0603,0.1077,0.0083,0.0083,True,gaze_stable,gaze_plus_head_pose,-30.41,20.96,-16.83,-29.96,-1.51,-41.98,False,0.0,False,True,heavy_eyelids,False,sleep_pose_counting,True,1.5,True,False,False,2.1,severe_head_pose,gaze_or_head_pose,False,False,False,1,0,
Twitch streamer starts to fall asleep while driving....mp4,True,19.5,0.1591,0.0633,0.1092,0.0053,0.0,False,eyes_too_closed,head_pose_only,-31.86,21.88,-19.88,-31.41,-0.59,-45.03,True,0.0,False,True,heavy_eyelids,False,sleep_pose_counting,True,1.533,True,False,False,2.133,severe_head_pose,head_pose_only,False,False,False,1,0,
Twitch streamer starts to fall asleep while driving....mp4,True,19.533,0.0576,0.0486,0.1107,0.0039,0.0,False,eyes_too_closed,head_pose_only,-32.22,22.13,-17.53,-31.77,-0.34,-42.68,True,0.033,False,True,heavy_eyelids,False,sleep_pose_counting,True,1.567,True,False,False,2.167,severe_head_pose,head_pose_only,False,False,False,1,0,
Twitch streamer starts to fall asleep while driving....mp4,True,19.567,0.0737,0.1075,0.1122,0.0028,0.0,False,eyes_too_closed,head_pose_only,-31.71,21.52,-18.27,-31.26,-0.95,-43.42,True,0.067,False,True,heavy_eyelids,False,sleep_pose_counting,True,1.6,True,False,False,2.2,severe_head_pose,head_pose_only,False,False,False,1,0,
Twitch streamer starts to fall asleep while driving....mp4,True,19.6,0.0922,0.045,0.1138,0.0051,0.0,False,eyes_too_closed,head_pose_only,-31.87,21.62,-17.57,-31.42,-0.85,-42.72,True,0.1,False,True,heavy_eyelids,False,sleep_pose_counting,True,1.633,True,False,False,2.233,severe_head_pose,head_pose_only,False,False,False,1,0,
Twitch streamer starts to fall asleep while driving....mp4,True,19.633,0.0711,0.0806,0.1153,0.0022,0.0,False,eyes_too_closed,head_pose_only,-31.14,21.16,-17.78,-30.69,-1.31,-42.93,True,0.133,False,True,heavy_eyelids,False,sleep_pose_counting,True,1.667,True,False,False,2.267,severe_head_pose,head_pose_only,False,False,False,1,0,
Twitch streamer starts to fall asleep while driving....mp4,True,19.667,0.0647,0.0824,0.1168,0.0026,0.0,False,eyes_too_closed,head_pose_only,-31.08,19.46,-18.4,-30.63,-3.01,-43.55,True,0.167,False,True,heavy_eyelids,False,sleep_pose_counting,True,1.7,True,False,False,2.3,severe_head_pose,head_pose_only,False,False,False,1,0,
Twitch streamer starts to fall asleep while driving....mp4,True,19.7,0.0853,0.082,0.1182,0.0007,0.0,False,eyes_too_closed,head_pose_only,-31.83,19.41,-18.18,-31.38,-3.06,-43.33,True,0.2,False,True,heavy_eyelids,False,sleep_pose_counting,True,1.733,True,False,False,2.333,severe_head_pose,head_pose_only,False,False,False,1,0,
Twitch streamer starts to fall asleep while driving....mp4,True,19.733,0.073,0.0466,0.1197,0.0023,0.0,False,eyes_too_closed,head_pose_only,-31.95,16.67,-17.55,-31.5,-5.8,-42.7,True,0.233,False,True,heavy_eyelids,False,sleep_pose_counting,True,1.767,True,False,False,2.367,severe_head_pose,head_pose_only,False,False,False,1,0,
Twitch streamer starts to fall asleep while driving....mp4,True,19.767,0.0799,0.0654,0.1212,0.0029,0.0,False,eyes_too_closed,head_pose_only,-31.2,17.53,-16.86,-30.75,-4.94,-42.01,True,0.267,False,True,heavy_eyelids,False,sleep_pose_counting,True,1.8,True,False,False,2.4,severe_head_pose,head_pose_only,False,False,False,1,0,
Twitch streamer starts to fall asleep while driving....mp4,True,19.8,0.0808,0.0926,0.1227,0.0017,0.0,False,eyes_too_closed,head_pose_only,-31.29,17.09,-16.53,-30.84,-5.38,-41.68,True,0.3,False,True,heavy_eyelids,False,sleep_pose_counting,True,1.833,True,False,False,2.433,severe_head_pose,head_pose_only,False,False,False,1,0,
Twitch streamer starts to fall asleep while driving....mp4,True,19.833,0.0884,0.0826,0.1242,0.0024,0.0,False,eyes_too_closed,head_pose_only,-30.38,17.41,-15.8,-29.93,-5.06,-40.95,True,0.333,False,True,heavy_eyelids,False,sleep_pose_counting,True,1.867,True,False,False,2.467,severe_head_pose,head_pose_only,False,False,False,1,0,
Twitch streamer starts to fall asleep while driving....mp4,True,19.867,0.1007,0.0623,0.1256,0.0035,0.0,False,eyes_too_closed,head_pose_only,-30.17,16.34,-14.98,-29.72,-6.13,-40.13,True,0.367,False,True,heavy_eyelids,False,sleep_pose_counting,True,1.9,True,False,False,2.5,severe_head_pose,head_pose_only,False,False,False,1,0,
Twitch streamer starts to fall asleep while driving....mp4,True,19.9,0.0653,0.0503,0.1271,0.0051,0.0,False,eyes_too_closed,head_pose_only,-29.09,16.19,-14.66,-28.64,-6.28,-39.81,True,0.4,False,True,heavy_eyelids,False,sleep_pose_counting,True,1.933,True,False,False,2.533,severe_head_pose,head_pose_only,False,False,False,1,0,
Twitch streamer starts to fall asleep while driving....mp4,True,19.933,0.0766,0.0896,0.1285,0.0029,0.0,False,eyes_too_closed,head_pose_only,-27.98,16.0,-11.91,-27.53,-6.47,-37.06,True,0.433,False,True,heavy_eyelids,False,sleep_pose_counting,True,1.967,True,False,False,2.567,head_away,head_pose_only,False,False,False,1,0,
Twitch streamer starts to fall asleep while driving....mp4,True,19.967,0.074,0.0421,0.13,0.0033,0.0,False,eyes_too_closed,head_pose_only,-27.22,15.74,-12.41,-26.77,-6.73,-37.56,True,0.467,False,True,heavy_eyelids,False,sleep_pose_counting,True,2.0,True,False,False,2.6,head_away,head_pose_only,False,False,False,1,0,
Twitch streamer starts to fall asleep while driving....mp4,True,20.0,0.0724,0.0239,0.1314,0.0044,0.0,False,eyes_too_closed,head_pose_only,-26.75,15.92,-11.37,-26.3,-6.55,-36.52,True,0.5,False,True,heavy_eyelids,False,sleep_pose_counting,True,2.033,True,False,False,2.633,head_away,head_pose_only,False,False,False,1,0,
Twitch streamer starts to fall asleep while driving....mp4,True,20.033,0.0613,0.0281,0.1329,0.0049,0.0,False,eyes_too_closed,head_pose_only,-26.4,14.26,-11.67,-25.95,-8.21,-36.82,True,0.533,False,True,heavy_eyelids,False,sleep_pose_counting,True,2.067,True,False,False,2.667,head_away,head_pose_only,False,False,False,1,0,
Twitch streamer starts to fall asleep while driving....mp4,True,20.067,0.0733,0.0194,0.1343,0.0059,0.0,False,eyes_too_closed,head_pose_only,-26.42,15.17,-11.84,-25.97,-7.3,-36.99,True,0.567,False,True,slow_eye_closure,False,sleep_pose_counting,True,2.1,True,False,False,2.7,head_away,head_pose_only,False,False,False,1,0,
Twitch streamer starts to fall asleep while driving....mp4,True,20.1,0.0447,0.0435,0.1358,0.0054,0.0,False,eyes_too_closed,head_pose_only,-26.21,14.82,-11.24,-25.76,-7.65,-36.39,True,0.6,False,True,slow_eye_closure,False,sleep_pose_counting,True,2.133,True,False,False,2.733,head_away,head_pose_only,False,False,False,1,0,
Twitch streamer starts to fall asleep while driving....mp4,True,20.133,0.0754,0.0172,0.1372,0.0066,0.0,False,eyes_too_closed,head_pose_only,-26.15,15.02,-11.64,-25.7,-7.45,-36.79,True,0.633,False,True,slow_eye_closure,False,sleep_pose_counting,True,2.167,True,False,False,2.767,head_away,head_pose_only,False,False,False,1,0,
Twitch streamer starts to fall asleep while driving....mp4,True,20.167,0.1187,0.0234,0.1386,0.0063,0.0,False,eyes_too_closed,head_pose_only,-25.62,14.93,-10.74,-25.17,-7.54,-35.89,True,0.667,False,True,slow_eye_closure,False,not_asleep,False,0.0,True,False,False,2.8,head_away,head_pose_only,False,False,False,1,0,
Twitch streamer starts to fall asleep while driving....mp4,True,20.2,0.1521,0.0215,0.14,0.0071,0.0,False,eyes_too_closed,head_pose_only,-25.5,15.02,-11.55,-25.05,-7.45,-36.7,True,0.7,False,True,slow_eye_closure,False,not_asleep,False,0.0,True,False,False,2.833,head_away,head_pose_only,False,False,False,1,0,
Twitch streamer starts to fall asleep while driving....mp4,True,20.233,0.0894,0.0761,0.1414,0.0048,0.0,False,eyes_too_closed,head_pose_only,-24.86,15.45,-10.49,-24.41,-7.02,-35.64,True,0.733,False,True,slow_eye_closure,False,not_asleep,False,0.0,True,False,False,2.867,head_away,head_pose_only,False,False,False,1,0,
Twitch streamer starts to fall asleep while driving....mp4,True,20.267,0.1465,0.0382,0.1429,0.0065,0.0,False,eyes_too_closed,head_pose_only,-25.06,15.5,-11.44,-24.61,-6.97,-36.59,True,0.767,False,True,slow_eye_closure,False,not_asleep,False,0.0,True,False,False,2.9,head_away,head_pose_only,False,False,False,1,0,
Twitch streamer starts to fall asleep while driving....mp4,True,20.3,0.1135,0.0896,0.1443,0.0052,0.0,False,eyes_too_closed,head_pose_only,-24.32,15.19,-10.04,-23.87,-7.28,-35.19,True,0.8,False,True,slow_eye_closure,False,not_asleep,False,0.0,True,False,False,2.933,head_away,head_pose_only,False,False,False,1,0,
Twitch streamer starts to fall asleep while driving....mp4,True,20.333,0.1273,0.0562,0.1457,0.0056,0.0,False,eyes_too_closed,head_pose_only,-24.75,15.56,-11.42,-24.3,-6.91,-36.57,True,0.833,False,True,slow_eye_closure,False,not_asleep,False,0.0,True,False,False,2.967,head_away,head_pose_only,False,False,False,1,0,
Twitch streamer starts to fall asleep while driving....mp4,True,20.367,0.1701,0.0564,0.1471,0.0059,0.0,False,eyes_too_closed,head_pose_only,-24.48,15.85,-11.37,-24.03,-6.62,-36.52,True,0.867,False,True,slow_eye_closure,False,not_asleep,False,0.0,True,False,False,3.0,head_away,head_pose_only,False,False,False,1,0,
Twitch streamer starts to fall asleep while driving....mp4,True,20.4,0.1336,0.0554,0.1485,0.006,0.0,False,eyes_too_closed,head_pose_only,-25.07,14.39,-11.18,-24.62,-8.08,-36.33,True,0.9,False,True,slow_eye_closure,False,not_asleep,False,0.0,True,False,False,3.033,head_away,head_pose_only,False,False,False,1,0,
Twitch streamer starts to fall asleep while driving....mp4,True,20.433,0.1709,0.0783,0.1498,0.0065,0.0,False,eyes_too_closed,head_pose_only,-24.97,15.99,-12.46,-24.52,-6.48,-37.61,True,0.933,False,True,slow_eye_closure,False,not_asleep,False,0.0,True,False,False,3.067,head_away,head_pose_only,False,False,False,1,0,
Twitch streamer starts to fall asleep while driving....mp4,True,20.467,0.1291,0.0773,0.1512,0.0062,0.0,False,eyes_too_closed,head_pose_only,-25.6,14.57,-12.13,-25.15,-7.9,-37.28,True,0.967,False,True,slow_eye_closure,False,not_asleep,False,0.0,True,False,False,3.1,head_away,head_pose_only,False,False,False,1,0,
Twitch streamer starts to fall asleep while driving....mp4,True,20.5,0.1504,0.1114,0.1526,0.0065,0.0,False,eyes_too_closed,head_pose_only,-25.62,14.76,-13.31,-25.17,-7.71,-38.46,True,1.0,False,True,slow_eye_closure,False,not_asleep,False,0.0,True,False,False,3.133,head_away,head_pose_only,False,False,False,1,0,
Twitch streamer starts to fall asleep while driving....mp4,True,20.533,0.1416,0.0932,0.154,0.0068,0.0,False,eyes_too_closed,head_pose_only,-26.6,14.79,-13.79,-26.15,-7.68,-38.94,True,1.033,False,True,slow_eye_closure,False,not_asleep,False,0.0,True,False,False,3.167,head_away,head_pose_only,False,False,False,1,0,
Twitch streamer starts to fall asleep while driving....mp4,True,20.567,0.1032,0.144,0.1553,0.0058,0.0,False,eyes_too_closed,head_pose_only,-26.75,15.32,-14.72,-26.3,-7.15,-39.87,True,1.067,False,True,slow_eye_closure,False,not_asleep,False,0.0,True,False,False,3.2,head_away,head_pose_only,False,False,False,1,0,
Twitch streamer starts to fall asleep while driving....mp4,True,20.6,0.1192,0.0549,0.1567,0.0057,0.0,False,eyes_too_closed,head_pose_only,-27.01,13.22,-14.23,-26.56,-9.25,-39.38,True,1.1,False,True,slow_eye_closure,False,not_asleep,False,0.0,True,False,False,3.233,head_away,head_pose_only,False,False,False,1,0,
Twitch streamer starts to fall asleep while driving....mp4,True,20.633,0.0916,0.085,0.1581,0.0061,0.0,False,eyes_too_closed,head_pose_only,-27.45,14.49,-15.32,-27.0,-7.98,-40.47,True,1.133,False,True,slow_eye_closure,False,not_asleep,False,0.0,True,False,False,3.267,severe_head_pose,head_pose_only,False,False,False,1,0,
Twitch streamer starts to fall asleep while driving....mp4,True,20.667,0.1184,0.0975,0.1594,0.007,0.0,False,eyes_too_closed,head_pose_only,-27.5,14.31,-14.31,-27.05,-8.16,-39.46,True,1.167,False,True,slow_eye_closure,False,not_asleep,False,0.0,True,False,False,3.3,head_away,head_pose_only,False,False,False,1,0,
Twitch streamer starts to fall asleep while driving....mp4,True,20.7,0.1817,0.0783,0.1608,0.0065,0.0,False,gaze_stable,head_pose_only,-25.81,14.61,-13.47,-25.36,-7.86,-38.62,True,1.2,False,True,slow_eye_closure,False,not_asleep,False,0.0,True,False,False,3.333,head_away,head_pose_only,False,False,False,1,0,
Twitch streamer starts to fall asleep while driving....mp4,True,20.733,0.1555,0.1376,0.1621,0.0071,0.0,False,eyes_too_closed,head_pose_only,-26.22,15.19,-13.24,-25.77,-7.28,-38.39,True,1.233,False,True,slow_eye_closure,False,not_asleep,False,0.0,True,False,False,3.367,head_away,head_pose_only,False,False,False,1,0,
Twitch streamer starts to fall asleep while driving....mp4,True,20.767,0.1952,0.1504,0.1635,0.0072,0.0,False,gaze_stable,head_pose_only,-25.26,16.44,-13.5,-24.81,-6.03,-38.65,True,1.267,False,True,slow_eye_closure,False,not_asleep,False,0.0,True,False,False,3.4,head_away,head_pose_only,False,False,False,1,0,
Twitch streamer starts to fall asleep while driving....mp4,True,20.8,0.1252,0.0881,0.1648,0.0055,0.0,False,eyes_too_closed,head_pose_only,-25.57,16.28,-13.24,-25.12,-6.19,-38.39,True,1.3,False,True,slow_eye_closure,False,not_asleep,False,0.0,True,False,False,3.433,head_away,head_pose_only,False,False,False,1,0,
Twitch streamer starts to fall asleep while driving....mp4,True,20.833,0.158,0.0299,0.1661,0.0064,0.0,False,eyes_too_closed,head_pose_only,-24.93,16.27,-12.3,-24.48,-6.2,-37.45,True,1.333,False,True,slow_eye_closure,False,not_asleep,False,0.0,True,False,False,3.467,head_away,head_pose_only,False,False,False,1,0,
Twitch streamer starts to fall asleep while driving....mp4,True,20.867,0.1579,0.1104,0.1675,0.0073,0.0,False,eyes_too_closed,head_pose_only,-25.61,16.19,-13.12,-25.16,-6.28,-38.27,True,1.367,False,True,slow_eye_closure,False,not_asleep,False,0.0,True,False,False,3.5,head_away,head_pose_only,False,False,False,1,0,
Twitch streamer starts to fall asleep while driving....mp4,True,20.9,0.1647,0.1603,0.1688,0.0067,0.0,False,eyes_too_closed,head_pose_only,-25.46,17.24,-12.88,-25.01,-5.23,-38.03,True,1.4,False,True,slow_eye_closure,False,not_asleep,False,0.0,True,False,False,3.533,head_away,head_pose_only,False,False,False,1,0,
Twitch streamer starts to fall asleep while driving....mp4,True,20.933,0.1222,0.0901,0.1701,0.0061,0.0,False,eyes_too_closed,head_pose_only,-25.98,15.11,-12.88,-25.53,-7.36,-38.03,True,1.433,False,True,slow_eye_closure,False,not_asleep,False,0.0,True,False,False,3.567,head_away,head_pose_only,False,False,False,1,0,
Twitch streamer starts to fall asleep while driving....mp4,True,20.967,0.1617,0.102,0.1714,0.0074,0.0,False,eyes_too_closed,head_pose_only,-25.12,15.78,-12.25,-24.67,-6.69,-37.4,True,1.467,False,True,slow_eye_closure,False,not_asleep,False,0.0,True,False,False,3.6,head_away,head_pose_only,False,False,False,1,0,
Twitch streamer starts to fall asleep while driving....mp4,True,21.0,0.1644,0.1016,0.1727,0.0068,0.0,False,eyes_too_closed,head_pose_only,-25.48,15.24,-12.3,-25.03,-7.23,-37.45,True,1.5,False,True,slow_eye_closure,False,not_asleep,False,0.0,True,False,False,3.633,head_away,head_pose_only,False,False,False,1,0,
Twitch streamer starts to fall asleep while driving....mp4,True,21.033,0.1626,0.0722,0.1741,0.0073,0.0,False,eyes_too_closed,head_pose_only,-25.6,14.14,-12.25,-25.15,-8.33,-37.4,True,1.533,False,True,slow_eye_closure,False,not_asleep,False,0.0,True,False,False,3.667,head_away,head_pose_only,False,False,False,1,0,
Twitch streamer starts to fall asleep while driving....mp4,True,21.067,0.1699,0.0613,0.1754,0.0077,0.0,False,eyes_too_closed,head_pose_only,-25.8,15.24,-12.82,-25.35,-7.23,-37.97,True,1.567,False,True,slow_eye_closure,False,not_asleep,False,0.0,True,False,False,3.7,head_away,head_pose_only,False,False,False,1,0,
Twitch streamer starts to fall asleep while driving....mp4,True,21.1,0.1408,0.0411,0.1767,0.0086,0.0,False,eyes_too_closed,head_pose_only,-26.16,15.42,-13.56,-25.71,-7.05,-38.71,True,1.6,False,True,slow_eye_closure,False,not_asleep,False,0.0,True,False,False,3.733,head_away,head_pose_only,False,False,False,1,0,
Twitch streamer starts to fall asleep while driving....mp4,True,21.133,0.1638,0.1672,0.178,0.0078,0.0,False,eyes_too_closed,head_pose_only,-26.45,14.89,-14.41,-26.0,-7.58,-39.56,True,1.633,False,True,slow_eye_closure,False,not_asleep,False,0.0,True,False,False,3.767,head_away,head_pose_only,False,False,False,1,0,
Twitch streamer starts to fall asleep while driving....mp4,True,21.167,0.153,0.1031,0.1792,0.0078,0.0,False,eyes_too_closed,head_pose_only,-26.7,15.42,-14.16,-26.25,-7.05,-39.31,True,1.667,False,True,slow_eye_closure,False,not_asleep,False,0.0,True,False,False,3.8,head_away,head_pose_only,False,False,False,1,0,
Twitch streamer starts to fall asleep while driving....mp4,True,21.2,0.1412,0.1659,0.1805,0.0091,0.0,False,eyes_too_closed,head_pose_only,-27.31,14.46,-14.49,-26.86,-8.01,-39.64,True,1.7,False,True,slow_eye_closure,False,not_asleep,False,0.0,True,False,False,3.833,head_away,head_pose_only,False,False,False,1,0,
Twitch streamer starts to fall asleep while driving....mp4,True,21.233,0.1923,0.0681,0.1818,0.0083,0.0,False,gaze_stable,head_pose_only,-26.29,15.02,-14.56,-25.84,-7.45,-39.71,True,1.733,False,True,slow_eye_closure,False,not_asleep,False,0.0,True,False,False,3.867,head_away,head_pose_only,False,False,False,1,0,
Twitch streamer starts to fall asleep while driving....mp4,True,21.267,0.1639,0.0744,0.1831,0.0076,0.0,False,eyes_too_closed,head_pose_only,-26.34,15.62,-14.64,-25.89,-6.85,-39.79,True,1.767,False,True,slow_eye_closure,False,not_asleep,False,0.0,True,False,False,3.9,head_away,head_pose_only,False,False,False,1,0,
Twitch streamer starts to fall asleep while driving....mp4,True,21.3,0.2144,0.105,0.1844,0.0068,0.0,False,gaze_stable,head_pose_only,-23.54,17.43,-10.27,-23.09,-5.04,-35.42,True,1.8,False,True,slow_eye_closure,False,not_asleep,False,0.0,True,False,False,3.933,head_away,head_pose_only,False,False,False,1,0,
Twitch streamer starts to fall asleep while driving....mp4,True,21.333,0.2713,0.1042,0.1841,0.006,0.0,False,gaze_stable,head_pose_only,-20.87,18.77,-6.47,-20.42,-3.7,-31.62,True,1.833,False,True,slow_eye_closure,False,not_asleep,False,0.0,True,False,False,3.967,head_away,head_pose_only,False,False,False,1,0,
Twitch streamer starts to fall asleep while driving....mp4,True,21.367,0.3814,0.201,0.1838,0.0053,0.0,False,gaze_stable,head_pose_only,-17.63,20.1,-0.6,-17.18,-2.37,-25.75,True,1.867,False,True,slow_eye_closure,False,not_asleep,False,0.0,True,False,False,4.0,head_away,head_pose_only,False,False,False,1,0,
Twitch streamer starts to fall asleep while driving....mp4,True,21.4,0.4075,0.2008,0.1835,0.0054,0.0,False,gaze_stable,head_pose_only,-13.67,21.05,5.27,-15.992,-2.085,-23.989,True,1.9,False,True,slow_eye_closure,False,not_asleep,False,0.0,True,False,False,4.033,head_away,head_pose_only,False,False,False,1,0,
Twitch streamer starts to fall asleep while driving....mp4,True,21.433,0.4304,0.2399,0.1832,0.0051,0.0,False,gaze_stable,head_pose_only,-11.56,20.73,11.57,-14.527,-1.981,-20.866,True,1.933,False,True,slow_eye_closure,False,not_asleep,False,0.0,True,False,False,4.067,forward,head_pose_only,False,False,False,1,0,
Twitch streamer starts to fall asleep while driving....mp4,True,21.467,0.493,0.2248,0.1829,0.0044,0.0,False,gaze_stable,head_pose_only,-9.9,19.22,16.18,-13.004,-2.362,-17.297,False,0.0,False,True,active_hold,False,not_asleep,False,0.0,True,False,False,4.1,forward,head_pose_only,False,False,False,1,0,
Twitch streamer starts to fall asleep while driving....mp4,True,21.5,0.5488,0.1244,0.1827,0.005,0.0,False,gaze_stable,head_pose_only,-8.82,17.75,16.94,-11.614,-3.069,-14.571,False,0.0,False,True,active_hold,False,not_asleep,False,0.0,True,False,False,4.133,forward,head_pose_only,False,False,False,1,0,
Twitch streamer starts to fall asleep while driving....mp4,True,21.533,0.6157,0.0754,0.1824,0.0041,0.0041,True,gaze_stable,gaze_plus_head_pose,-7.18,17.25,20.21,-10.149,-3.715,-11.682,False,0.0,False,True,active_hold,False,not_asleep,False,0.0,True,False,False,4.167,forward,gaze_or_head_pose,False,False,False,1,0,
Twitch streamer starts to fall asleep while driving....mp4,True,21.567,0.6694,0.0912,0.1821,0.0026,0.0026,True,gaze_stable,gaze_plus_head_pose,-5.8,15.58,20.45,-8.709,-4.667,-9.587,False,0.0,False,True,active_hold,False,not_asleep,False,0.0,True,False,False,4.2,forward,gaze_or_head_pose,False,False,False,1,0,
Twitch streamer starts to fall asleep while driving....mp4,True,21.6,0.6808,0.2946,0.1818,0.0035,0.0035,True,gaze_stable,gaze_plus_head_pose,-5.93,12.67,22.62,-7.74,-6.207,-7.47,False,0.0,False,True,active_hold,False,not_asleep,False,0.0,True,False,False,4.233,forward,gaze_or_head_pose,False,False,False,1,0,
Twitch streamer starts to fall asleep while driving....mp4,True,21.633,0.7317,0.0775,0.1815,0.0031,0.0031,True,gaze_stable,gaze_plus_head_pose,-5.87,9.45,24.25,-7.044,-8.251,-5.499,False,0.0,False,True,active_hold,False,not_asleep,False,0.0,True,False,False,4.267,forward,gaze_or_head_pose,False,False,False,1,0,
Twitch streamer starts to fall asleep while driving....mp4,True,21.667,0.7033,0.0405,0.1813,0.004,0.004,True,gaze_stable,gaze_plus_head_pose,-5.75,10.66,24.22,-6.521,-9.319,-4.128,False,0.0,False,True,active_hold,False,not_asleep,False,0.0,True,False,False,4.3,forward,gaze_or_head_pose,False,False,False,1,0,
Twitch streamer starts to fall asleep while driving....mp4,True,21.7,0.6959,0.1155,0.181,0.0032,0.0032,True,gaze_stable,gaze_plus_head_pose,-5.29,10.23,25.19,-6.017,-10.195,-2.878,False,0.0,False,True,active_hold,False,not_asleep,False,0.0,True,False,False,4.333,forward,gaze_or_head_pose,False,False,False,1,0,
Twitch streamer starts to fall asleep while driving....mp4,True,21.733,0.6679,0.0101,0.1807,0.0038,0.0038,True,gaze_stable,gaze_plus_head_pose,-6.1,10.26,23.91,-5.907,-10.8,-2.386,False,0.0,False,True,active_hold,False,not_asleep,False,0.0,True,False,False,4.367,forward,gaze_or_head_pose,False,False,False,1,0,
Twitch streamer starts to fall asleep while driving....mp4,True,21.767,0.6979,0.1749,0.1804,0.0039,0.0039,True,gaze_stable,gaze_plus_head_pose,-5.74,11.59,22.85,-5.722,-10.824,-2.361,False,0.0,False,True,active_hold,False,not_asleep,False,0.0,False,False,False,0.0,forward,gaze_or_head_pose,False,False,False,1,0,
Twitch streamer starts to fall asleep while driving....mp4,True,21.8,0.6375,0.041,0.1802,0.0039,0.0039,True,gaze_stable,gaze_plus_head_pose,-6.01,12.39,21.14,-5.673,-10.601,-2.855,False,0.0,False,True,active_hold,False,not_asleep,False,0.0,False,False,False,0.0,forward,gaze_or_head_pose,False,False,False,1,0,
Twitch streamer starts to fall asleep while driving....mp4,True,21.833,0.6552,0.0084,0.1799,0.003,0.003,True,gaze_stable,gaze_plus_head_pose,-6.56,13.41,19.57,-5.804,-10.138,-3.673,False,0.0,False,True,active_hold,False,not_asleep,False,0.0,False,False,False,0.0,forward,gaze_or_head_pose,False,False,False,1,0,
Twitch streamer starts to fall asleep while driving....mp4,True,21.867,0.5956,0.0388,0.1796,0.0034,0.0034,True,gaze_stable,gaze_plus_head_pose,-6.6,13.25,17.26,-5.908,-9.863,-4.938,False,0.0,False,True,active_hold,False,not_asleep,False,0.0,False,False,False,0.0,forward,gaze_or_head_pose,False,False,False,1,0,
Twitch streamer starts to fall asleep while driving....mp4,True,21.9,0.6225,0.0151,0.1793,0.0038,0.0038,True,gaze_stable,gaze_plus_head_pose,-7.81,14.04,16.67,-6.344,-9.433,-6.001,False,0.0,False,True,active_hold,False,not_asleep,False,0.0,False,False,False,0.0,forward,gaze_or_head_pose,False,False,False,1,0,
Twitch streamer starts to fall asleep while driving....mp4,True,21.933,0.6413,0.0763,0.1791,0.004,0.004,True,gaze_stable,gaze_plus_head_pose,-6.94,13.15,15.4,-6.387,-9.399,-7.125,False,0.0,False,True,active_hold,False,not_asleep,False,0.0,False,False,False,0.0,forward,gaze_or_head_pose,False,False,False,1,0,
Twitch streamer starts to fall asleep while driving....mp4,True,21.967,0.6214,0.0703,0.1788,0.004,0.004,True,gaze_stable,gaze_plus_head_pose,-7.84,13.38,14.48,-6.688,-9.306,-8.189,False,0.0,False,True,active_hold,False,not_asleep,False,0.0,False,False,False,0.0,forward,gaze_or_head_pose,False,False,False,1,0,
Twitch streamer starts to fall asleep while driving....mp4,True,22.0,0.6131,0.0604,0.1785,0.004,0.004,True,gaze_stable,gaze_plus_head_pose,-8.16,12.81,12.99,-6.995,-9.412,-9.38,False,0.0,False,True,active_hold,False,not_asleep,False,0.0,False,False,False,0.0,forward,gaze_or_head_pose,False,False,False,1,0,
Twitch streamer starts to fall asleep while driving....mp4,True,22.033,0.1986,0.0243,0.1798,0.0037,0.0037,True,gaze_stable,gaze_plus_head_pose,-7.57,13.76,13.88,-7.032,-9.202,-9.947,True,0.0,False,True,heavy_eyelids,False,not_asleep,False,0.0,False,False,False,0.0,forward,gaze_or_head_pose,False,False,False,1,0,
Twitch streamer starts to fall asleep while driving....mp4,True,22.067,0.1454,0.0098,0.181,0.0026,0.0,False,eyes_too_closed,head_pose_only,-7.76,12.72,12.68,-7.116,-9.366,-10.704,True,0.033,False,True,heavy_eyelids,False,not_asleep,False,0.0,False,False,False,0.0,forward,head_pose_only,False,False,False,1,0,
Twitch streamer starts to fall asleep while driving....mp4,True,22.1,0.1598,0.0154,0.1822,0.0027,0.0,False,eyes_too_closed,head_pose_only,-6.67,12.63,13.13,-6.847,-9.508,-11.099,True,0.067,False,True,heavy_eyelids,False,not_asleep,False,0.0,False,False,False,0.0,forward,head_pose_only,False,False,False,1,0,
Twitch streamer starts to fall asleep while driving....mp4,True,22.133,0.1406,0.0114,0.1835,0.0018,0.0,False,eyes_too_closed,head_pose_only,-7.04,13.35,13.03,-6.77,-9.392,-11.405,True,0.1,False,True,heavy_eyelids,False,not_asleep,False,0.0,False,False,False,0.0,forward,head_pose_only,False,False,False,1,0,
Twitch streamer starts to fall asleep while driving....mp4,True,22.167,0.1419,0.002,0.1847,0.0031,0.0,False,eyes_too_closed,head_pose_only,-6.58,11.29,12.94,-6.578,-9.928,-11.647,True,0.133,False,True,heavy_eyelids,False,not_asleep,False,0.0,False,False,False,0.0,forward,head_pose_only,False,False,False,1,0,
Twitch streamer starts to fall asleep while driving....mp4,True,22.2,0.2082,0.0191,0.1859,0.006,0.0,False,gaze_stable,head_pose_only,-5.8,12.51,13.13,-6.21,-9.938,-11.759,True,0.167,False,True,heavy_eyelids,False,not_asleep,False,0.0,False,False,False,0.0,forward,head_pose_only,False,False,False,1,0,
Twitch streamer starts to fall asleep while driving....mp4,True,22.233,0.3781,0.0045,0.1856,0.0078,0.0,False,gaze_stable,head_pose_only,-5.54,12.75,14.43,-5.874,-9.872,-11.447,True,0.2,False,True,active_hold,False,not_asleep,False,0.0,False,False,False,0.0,forward,head_pose_only,False,False,False,1,0,
Twitch streamer starts to fall asleep while driving....mp4,True,22.267,0.446,0.0045,0.1854,0.0079,0.0,False,gaze_stable,head_pose_only,-6.29,9.45,14.33,-5.864,-10.817,-11.259,True,0.233,False,True,active_hold,False,not_asleep,False,0.0,False,False,False,0.0,forward,head_pose_only,False,False,False,1,0,
Twitch streamer starts to fall asleep while driving....mp4,True,22.3,0.4811,0.0072,0.1851,0.0082,0.0,False,gaze_stable,head_pose_only,-5.0,9.1,17.07,-5.469,-11.583,-10.305,True,0.267,False,True,active_hold,False,not_asleep,False,0.0,False,False,False,0.0,forward,head_pose_only,False,False,False,1,0,
Twitch streamer starts to fall asleep while driving....mp4,True,22.333,0.4475,0.0054,0.1848,0.008,0.0,False,gaze_stable,head_pose_only,-4.78,6.54,17.99,-5.128,-12.887,-9.362,True,0.3,False,True,active_hold,False,not_asleep,False,0.0,False,False,False,0.0,forward,head_pose_only,False,False,False,1,0,
Twitch streamer starts to fall asleep while driving....mp4,True,22.367,0.4741,0.0031,0.1845,0.0088,0.0,False,gaze_stable,head_pose_only,-3.98,5.76,20.16,-4.648,-14.034,-8.05,False,0.0,False,True,active_hold,False,not_asleep,False,0.0,False,False,False,0.0,forward,head_pose_only,False,False,False,1,0,
Twitch streamer starts to fall asleep while driving....mp4,True,22.4,0.5151,0.0096,0.1842,0.008,0.0,False,gaze_stable,head_pose_only,-3.4,4.79,21.57,-4.139,-15.128,-6.709,False,0.0,False,True,active_hold,False,not_asleep,False,0.0,False,False,False,0.0,forward,head_pose_only,False,False,False,1,0,
Twitch streamer starts to fall asleep while driving....mp4,True,22.433,0.4879,0.0043,0.184,0.0095,0.0095,True,gaze_stable,gaze_plus_head_pose,-4.32,1.82,22.31,-3.87,-20.65,-2.84,False,0.0,False,True,active_hold,False,sleep_pose_counting,True,0.0,True,False,False,0.0,head_away,gaze_or_head_pose,False,False,False,1,0,
Twitch streamer starts to fall asleep while driving....mp4,True,22.467,0.5436,0.0042,0.1837,0.0091,0.0091,True,gaze_stable,gaze_plus_head_pose,-4.4,0.01,22.66,-3.95,-22.46,-2.49,False,0.0,False,False,cleared_eyes_open,False,sleep_pose_counting,True,0.033,True,False,False,0.033,head_away,gaze_or_head_pose,False,False,False,1,0,
Twitch streamer starts to fall asleep while driving....mp4,True,22.5,0.5907,0.0617,0.1834,0.0082,0.0082,True,gaze_stable,gaze_plus_head_pose,-3.79,-1.02,22.86,-3.34,-23.49,-2.29,False,0.0,False,False,not_tired,False,sleep_pose_counting,True,0.067,True,False,False,0.067,head_away,gaze_or_head_pose,False,False,False,1,0,
Twitch streamer starts to fall asleep while driving....mp4,True,22.533,0.5747,0.018,0.1832,0.0094,0.0094,True,gaze_stable,gaze_plus_head_pose,-4.51,-2.57,25.08,-4.06,-25.04,-0.07,False,0.0,False,False,not_tired,False,sleep_pose_counting,True,0.1,True,False,False,0.1,head_away,gaze_or_head_pose,False,False,False,1,0,
Twitch streamer starts to fall asleep while driving....mp4,True,22.567,0.5361,0.0114,0.1829,0.0109,0.0109,True,gaze_stable,gaze_plus_head_pose,-3.81,-4.48,23.1,-3.36,-26.95,-2.05,False,0.0,False,False,not_tired,False,sleep_pose_counting,True,0.133,True,False,False,0.133,head_away,gaze_or_head_pose,False,False,False,1,0,
Twitch streamer starts to fall asleep while driving....mp4,True,22.6,0.4957,0.0057,0.1826,0.0092,0.0092,True,gaze_stable,gaze_plus_head_pose,-3.77,-5.06,27.29,-3.32,-27.53,2.14,False,0.0,False,False,not_tired,False,sleep_pose_counting,True,0.167,True,False,False,0.167,head_away,gaze_or_head_pose,False,False,False,1,0,
Twitch streamer starts to fall asleep while driving....mp4,True,22.633,0.0979,0.0036,0.1838,0.0018,0.0,False,eyes_too_closed,head_pose_only,-3.11,-6.14,27.14,-2.66,-28.61,1.99,True,0.0,False,False,not_tired,False,sleep_pose_counting,True,0.2,True,False,False,0.2,severe_head_pose,head_pose_only,False,False,False,1,0,
Twitch streamer starts to fall asleep while driving....mp4,True,22.667,0.0994,0.0057,0.185,0.0017,0.0,False,eyes_too_closed,head_pose_only,-3.55,-4.61,26.87,-3.1,-27.08,1.72,True,0.033,False,False,not_tired,False,sleep_pose_counting,True,0.233,True,False,False,0.233,head_away,head_pose_only,False,False,False,1,0,
Twitch streamer starts to fall asleep while driving....mp4,True,22.7,0.2749,0.0238,0.1848,0.0024,0.0,False,gaze_stable,head_pose_only,-3.73,-4.48,25.98,-3.28,-26.95,0.83,True,0.067,False,False,not_tired,False,sleep_pose_counting,True,0.267,True,False,False,0.267,head_away,head_pose_only,False,False,False,1,0,
Twitch streamer starts to fall asleep while driving....mp4,True,22.733,0.5071,0.0057,0.1845,0.0061,0.0,False,gaze_stable,head_pose_only,-4.71,-4.73,26.4,-4.26,-27.2,1.25,True,0.1,False,False,not_tired,False,sleep_pose_counting,True,0.3,True,False,False,0.3,head_away,head_pose_only,False,False,False,1,0,
Twitch streamer starts to fall asleep while driving....mp4,True,22.767,0.5105,0.0061,0.1842,0.0051,0.0,False,gaze_stable,head_pose_only,-5.63,-5.99,27.04,-5.18,-28.46,1.89,True,0.133,False,False,not_tired,False,sleep_pose_counting,True,0.333,True,False,False,0.333,severe_head_pose,head_pose_only,False,False,False,1,0,
Twitch streamer starts to fall asleep while driving....mp4,True,22.8,0.6055,0.0036,0.1839,0.0045,0.0,False,gaze_stable,head_pose_only,-6.56,-6.51,25.87,-6.11,-28.98,0.72,True,0.167,False,False,not_tired,False,sleep_pose_counting,True,0.367,True,False,False,0.367,severe_head_pose,head_pose_only,False,False,False,1,0,
Twitch streamer starts to fall asleep while driving....mp4,True,22.833,0.6082,0.0122,0.1837,0.0051,0.0,False,gaze_stable,head_pose_only,-6.19,-6.24,25.2,-5.74,-28.71,0.05,False,0.0,False,False,not_tired,False,sleep_pose_counting,True,0.4,True,False,False,0.4,severe_head_pose,head_pose_only,False,False,False,1,0,
Twitch streamer starts to fall asleep while driving....mp4,True,22.867,0.6179,0.0132,0.1834,0.0045,0.0,False,gaze_stable,head_pose_only,-5.1,-4.89,25.07,-4.65,-27.36,-0.08,False,0.0,False,False,not_tired,False,sleep_pose_counting,True,0.433,True,False,False,0.433,head_away,head_pose_only,False,False,False,1,0,
Twitch streamer starts to fall asleep while driving....mp4,True,22.9,0.6183,0.0084,0.1831,0.0046,0.0,False,gaze_stable,head_pose_only,-5.52,-6.13,24.05,-5.07,-28.6,-1.1,False,0.0,False,False,not_tired,False,sleep_pose_counting,True,0.467,True,False,False,0.467,severe_head_pose,head_pose_only,False,False,False,1,0,
Twitch streamer starts to fall asleep while driving....mp4,True,22.933,0.623,0.0287,0.1829,0.0047,0.0047,True,gaze_stable,gaze_plus_head_pose,-5.59,-6.05,24.12,-5.14,-28.52,-1.03,False,0.0,False,False,not_tired,False,sleep_pose_counting,True,0.5,True,False,False,0.5,severe_head_pose,gaze_or_head_pose,False,False,False,1,0,
Twitch streamer starts to fall asleep while driving....mp4,True,22.967,0.6587,0.0163,0.1826,0.0066,0.0066,True,gaze_stable,gaze_plus_head_pose,-5.8,-7.03,23.58,-5.35,-29.5,-1.57,False,0.0,False,False,not_tired,False,sleep_pose_counting,True,0.533,True,False,False,0.533,severe_head_pose,gaze_or_head_pose,False,False,False,1,0,
Twitch streamer starts to fall asleep while driving....mp4,True,23.0,0.6372,0.0042,0.1823,0.0056,0.0056,True,gaze_stable,gaze_plus_head_pose,-6.32,-7.58,23.24,-5.87,-30.05,-1.91,False,0.0,False,False,not_tired,False,sleep_pose_counting,True,0.567,True,False,False,0.567,severe_head_pose,gaze_or_head_pose,False,False,False,1,0,
Twitch streamer starts to fall asleep while driving....mp4,True,23.033,0.6588,0.0241,0.1821,0.0057,0.0057,True,gaze_stable,gaze_plus_head_pose,-6.66,-7.68,21.16,-6.21,-30.15,-3.99,False,0.0,False,False,not_tired,False,sleep_pose_counting,True,0.6,True,False,False,0.6,severe_head_pose,gaze_or_head_pose,False,False,False,1,0,
Twitch streamer starts to fall asleep while driving....mp4,True,23.067,0.6444,0.0086,0.1818,0.006,0.006,True,gaze_stable,gaze_plus_head_pose,-7.39,-9.15,20.08,-6.94,-31.62,-5.07,False,0.0,False,False,not_tired,False,sleep_pose_counting,True,0.633,True,False,False,0.633,severe_head_pose,gaze_or_head_pose,False,False,False,1,0,
Twitch streamer starts to fall asleep while driving....mp4,True,23.1,0.6852,0.0133,0.1816,0.0058,0.0058,True,gaze_stable,gaze_plus_head_pose,-7.83,-11.7,19.8,-7.38,-34.17,-5.35,False,0.0,False,False,not_tired,False,sleep_pose_counting,True,0.667,True,False,False,0.667,severe_head_pose,gaze_or_head_pose,False,False,False,1,0,
Twitch streamer starts to fall asleep while driving....mp4,True,23.133,0.6687,0.0105,0.1813,0.0052,0.0052,True,gaze_stable,gaze_plus_head_pose,-8.91,-11.46,16.31,-8.46,-33.93,-8.84,False,0.0,False,False,not_tired,False,sleep_pose_counting,True,0.7,True,False,False,0.7,severe_head_pose,gaze_or_head_pose,False,False,False,1,0,
Twitch streamer starts to fall asleep while driving....mp4,True,23.167,0.6389,0.0117,0.181,0.006,0.006,True,gaze_stable,gaze_plus_head_pose,-8.1,-11.66,19.28,-7.65,-34.13,-5.87,False,0.0,False,False,not_tired,False,sleep_pose_counting,True,0.733,True,False,False,0.733,severe_head_pose,gaze_or_head_pose,False,False,False,1,0,
Twitch streamer starts to fall asleep while driving....mp4,True,23.2,0.6573,0.0174,0.1808,0.0057,0.0057,True,gaze_stable,gaze_plus_head_pose,-8.4,-10.97,18.63,-7.95,-33.44,-6.52,False,0.0,False,False,not_tired,False,sleep_pose_counting,True,0.767,True,False,False,0.767,severe_head_pose,gaze_or_head_pose,False,False,False,1,0,
Twitch streamer starts to fall asleep while driving....mp4,True,23.233,0.6707,0.0109,0.1805,0.005,0.005,True,gaze_stable,gaze_plus_head_pose,-7.37,-11.07,19.25,-6.92,-33.54,-5.9,False,0.0,False,False,not_tired,False,sleep_pose_counting,True,0.8,True,False,False,0.8,severe_head_pose,gaze_or_head_pose,False,False,False,1,0,
Twitch streamer starts to fall asleep while driving....mp4,True,23.267,0.6653,0.013,0.1803,0.0051,0.0051,True,gaze_stable,gaze_plus_head_pose,-6.9,-9.49,20.07,-6.45,-31.96,-5.08,False,0.0,False,False,not_tired,False,sleep_pose_counting,True,0.833,True,False,False,0.833,severe_head_pose,gaze_or_head_pose,False,False,False,1,0,
Twitch streamer starts to fall asleep while driving....mp4,True,23.3,0.6915,0.009,0.18,0.0061,0.0061,True,gaze_stable,gaze_plus_head_pose,-6.18,-9.6,20.36,-5.73,-32.07,-4.79,False,0.0,False,False,not_tired,False,sleep_pose_counting,True,0.867,True,False,False,0.867,severe_head_pose,gaze_or_head_pose,False,False,False,1,0,
Twitch streamer starts to fall asleep while driving....mp4,True,23.333,0.7041,0.0099,0.1797,0.0048,0.0048,True,gaze_stable,gaze_plus_head_pose,-6.19,-7.76,20.03,-5.74,-30.23,-5.12,False,0.0,False,False,not_tired,False,sleep_pose_counting,True,0.9,True,False,False,0.9,severe_head_pose,gaze_or_head_pose,False,False,False,1,0,
Twitch streamer starts to fall asleep while driving....mp4,True,23.367,0.7055,0.0089,0.1795,0.0052,0.0052,True,gaze_stable,gaze_plus_head_pose,-4.61,-6.97,20.19,-4.16,-29.44,-4.96,False,0.0,False,False,not_tired,False,sleep_pose_counting,True,0.933,True,False,False,0.933,severe_head_pose,gaze_or_head_pose,False,False,False,1,0,
Twitch streamer starts to fall asleep while driving....mp4,True,23.4,0.6742,0.0059,0.1792,0.0049,0.0049,True,gaze_stable,gaze_plus_head_pose,-5.0,-7.51,20.87,-4.55,-29.98,-4.28,False,0.0,False,False,not_tired,False,sleep_pose_counting,True,0.967,True,False,False,0.967,severe_head_pose,gaze_or_head_pose,False,False,False,1,0,
Twitch streamer starts to fall asleep while driving....mp4,True,23.433,0.6728,0.006,0.179,0.0054,0.0054,True,gaze_stable,gaze_plus_head_pose,-3.54,-6.53,22.2,-3.09,-29.0,-2.95,False,0.0,False,False,not_tired,False,sleep_pose_counting,True,1.0,True,False,False,1.0,severe_head_pose,gaze_or_head_pose,False,False,False,1,0,
Twitch streamer starts to fall asleep while driving....mp4,True,23.467,0.6734,0.0068,0.1787,0.0047,0.0047,True,gaze_stable,gaze_plus_head_pose,-4.32,-7.53,20.96,-3.87,-30.0,-4.19,False,0.0,False,False,not_tired,False,sleep_pose_counting,True,1.033,True,False,False,1.033,severe_head_pose,gaze_or_head_pose,False,False,False,1,0,
Twitch streamer starts to fall asleep while driving....mp4,True,23.5,0.6356,0.0363,0.1785,0.0043,0.0043,True,gaze_stable,gaze_plus_head_pose,-2.67,0.86,21.12,-2.22,-21.61,-4.03,False,0.0,False,False,not_tired,False,sleep_pose_counting,True,1.067,True,False,False,1.067,head_away,gaze_or_head_pose,False,False,False,1,0,
Twitch streamer starts to fall asleep while driving....mp4,True,23.533,0.6219,0.0061,0.1782,0.0039,0.0039,True,gaze_stable,gaze_plus_head_pose,-1.16,-2.64,21.37,-0.71,-25.11,-3.78,False,0.0,False,False,not_tired,False,sleep_pose_counting,True,1.1,True,False,False,1.1,head_away,gaze_or_head_pose,False,False,False,1,0,
Twitch streamer starts to fall asleep while driving....mp4,True,23.567,0.6493,0.0071,0.178,0.0047,0.0047,True,gaze_stable,gaze_plus_head_pose,-1.96,-3.77,21.74,-1.51,-26.24,-3.41,False,0.0,False,False,not_tired,False,sleep_pose_counting,True,1.133,True,False,False,1.133,head_away,gaze_or_head_pose,False,False,False,1,0,
Twitch streamer starts to fall asleep while driving....mp4,True,23.6,0.6474,0.0177,0.1777,0.0045,0.0045,True,gaze_stable,gaze_plus_head_pose,-2.09,-4.08,22.14,-1.64,-26.55,-3.01,False,0.0,False,False,not_tired,False,sleep_pose_counting,True,1.167,True,False,False,1.167,head_away,gaze_or_head_pose,False,False,False,1,0,
Twitch streamer starts to fall asleep while driving....mp4,True,23.633,0.4907,0.0329,0.1775,0.0037,0.0037,True,gaze_stable,gaze_plus_head_pose,-2.87,-1.93,21.02,-2.42,-24.4,-4.13,False,0.0,False,False,not_tired,False,sleep_pose_counting,True,1.2,True,False,False,1.2,head_away,gaze_or_head_pose,False,False,False,1,0,
Twitch streamer starts to fall asleep while driving....mp4,True,23.667,0.0745,0.0234,0.1786,0.0023,0.0,False,eyes_too_closed,head_pose_only,-3.14,-3.92,21.89,-2.69,-26.39,-3.26,True,0.0,False,False,not_tired,False,sleep_pose_counting,True,1.233,True,False,False,1.233,head_away,head_pose_only,False,False,False,1,0,
Twitch streamer starts to fall asleep while driving....mp4,True,23.7,0.0982,0.0077,0.1798,0.0024,0.0,False,eyes_too_closed,head_pose_only,-2.37,-2.99,19.69,-1.92,-25.46,-5.46,True,0.033,False,False,not_tired,False,sleep_pose_counting,True,1.267,True,False,False,1.267,head_away,head_pose_only,False,False,False,1,0,
Twitch streamer starts to fall asleep while driving....mp4,True,23.733,0.1194,0.0053,0.1809,0.0023,0.0,False,eyes_too_closed,head_pose_only,-2.25,-3.46,22.66,-1.8,-25.93,-2.49,True,0.067,False,False,not_tired,False,sleep_pose_counting,True,1.3,True,False,False,1.3,head_away,head_pose_only,False,False,False,1,0,
Twitch streamer starts to fall asleep while driving....mp4,True,23.767,0.1311,0.0051,0.1821,0.0012,0.0,False,eyes_too_closed,head_pose_only,-1.9,-6.48,21.28,-1.45,-28.95,-3.87,True,0.1,False,False,not_tired,False,sleep_pose_counting,True,1.333,True,False,False,1.333,severe_head_pose,head_pose_only,False,False,False,1,0,
Twitch streamer starts to fall asleep while driving....mp4,True,23.8,0.291,0.0324,0.1818,0.0029,0.0,False,gaze_stable,head_pose_only,-1.19,-5.21,21.14,-0.74,-27.68,-4.01,True,0.133,False,False,not_tired,False,sleep_pose_counting,True,1.367,True,False,False,1.367,head_away,head_pose_only,False,False,False,1,0,
Twitch streamer starts to fall asleep while driving....mp4,True,23.833,0.4255,0.0072,0.1816,0.0031,0.0,False,gaze_stable,head_pose_only,-0.97,-5.98,22.07,-0.52,-28.45,-3.08,True,0.167,False,False,not_tired,False,sleep_pose_counting,True,1.4,True,False,False,1.4,severe_head_pose,head_pose_only,False,False,False,1,0,
Twitch streamer starts to fall asleep while driving....mp4,True,23.867,0.4529,0.0145,0.1813,0.0041,0.0,False,gaze_stable,head_pose_only,-0.61,-5.15,21.79,-0.16,-27.62,-3.36,True,0.2,False,False,not_tired,False,sleep_pose_counting,True,1.433,True,False,False,1.433,head_away,head_pose_only,False,False,False,1,0,
Twitch streamer starts to fall asleep while driving....mp4,True,23.9,0.5349,0.0145,0.1811,0.0049,0.0,False,gaze_stable,head_pose_only,0.13,-5.55,22.59,0.58,-28.02,-2.56,True,0.233,False,False,not_tired,False,sleep_pose_counting,True,1.467,True,False,False,1.467,severe_head_pose,head_pose_only,False,False,False,1,0,
Twitch streamer starts to fall asleep while driving....mp4,True,23.933,0.5313,0.0077,0.1808,0.0041,0.0,False,gaze_stable,head_pose_only,1.15,-4.34,22.6,1.6,-26.81,-2.55,False,0.0,False,False,not_tired,False,sleep_pose_counting,True,1.5,True,False,False,1.5,head_away,head_pose_only,False,False,False,1,0,
Twitch streamer starts to fall asleep while driving....mp4,True,23.967,0.5738,0.0095,0.1806,0.0048,0.0,False,gaze_stable,head_pose_only,3.33,-3.46,23.79,3.78,-25.93,-1.36,False,0.0,False,False,not_tired,False,sleep_pose_counting,True,1.533,True,False,False,1.533,head_away,head_pose_only,False,False,False,1,0,
Twitch streamer starts to fall asleep while driving....mp4,True,24.0,0.5806,0.0047,0.1803,0.0044,0.0,False,gaze_stable,head_pose_only,2.38,-3.5,24.18,2.83,-25.97,-0.97,False,0.0,False,False,not_tired,False,sleep_pose_counting,True,1.567,True,False,False,1.567,head_away,head_pose_only,False,False,False,1,0,
Twitch streamer starts to fall asleep while driving....mp4,True,24.033,0.6025,0.0158,0.1801,0.0044,0.0044,True,gaze_stable,gaze_plus_head_pose,5.07,-1.08,27.09,5.52,-23.55,1.94,False,0.0,False,False,not_tired,False,sleep_pose_counting,True,1.6,True,False,False,1.6,head_away,gaze_or_head_pose,False,False,False,1,0,
Twitch streamer starts to fall asleep while driving....mp4,True,24.067,0.5745,0.2208,0.1798,0.0045,0.0045,True,gaze_stable,gaze_plus_head_pose,5.6,-0.92,28.06,6.05,-23.39,2.91,False,0.0,False,False,not_tired,False,sleep_pose_counting,True,1.633,True,False,False,1.633,head_away,gaze_or_head_pose,False,False,False,1,0,
Twitch streamer starts to fall asleep while driving....mp4,True,24.1,0.5917,0.1554,0.1796,0.0043,0.0043,True,gaze_stable,gaze_plus_head_pose,5.36,-0.92,28.95,5.81,-23.39,3.8,False,0.0,False,False,not_tired,False,sleep_pose_counting,True,1.667,True,False,False,1.667,head_away,gaze_or_head_pose,False,False,False,1,0,
Twitch streamer starts to fall asleep while driving....mp4,True,24.133,0.6015,0.0664,0.1793,0.0042,0.0042,True,gaze_stable,gaze_plus_head_pose,6.69,-0.37,29.58,7.14,-22.84,4.43,False,0.0,False,False,not_tired,False,sleep_pose_counting,True,1.7,True,False,False,1.7,head_away,gaze_or_head_pose,False,False,False,1,0,
Twitch streamer starts to fall asleep while driving....mp4,True,24.167,0.5972,0.061,0.1791,0.0035,0.0035,True,gaze_stable,gaze_plus_head_pose,7.35,-0.22,30.22,7.8,-22.69,5.07,False,0.0,False,False,not_tired,False,sleep_pose_counting,True,1.733,True,False,False,1.733,head_away,gaze_or_head_pose,False,False,False,1,0,
Twitch streamer starts to fall asleep while driving....mp4,True,24.2,0.6474,0.019,0.1788,0.0039,0.0039,True,gaze_stable,gaze_plus_head_pose,8.57,0.4,31.1,9.02,-22.07,5.95,False,0.0,False,False,not_tired,False,sleep_pose_counting,True,1.767,True,False,False,1.767,head_away,gaze_or_head_pose,False,False,False,1,0,
Twitch streamer starts to fall asleep while driving....mp4,True,24.233,0.6363,0.0178,0.1786,0.0033,0.0033,True,gaze_stable,gaze_plus_head_pose,11.31,1.57,32.2,11.76,-20.9,7.05,False,0.0,False,False,not_tired,False,sleep_pose_counting,True,1.8,True,False,False,1.8,head_away,gaze_or_head_pose,False,False,False,1,0,
Twitch streamer starts to fall asleep while driving....mp4,True,24.267,0.6053,0.0162,0.1783,0.0036,0.0036,True,gaze_stable,gaze_plus_head_pose,12.1,3.0,32.73,12.55,-19.47,7.58,False,0.0,False,False,not_tired,False,sleep_pose_counting,True,1.833,True,False,False,1.833,head_away,gaze_or_head_pose,False,False,False,1,0,
Twitch streamer starts to fall asleep while driving....mp4,True,24.3,0.5734,0.012,0.1781,0.0042,0.0042,True,gaze_stable,gaze_plus_head_pose,13.75,3.26,31.61,14.2,-19.21,6.46,False,0.0,False,False,not_tired,False,sleep_pose_counting,True,1.867,True,False,False,1.867,head_away,gaze_or_head_pose,False,False,False,1,0,
Twitch streamer starts to fall asleep while driving....mp4,True,24.333,0.5664,0.0208,0.1778,0.0046,0.0046,True,gaze_stable,gaze_plus_head_pose,14.19,5.4,33.55,14.332,-18.568,7.042,False,0.0,False,False,not_tired,False,sleep_pose_counting,True,1.9,True,False,False,1.9,head_away,gaze_or_head_pose,False,False,False,1,0,
Twitch streamer starts to fall asleep while driving....mp4,True,24.367,0.5948,0.206,0.1776,0.0054,0.0054,True,gaze_stable,gaze_plus_head_pose,13.14,7.54,34.0,14.109,-17.477,7.584,False,0.0,False,False,not_tired,False,sleep_pose_counting,True,1.933,True,False,False,1.933,forward,gaze_or_head_pose,False,False,False,1,0,
Twitch streamer starts to fall asleep while driving....mp4,True,24.4,0.5889,0.1561,0.1774,0.0044,0.0044,True,gaze_stable,gaze_plus_head_pose,12.93,6.52,35.67,13.891,-17.019,8.465,False,0.0,False,False,not_tired,False,sleep_pose_counting,True,1.967,True,False,False,1.967,forward,gaze_or_head_pose,False,False,False,1,0,
Twitch streamer starts to fall asleep while driving....mp4,True,24.433,0.6642,0.1052,0.1771,0.0041,0.0041,True,gaze_stable,gaze_plus_head_pose,12.11,9.53,36.13,13.491,-15.795,9.22,False,0.0,False,False,not_tired,False,sleep_pose_counting,True,2.0,True,False,False,2.0,forward,gaze_or_head_pose,False,False,False,1,0,
Twitch streamer starts to fall asleep while driving....mp4,True,24.467,0.6045,0.0913,0.1769,0.004,0.004,True,gaze_stable,gaze_plus_head_pose,12.04,9.78,36.97,13.191,-14.864,10.0,False,0.0,False,False,not_tired,False,sleep_pose_counting,True,2.033,True,False,False,2.033,forward,gaze_or_head_pose,False,False,False,1,0,
Twitch streamer starts to fall asleep while driving....mp4,True,24.5,0.6572,0.0614,0.1766,0.0052,0.0052,True,gaze_stable,gaze_plus_head_pose,12.27,13.12,38.52,13.05,-13.209,11.011,False,0.0,False,False,not_tired,False,sleep_pose_counting,True,2.067,True,False,False,2.067,forward,gaze_or_head_pose,False,False,False,1,0,
Twitch streamer starts to fall asleep while driving....mp4,True,24.533,0.5967,0.193,0.1764,0.0046,0.0046,True,gaze_stable,gaze_plus_head_pose,13.14,12.75,36.45,13.212,-12.163,11.098,False,0.0,False,False,not_tired,False,sleep_pose_counting,True,2.1,True,False,False,2.1,forward,gaze_or_head_pose,False,False,False,1,0,
Twitch streamer starts to fall asleep while driving....mp4,True,24.567,0.6724,0.2299,0.1762,0.0059,0.0059,True,gaze_stable,gaze_plus_head_pose,11.2,13.78,37.12,12.743,-11.121,11.359,False,0.0,False,False,not_tired,False,sleep_pose_counting,True,2.133,True,False,False,2.133,forward,gaze_or_head_pose,False,False,False,1,0,
Twitch streamer starts to fall asleep while driving....mp4,True,24.6,0.6737,0.3117,0.1759,0.0045,0.0045,True,gaze_stable,gaze_plus_head_pose,12.18,14.34,37.42,12.709,-10.224,11.632,False,0.0,False,False,not_tired,False,not_asleep,False,0.0,True,False,False,2.167,forward,gaze_or_head_pose,False,False,False,1,0,
Twitch streamer starts to fall asleep while driving....mp4,True,24.633,0.6602,0.0994,0.1757,0.0055,0.0055,True,gaze_stable,gaze_plus_head_pose,12.53,17.4,36.89,12.79,-8.678,11.665,False,0.0,False,False,not_tired,False,not_asleep,False,0.0,True,False,False,2.2,forward,gaze_or_head_pose,False,False,False,1,0,
Twitch streamer starts to fall asleep while driving....mp4,True,24.667,0.577,0.1593,0.1754,0.0045,0.0045,True,gaze_stable,gaze_plus_head_pose,11.57,14.36,34.71,12.559,-8.507,11.033,False,0.0,False,False,not_tired,False,not_asleep,False,0.0,True,False,False,2.233,forward,gaze_or_head_pose,False,False,False,1,0,
Twitch streamer starts to fall asleep while driving....mp4,True,24.7,0.6111,0.0587,0.1752,0.0056,0.0056,True,gaze_stable,gaze_plus_head_pose,12.76,15.17,36.37,12.755,-8.145,11.089,False,0.0,False,False,not_tired,False,not_asleep,False,0.0,False,False,False,0.0,forward,gaze_or_head_pose,False,False,False,1,0,
Twitch streamer starts to fall asleep while driving....mp4,True,24.733,0.6632,0.1048,0.175,0.0049,0.0049,True,gaze_stable,gaze_plus_head_pose,12.78,14.48,36.08,12.897,-8.099,11.042,False,0.0,False,False,not_tired,False,not_asleep,False,0.0,False,False,False,0.0,forward,gaze_or_head_pose,False,False,False,1,0,
Twitch streamer starts to fall asleep while driving....mp4,True,24.767,0.6194,0.0896,0.1747,0.0053,0.0053,True,gaze_stable,gaze_plus_head_pose,13.7,15.18,35.26,13.273,-7.856,10.762,False,0.0,False,False,not_tired,False,not_asleep,False,0.0,False,False,False,0.0,forward,gaze_or_head_pose,False,False,False,1,0,
Twitch streamer starts to fall asleep while driving....mp4,True,24.8,0.6209,0.0675,0.1745,0.0044,0.0044,True,gaze_stable,gaze_plus_head_pose,13.45,19.42,37.14,13.461,-6.414,11.13,False,0.0,False,False,not_tired,False,not_asleep,False,0.0,False,False,False,0.0,forward,gaze_or_head_pose,False,False,False,1,0,
Twitch streamer starts to fall asleep while driving....mp4,True,24.833,0.3779,0.032,0.1743,0.0019,0.0019,True,gaze_stable,gaze_plus_head_pose,14.7,16.21,36.6,13.968,-6.368,11.226,False,0.0,False,False,not_tired,False,not_asleep,False,0.0,False,False,False,0.0,forward,gaze_or_head_pose,False,False,False,1,0,
Twitch streamer starts to fall asleep while driving....mp4,True,24.867,0.3496,0.0169,0.174,0.0035,0.0035,True,gaze_stable,gaze_plus_head_pose,14.41,20.57,37.05,14.235,-5.028,11.428,False,0.0,False,False,not_tired,False,not_asleep,False,0.0,False,False,False,0.0,forward,gaze_or_head_pose,False,False,False,1,0,
Twitch streamer starts to fall asleep while driving....mp4,True,24.9,0.3465,0.0315,0.1738,0.0036,0.0036,True,gaze_stable,gaze_plus_head_pose,14.9,19.08,37.16,14.57,-4.536,11.603,False,0.0,False,False,not_tired,False,not_asleep,False,0.0,False,False,False,0.0,forward,gaze_or_head_pose,False,False,False,1,0,
Twitch streamer starts to fall asleep while driving....mp4,True,24.933,0.3123,0.0322,0.1736,0.0015,0.0015,True,gaze_stable,gaze_plus_head_pose,13.45,20.12,38.12,14.369,-3.88,12.013,False,0.0,False,False,not_tired,False,not_asleep,False,0.0,False,False,False,0.0,forward,gaze_or_head_pose,False,False,False,1,0,
Twitch streamer starts to fall asleep while driving....mp4,True,24.967,0.367,0.0478,0.1733,0.0024,0.0024,True,gaze_stable,gaze_plus_head_pose,14.57,18.15,38.21,14.564,-4.012,12.327,False,0.0,False,False,not_tired,False,not_asleep,False,0.0,False,False,False,0.0,forward,gaze_or_head_pose,False,False,False,1,0,
Twitch streamer starts to fall asleep while driving....mp4,True,25.0,0.3548,0.0598,0.1731,0.0024,0.0024,True,gaze_stable,gaze_plus_head_pose,14.82,17.83,38.17,14.776,-4.201,12.535,False,0.0,False,False,not_tired,False,not_asleep,False,0.0,False,False,False,0.0,forward,gaze_or_head_pose,False,False,False,1,0,
Twitch streamer starts to fall asleep while driving....mp4,True,25.033,0.4676,0.0093,0.1729,0.0041,0.0041,True,gaze_stable,gaze_plus_head_pose,15.49,17.1,37.22,15.125,-4.551,12.395,False,0.0,False,False,not_tired,False,not_asleep,False,0.0,False,False,False,0.0,forward,gaze_or_head_pose,False,False,False,1,0,
Twitch streamer starts to fall asleep while driving....mp4,True,25.067,0.4098,0.0248,0.1726,0.0047,0.0047,True,gaze_stable,gaze_plus_head_pose,15.04,16.86,38.45,15.235,-4.869,12.667,False,0.0,False,False,not_tired,False,not_asleep,False,0.0,False,False,False,0.0,forward,gaze_or_head_pose,False,False,False,1,0,
Twitch streamer starts to fall asleep while driving....mp4,True,25.1,0.4085,0.0072,0.1724,0.0028,0.0028,True,gaze_stable,gaze_plus_head_pose,15.53,15.89,37.07,15.458,-5.382,12.443,False,0.0,False,False,not_tired,False,not_asleep,False,0.0,False,False,False,0.0,forward,gaze_or_head_pose,False,False,False,1,0,
Twitch streamer starts to fall asleep while driving....mp4,True,25.133,0.4157,0.0272,0.1722,0.0026,0.0026,True,gaze_stable,gaze_plus_head_pose,15.2,17.2,36.4,15.516,-5.349,12.085,False,0.0,False,False,not_tired,False,not_asleep,False,0.0,False,False,False,0.0,forward,gaze_or_head_pose,False,False,False,1,0,
Twitch streamer starts to fall asleep while driving....mp4,True,25.167,0.4379,0.0562,0.172,0.0029,0.0029,True,gaze_stable,gaze_plus_head_pose,15.09,15.33,37.79,15.523,-5.886,12.251,False,0.0,False,False,not_tired,False,not_asleep,False,0.0,False,False,False,0.0,forward,gaze_or_head_pose,False,False,False,1,0,
Twitch streamer starts to fall asleep while driving....mp4,True,25.2,0.418,0.1484,0.1717,0.003,0.003,True,gaze_stable,gaze_plus_head_pose,16.09,15.6,36.27,15.828,-6.181,11.912,False,0.0,False,False,not_tired,False,not_asleep,False,0.0,False,False,False,0.0,forward,gaze_or_head_pose,False,False,False,1,0,
Twitch streamer starts to fall asleep while driving....mp4,True,25.233,0.4332,0.1206,0.1715,0.0039,0.0039,True,gaze_stable,gaze_plus_head_pose,15.3,13.49,37.87,15.805,-7.021,12.154,False,0.0,False,False,not_tired,False,not_asleep,False,0.0,False,False,False,0.0,forward,gaze_or_head_pose,False,False,False,1,0,
Twitch streamer starts to fall asleep while driving....mp4,True,25.267,0.4362,0.1024,0.1713,0.0041,0.0041,True,gaze_stable,gaze_plus_head_pose,15.34,15.13,36.27,15.8,-7.117,11.844,False,0.0,False,False,not_tired,False,not_asleep,False,0.0,False,False,False,0.0,forward,gaze_or_head_pose,False,False,False,1,0,
Twitch streamer starts to fall asleep while driving....mp4,True,25.3,0.39,0.0837,0.1711,0.0036,0.0036,True,gaze_stable,gaze_plus_head_pose,15.6,14.3,36.66,15.875,-7.433,11.744,False,0.0,False,False,not_tired,False,not_asleep,False,0.0,False,False,False,0.0,forward,gaze_or_head_pose,False,False,False,1,0,
Twitch streamer starts to fall asleep while driving....mp4,True,25.333,0.4147,0.1154,0.1708,0.0042,0.0042,True,gaze_stable,gaze_plus_head_pose,15.13,15.75,35.49,15.787,-7.219,11.323,False,0.0,False,False,not_tired,False,not_asleep,False,0.0,False,False,False,0.0,forward,gaze_or_head_pose,False,False,False,1,0,
Twitch streamer starts to fall asleep while driving....mp4,True,25.367,0.4409,0.1389,0.1706,0.004,0.004,True,gaze_stable,gaze_plus_head_pose,13.95,12.98,34.12,15.371,-7.9,10.617,False,0.0,False,False,not_tired,False,not_asleep,False,0.0,False,False,False,0.0,forward,gaze_or_head_pose,False,False,False,1,0,
Twitch streamer starts to fall asleep while driving....mp4,True,25.4,0.4886,0.1746,0.1704,0.005,0.005,True,gaze_stable,gaze_plus_head_pose,14.27,13.84,36.19,15.175,-8.119,10.744,False,0.0,False,False,not_tired,False,not_asleep,False,0.0,False,False,False,0.0,forward,gaze_or_head_pose,False,False,False,1,0,
Twitch streamer starts to fall asleep while driving....mp4,True,25.433,0.4752,0.1122,0.1702,0.0042,0.0042,True,gaze_stable,gaze_plus_head_pose,13.99,12.96,33.57,14.955,-8.536,10.047,False,0.0,False,False,not_tired,False,not_asleep,False,0.0,False,False,False,0.0,forward,gaze_or_head_pose,False,False,False,1,0,
Twitch streamer starts to fall asleep while driving....mp4,True,25.467,0.5241,0.0331,0.1699,0.0048,0.0048,True,gaze_stable,gaze_plus_head_pose,14.42,13.69,35.58,14.929,-8.609,10.162,False,0.0,False,False,not_tired,False,not_asleep,False,0.0,False,False,False,0.0,forward,gaze_or_head_pose,False,False,False,1,0,
Twitch streamer starts to fall asleep while driving....mp4,True,25.5,0.5331,0.0617,0.1697,0.0048,0.0048,True,gaze_stable,gaze_plus_head_pose,14.88,15.17,36.84,15.05,-8.217,10.62,False,0.0,False,False,not_tired,False,not_asleep,False,0.0,False,False,False,0.0,forward,gaze_or_head_pose,False,False,False,1,0,
Twitch streamer starts to fall asleep while driving....mp4,True,25.533,0.474,0.0627,0.1695,0.0052,0.0052,True,gaze_stable,gaze_plus_head_pose,16.29,14.52,36.76,15.557,-8.137,10.917,False,0.0,False,False,not_tired,False,not_asleep,False,0.0,False,False,False,0.0,forward,gaze_or_head_pose,False,False,False,1,0,
Twitch streamer starts to fall asleep while driving....mp4,True,25.567,0.5557,0.0371,0.1693,0.005,0.005,True,gaze_stable,gaze_plus_head_pose,15.82,15.75,37.68,15.771,-7.712,11.401,False,0.0,False,False,not_tired,False,not_asleep,False,0.0,False,False,False,0.0,forward,gaze_or_head_pose,False,False,False,1,0,
Twitch streamer starts to fall asleep while driving....mp4,True,25.6,0.5656,0.0509,0.1691,0.0045,0.0045,True,gaze_stable,gaze_plus_head_pose,15.96,15.19,36.38,15.962,-7.582,11.35,False,0.0,False,False,not_tired,False,not_asleep,False,0.0,False,False,False,0.0,forward,gaze_or_head_pose,False,False,False,1,0,
Twitch streamer starts to fall asleep while driving....mp4,True,25.633,0.5776,0.0457,0.1688,0.0056,0.0056,True,gaze_stable,gaze_plus_head_pose,16.18,16.65,38.26,16.163,-7.054,11.878,False,0.0,False,False,not_tired,False,not_asleep,False,0.0,False,False,False,0.0,forward,gaze_or_head_pose,False,False,False,1,0,
Twitch streamer starts to fall asleep while driving....mp4,True,25.667,0.5732,0.0272,0.1686,0.0051,0.0051,True,gaze_stable,gaze_plus_head_pose,17.28,16.68,38.57,16.633,-6.674,12.34,False,0.0,False,False,not_tired,False,not_asleep,False,0.0,False,False,False,0.0,forward,gaze_or_head_pose,False,False,False,1,0,
Twitch streamer starts to fall asleep while driving....mp4,True,25.7,0.5153,0.0732,0.1684,0.0056,0.0056,True,gaze_stable,gaze_plus_head_pose,17.42,15.69,36.69,17.004,-6.706,12.1,False,0.0,False,False,not_tired,False,not_asleep,False,0.0,False,False,False,0.0,forward,gaze_or_head_pose,False,False,False,1,0,
Twitch streamer starts to fall asleep while driving....mp4,True,25.733,0.5856,0.0417,0.1682,0.0055,0.0055,True,gaze_stable,gaze_plus_head_pose,16.59,15.84,37.14,17.015,-6.683,12.067,False,0.0,False,False,not_tired,False,not_asleep,False,0.0,False,False,False,0.0,forward,gaze_or_head_pose,False,False,False,1,0,
Twitch streamer starts to fall asleep while driving....mp4,True,25.767,0.6446,0.0229,0.168,0.0053,0.0053,True,gaze_stable,gaze_plus_head_pose,17.78,15.64,37.43,17.379,-6.727,12.131,False,0.0,False,False,not_tired,False,not_asleep,False,0.0,False,False,False,0.0,forward,gaze_or_head_pose,False,False,False,1,0,
Twitch streamer starts to fall asleep while driving....mp4,True,25.8,0.6133,0.0079,0.1677,0.0047,0.0047,True,gaze_stable,gaze_plus_head_pose,18.34,18.75,38.27,17.803,-5.825,12.428,False,0.0,False,False,not_tired,False,not_asleep,False,0.0,False,False,False,0.0,forward,gaze_or_head_pose,False,False,False,1,0,
Twitch streamer starts to fall asleep while driving....mp4,True,25.833,0.5994,0.0388,0.1675,0.0045,0.0045,True,gaze_stable,gaze_plus_head_pose,18.02,16.86,35.97,18.003,-5.761,11.945,False,0.0,False,False,not_tired,False,not_asleep,False,0.0,False,False,False,0.0,forward,gaze_or_head_pose,False,False,False,1,0,
Twitch streamer starts to fall asleep while driving....mp4,True,25.867,0.5829,0.0578,0.1673,0.0054,0.0054,True,gaze_stable,gaze_plus_head_pose,16.92,15.01,37.79,17.813,-6.27,12.154,False,0.0,False,False,not_tired,False,not_asleep,False,0.0,False,False,False,0.0,forward,gaze_or_head_pose,False,False,False,1,0,
Twitch streamer starts to fall asleep while driving....mp4,True,25.9,0.5727,0.023,0.1671,0.0058,0.0058,True,gaze_stable,gaze_plus_head_pose,17.19,16.34,38.02,17.761,-6.228,12.369,False,0.0,False,False,not_tired,False,not_asleep,False,0.0,False,False,False,0.0,forward,gaze_or_head_pose,False,False,False,1,0,
Twitch streamer starts to fall asleep while driving....mp4,True,25.933,0.5155,0.0319,0.1669,0.0051,0.0051,True,gaze_stable,gaze_plus_head_pose,16.56,15.97,36.24,17.536,-6.31,11.985,False,0.0,False,False,not_tired,False,not_asleep,False,0.0,False,False,False,0.0,forward,gaze_or_head_pose,False,False,False,1,0,
Twitch streamer starts to fall asleep while driving....mp4,True,25.967,0.5308,0.0485,0.1667,0.0051,0.0051,True,gaze_stable,gaze_plus_head_pose,16.25,14.79,38.37,17.285,-6.721,12.356,False,0.0,False,False,not_tired,False,not_asleep,False,0.0,False,False,False,0.0,forward,gaze_or_head_pose,False,False,False,1,0,
Twitch streamer starts to fall asleep while driving....mp4,True,26.0,0.5869,0.0327,0.1665,0.0045,0.0045,True,gaze_stable,gaze_plus_head_pose,17.22,17.13,35.99,17.401,-6.307,11.901,False,0.0,False,False,not_tired,False,not_asleep,False,0.0,False,False,False,0.0,forward,gaze_or_head_pose,False,False,False,1,0,
Twitch streamer starts to fall asleep while driving....mp4,True,26.033,0.5724,0.0111,0.1662,0.0049,0.0049,True,gaze_stable,gaze_plus_head_pose,17.27,15.32,38.66,17.496,-6.56,12.384,False,0.0,False,False,not_tired,False,not_asleep,False,0.0,False,False,False,0.0,forward,gaze_or_head_pose,False,False,False,1,0,
Twitch streamer starts to fall asleep while driving....mp4,True,26.067,0.5794,0.0336,0.166,0.0057,0.0057,True,gaze_stable,gaze_plus_head_pose,17.07,16.91,39.78,17.503,-6.26,13.058,False,0.0,False,False,not_tired,False,not_asleep,False,0.0,False,False,False,0.0,forward,gaze_or_head_pose,False,False,False,1,0,
Twitch streamer starts to fall asleep while driving....mp4,True,26.1,0.5829,0.0141,0.1658,0.0045,0.0045,True,gaze_stable,gaze_plus_head_pose,16.22,15.18,39.02,17.253,-6.569,13.301,False,0.0,False,False,not_tired,False,not_asleep,False,0.0,False,False,False,0.0,forward,gaze_or_head_pose,False,False,False,1,0,
Twitch streamer starts to fall asleep while driving....mp4,True,26.133,0.5394,0.0169,0.1656,0.0052,0.0052,True,gaze_stable,gaze_plus_head_pose,17.74,17.01,39.49,17.534,-6.236,13.613,False,0.0,False,False,not_tired,False,not_asleep,False,0.0,False,False,False,0.0,forward,gaze_or_head_pose,False,False,False,1,0,
Twitch streamer starts to fall asleep while driving....mp4,True,26.167,0.5668,0.0194,0.1654,0.0046,0.0046,True,gaze_stable,gaze_plus_head_pose,17.33,16.39,38.99,17.608,-6.189,13.681,False,0.0,False,False,not_tired,False,not_asleep,False,0.0,False,False,False,0.0,forward,gaze_or_head_pose,False,False,False,1,0,
Twitch streamer starts to fall asleep while driving....mp4,True,26.2,0.4694,0.02,0.1652,0.0059,0.0059,True,gaze_stable,gaze_plus_head_pose,16.36,16.1,39.37,17.369,-6.244,13.843,False,0.0,False,False,not_tired,False,not_asleep,False,0.0,False,False,False,0.0,forward,gaze_or_head_pose,False,False,False,1,0,
Twitch streamer starts to fall asleep while driving....mp4,True,26.233,0.5272,0.0208,0.165,0.0046,0.0046,True,gaze_stable,gaze_plus_head_pose,17.02,17.92,39.41,17.399,-5.735,13.968,False,0.0,False,False,not_tired,False,not_asleep,False,0.0,False,False,False,0.0,forward,gaze_or_head_pose,False,False,False,1,0,
Twitch streamer starts to fall asleep while driving....mp4,True,26.267,0.5495,0.0248,0.1648,0.0049,0.0049,True,gaze_stable,gaze_plus_head_pose,15.88,17.0,38.2,17.078,-5.656,13.693,False,0.0,False,False,not_tired,False,not_asleep,False,0.0,False,False,False,0.0,forward,gaze_or_head_pose,False,False,False,1,0,
Twitch streamer starts to fall asleep while driving....mp4,True,26.3,0.5046,0.0319,0.1646,0.0051,0.0051,True,gaze_stable,gaze_plus_head_pose,17.88,18.73,39.22,17.454,-5.081,13.806,False,0.0,False,False,not_tired,False,not_asleep,False,0.0,False,False,False,0.0,forward,gaze_or_head_pose,False,False,False,1,0,
Twitch streamer starts to fall asleep while driving....mp4,True,26.333,0.5175,0.0317,0.1643,0.0047,0.0047,True,gaze_stable,gaze_plus_head_pose,15.88,16.22,39.5,17.117,-5.432,13.969,False,0.0,False,False,not_tired,False,not_asleep,False,0.0,False,False,False,0.0,forward,gaze_or_head_pose,False,False,False,1,0,
Twitch streamer starts to fall asleep while driving....mp4,True,26.367,0.5508,0.0313,0.1641,0.0045,0.0045,True,gaze_stable,gaze_plus_head_pose,18.03,17.92,39.55,17.526,-5.167,14.098,False,0.0,False,False,not_tired,False,not_asleep,False,0.0,False,False,False,0.0,forward,gaze_or_head_pose,False,False,False,1,0,
Twitch streamer starts to fall asleep while driving....mp4,True,26.4,0.5202,0.0083,0.1639,0.0053,0.0053,True,gaze_stable,gaze_plus_head_pose,17.79,16.98,38.03,17.74,-5.264,13.733,False,0.0,False,False,not_tired,False,not_asleep,False,0.0,False,False,False,0.0,forward,gaze_or_head_pose,False,False,False,1,0,
Twitch streamer starts to fall asleep while driving....mp4,True,26.433,0.5244,0.0227,0.1637,0.0057,0.0057,True,gaze_stable,gaze_plus_head_pose,18.53,18.29,39.64,18.112,-4.939,13.96,False,0.0,False,False,not_tired,False,not_asleep,False,0.0,False,False,False,0.0,forward,gaze_or_head_pose,False,False,False,1,0,
Twitch streamer starts to fall asleep while driving....mp4,True,26.467,0.519,0.0201,0.1635,0.0055,0.0055,True,gaze_stable,gaze_plus_head_pose,18.45,17.49,38.56,18.348,-4.951,13.795,False,0.0,False,False,not_tired,False,not_asleep,False,0.0,False,False,False,0.0,forward,gaze_or_head_pose,False,False,False,1,0,
Twitch streamer starts to fall asleep while driving....mp4,True,26.5,0.5851,0.0422,0.1633,0.0051,0.0051,True,gaze_stable,gaze_plus_head_pose,18.49,16.42,37.57,18.526,-5.281,13.382,False,0.0,False,False,not_tired,False,not_asleep,False,0.0,False,False,False,0.0,forward,gaze_or_head_pose,False,False,False,1,0,
Twitch streamer starts to fall asleep while driving....mp4,True,26.533,0.5657,0.0457,0.1631,0.0051,0.0051,True,gaze_stable,gaze_plus_head_pose,17.75,14.91,38.77,18.428,-5.965,13.454,False,0.0,False,False,not_tired,False,not_asleep,False,0.0,False,False,False,0.0,forward,gaze_or_head_pose,False,False,False,1,0,
Twitch streamer starts to fall asleep while driving....mp4,True,26.567,0.5,0.0477,0.1629,0.0045,0.0045,True,gaze_stable,gaze_plus_head_pose,19.14,18.3,39.2,18.777,-5.426,13.633,False,0.0,False,False,not_tired,False,not_asleep,False,0.0,False,False,False,0.0,forward,gaze_or_head_pose,False,False,False,1,0,
Twitch streamer starts to fall asleep while driving....mp4,True,26.6,0.5462,0.0289,0.1627,0.0057,0.0057,True,gaze_stable,gaze_plus_head_pose,18.48,15.99,38.64,18.823,-5.742,13.59,False,0.0,False,False,not_tired,False,not_asleep,False,0.0,False,False,False,0.0,forward,gaze_or_head_pose,False,False,False,1,0,
Twitch streamer starts to fall asleep while driving....mp4,True,26.633,0.5277,0.0208,0.1625,0.0052,0.0052,True,gaze_stable,gaze_plus_head_pose,18.23,17.59,37.93,18.78,-5.484,13.347,False,0.0,False,False,not_tired,False,not_asleep,False,0.0,False,False,False,0.0,forward,gaze_or_head_pose,False,False,False,1,0,
Twitch streamer starts to fall asleep while driving....mp4,True,26.667,0.5392,0.0007,0.1623,0.005,0.005,True,gaze_stable,gaze_plus_head_pose,17.54,16.88,37.22,18.543,-5.516,12.964,False,0.0,False,False,not_tired,False,not_asleep,False,0.0,False,False,False,0.0,forward,gaze_or_head_pose,False,False,False,1,0,
Twitch streamer starts to fall asleep while driving....mp4,True,26.7,0.5177,0.0087,0.1621,0.0049,0.0049,True,gaze_stable,gaze_plus_head_pose,17.2,17.92,37.3,18.275,-5.226,12.72,False,0.0,False,False,not_tired,False,not_asleep,False,0.0,False,False,False,0.0,forward,gaze_or_head_pose,False,False,False,1,0,
Twitch streamer starts to fall asleep while driving....mp4,True,26.733,0.572,0.003,0.1619,0.0045,0.0045,True,gaze_stable,gaze_plus_head_pose,17.22,17.88,38.2,18.094,-5.035,12.819,False,0.0,False,False,not_tired,False,not_asleep,False,0.0,False,False,False,0.0,forward,gaze_or_head_pose,False,False,False,1,0,
Twitch streamer starts to fall asleep while driving....mp4,True,26.767,0.5612,0.0078,0.1617,0.0049,0.0049,True,gaze_stable,gaze_plus_head_pose,17.13,18.37,38.38,17.939,-4.755,12.942,False,0.0,False,False,not_tired,False,not_asleep,False,0.0,False,False,False,0.0,forward,gaze_or_head_pose,False,False,False,1,0,
Twitch streamer starts to fall asleep while driving....mp4,True,26.8,0.5422,0.001,0.1615,0.0055,0.0055,True,gaze_stable,gaze_plus_head_pose,17.3,18.78,37.94,17.883,-4.435,12.896,False,0.0,False,False,not_tired,False,not_asleep,False,0.0,False,False,False,0.0,forward,gaze_or_head_pose,False,False,False,1,0,
Twitch streamer starts to fall asleep while driving....mp4,True,26.833,0.5246,0.0107,0.1613,0.0044,0.0044,True,gaze_stable,gaze_plus_head_pose,17.18,17.08,38.12,17.807,-4.722,12.919,False,0.0,False,False,not_tired,False,not_asleep,False,0.0,False,False,False,0.0,forward,gaze_or_head_pose,False,False,False,1,0,
Twitch streamer starts to fall asleep while driving....mp4,True,26.867,0.5368,0.0079,0.1611,0.004,0.004,True,gaze_stable,gaze_plus_head_pose,16.2,17.06,37.88,17.46,-4.928,12.862,False,0.0,False,False,not_tired,False,not_asleep,False,0.0,False,False,False,0.0,forward,gaze_or_head_pose,False,False,False,1,0,
Twitch streamer starts to fall asleep while driving....mp4,True,26.9,0.5428,0.0107,0.1609,0.0044,0.0044,True,gaze_stable,gaze_plus_head_pose,16.13,15.54,38.09,17.196,-5.529,12.885,False,0.0,False,False,not_tired,False,not_asleep,False,0.0,False,False,False,0.0,forward,gaze_or_head_pose,False,False,False,1,0,
Twitch streamer starts to fall asleep while driving....mp4,True,26.933,0.5567,0.011,0.1607,0.0061,0.0061,True,gaze_stable,gaze_plus_head_pose,17.1,16.28,38.45,17.302,-5.727,13.01,False,0.0,False,False,not_tired,False,not_asleep,False,0.0,False,False,False,0.0,forward,gaze_or_head_pose,False,False,False,1,0,
Twitch streamer starts to fall asleep while driving....mp4,True,26.967,0.5814,0.0022,0.1605,0.0044,0.0044,True,gaze_stable,gaze_plus_head_pose,16.85,16.75,37.74,17.301,-5.725,12.884,False,0.0,False,False,not_tired,False,not_asleep,False,0.0,False,False,False,0.0,forward,gaze_or_head_pose,False,False,False,1,0,
Twitch streamer starts to fall asleep while driving....mp4,True,27.0,0.5467,0.0115,0.1603,0.0046,0.0046,True,gaze_stable,gaze_plus_head_pose,18.1,18.76,36.41,17.676,-5.12,12.397,False,0.0,False,False,not_tired,False,not_asleep,False,0.0,False,False,False,0.0,forward,gaze_or_head_pose,False,False,False,1,0,
Twitch streamer starts to fall asleep while driving....mp4,True,27.033,0.6648,0.0435,0.1601,0.0048,0.0048,True,gaze_stable,gaze_plus_head_pose,17.25,15.73,36.69,17.683,-5.606,12.14,False,0.0,False,False,not_tired,False,not_asleep,False,0.0,False,False,False,0.0,forward,gaze_or_head_pose,False,False,False,1,0,
Twitch streamer starts to fall asleep while driving....mp4,True,27.067,0.5255,0.0171,0.1599,0.0072,0.0072,True,gaze_stable,gaze_plus_head_pose,19.07,18.64,38.84,18.234,-5.073,12.605,False,0.0,False,False,not_tired,False,not_asleep,False,0.0,False,False,False,0.0,forward,gaze_or_head_pose,False,False,False,1,0,
Twitch streamer starts to fall asleep while driving....mp4,True,27.1,0.6317,0.045,0.1597,0.0051,0.0051,True,gaze_stable,gaze_plus_head_pose,18.11,15.62,36.22,18.332,-5.606,12.144,False,0.0,False,False,not_tired,False,not_asleep,False,0.0,False,False,False,0.0,forward,gaze_or_head_pose,False,False,False,1,0,
Twitch streamer starts to fall asleep while driving....mp4,True,27.133,0.576,0.0235,0.1595,0.0073,0.0073,True,gaze_stable,gaze_plus_head_pose,18.93,17.96,37.42,18.646,-5.277,12.182,False,0.0,False,False,not_tired,False,not_asleep,False,0.0,False,False,False,0.0,forward,gaze_or_head_pose,False,False,False,1,0,
Twitch streamer starts to fall asleep while driving....mp4,True,27.167,0.5448,0.0157,0.1593,0.0066,0.0066,True,gaze_stable,gaze_plus_head_pose,18.2,16.25,38.52,18.647,-5.56,12.538,False,0.0,False,False,not_tired,False,not_asleep,False,0.0,False,False,False,0.0,forward,gaze_or_head_pose,False,False,False,1,0,
Twitch streamer starts to fall asleep while driving....mp4,True,27.2,0.4967,0.0412,0.1591,0.0064,0.0064,True,gaze_stable,gaze_plus_head_pose,18.34,14.01,37.87,18.69,-6.43,12.593,False,0.0,False,False,not_tired,False,not_asleep,False,0.0,False,False,False,0.0,forward,gaze_or_head_pose,False,False,False,1,0,
Twitch streamer starts to fall asleep while driving....mp4,True,27.233,0.5997,0.028,0.1589,0.0053,0.0053,True,gaze_stable,gaze_plus_head_pose,17.95,13.52,39.25,18.603,-7.186,13.045,False,0.0,False,False,not_tired,False,not_asleep,False,0.0,False,False,False,0.0,forward,gaze_or_head_pose,False,False,False,1,0,
Twitch streamer starts to fall asleep while driving....mp4,True,27.267,0.5881,0.0222,0.1587,0.0061,0.0061,True,gaze_stable,gaze_plus_head_pose,18.07,13.88,39.39,18.578,-7.607,13.404,False,0.0,False,False,not_tired,False,not_asleep,False,0.0,False,False,False,0.0,forward,gaze_or_head_pose,False,False,False,1,0,
Twitch streamer starts to fall asleep while driving....mp4,True,27.3,0.552,0.0179,0.1585,0.0065,0.0065,True,gaze_stable,gaze_plus_head_pose,19.63,13.95,38.11,19.029,-7.881,13.27,False,0.0,False,False,not_tired,False,not_asleep,False,0.0,False,False,False,0.0,forward,gaze_or_head_pose,False,False,False,1,0,
Twitch streamer starts to fall asleep while driving....mp4,True,27.333,0.5198,0.0267,0.1583,0.006,0.006,True,gaze_stable,gaze_plus_head_pose,19.05,14.83,39.57,19.17,-7.809,13.615,False,0.0,False,False,not_tired,False,not_asleep,False,0.0,False,False,False,0.0,forward,gaze_or_head_pose,False,False,False,1,0,
Twitch streamer starts to fall asleep while driving....mp4,True,27.367,0.5248,0.0116,0.1582,0.0072,0.0072,True,gaze_stable,gaze_plus_head_pose,20.25,15.35,39.89,19.629,-7.602,13.953,False,0.0,False,False,not_tired,False,not_asleep,False,0.0,False,False,False,0.0,forward,gaze_or_head_pose,False,False,False,1,0,
Twitch streamer starts to fall asleep while driving....mp4,True,27.4,0.4742,0.0249,0.158,0.0055,0.0055,True,gaze_stable,gaze_plus_head_pose,19.97,14.72,39.52,19.866,-7.646,14.078,False,0.0,False,False,not_tired,False,not_asleep,False,0.0,False,False,False,0.0,forward,gaze_or_head_pose,False,False,False,1,0,
Twitch streamer starts to fall asleep while driving....mp4,True,27.433,0.4594,0.0308,0.1578,0.0068,0.0068,True,gaze_stable,gaze_plus_head_pose,19.78,15.37,38.18,19.975,-7.483,13.764,False,0.0,False,False,not_tired,False,not_asleep,False,0.0,False,False,False,0.0,forward,gaze_or_head_pose,False,False,False,1,0,
Twitch streamer starts to fall asleep while driving....mp4,True,27.467,0.4404,0.0661,0.1576,0.0051,0.0051,True,gaze_stable,gaze_plus_head_pose,17.12,21.32,41.48,19.254,-5.583,14.533,False,0.0,False,False,not_tired,False,not_asleep,False,0.0,False,False,False,0.0,forward,gaze_or_head_pose,False,False,False,1,0,
Twitch streamer starts to fall asleep while driving....mp4,True,27.5,0.4902,0.0558,0.1574,0.009,0.009,True,gaze_stable,gaze_plus_head_pose,18.75,14.64,39.74,19.238,-6.257,14.55,False,0.0,False,False,not_tired,False,not_asleep,False,0.0,False,False,False,0.0,forward,gaze_or_head_pose,False,False,False,1,0,
Twitch streamer starts to fall asleep while driving....mp4,True,27.533,0.4251,0.0095,0.1572,0.0076,0.0076,True,gaze_stable,gaze_plus_head_pose,19.65,17.21,39.02,19.496,-5.958,14.346,False,0.0,False,False,not_tired,False,not_asleep,False,0.0,False,False,False,0.0,forward,gaze_or_head_pose,False,False,False,1,0,
Twitch streamer starts to fall asleep while driving....mp4,True,27.567,0.4998,0.0308,0.157,0.008,0.008,True,gaze_stable,gaze_plus_head_pose,18.96,16.49,39.82,19.47,-5.965,14.443,False,0.0,False,False,not_tired,False,not_asleep,False,0.0,False,False,False,0.0,forward,gaze_or_head_pose,False,False,False,1,0,
Twitch streamer starts to fall asleep while driving....mp4,True,27.6,0.5442,0.0239,0.1568,0.0091,0.0091,True,gaze_stable,gaze_plus_head_pose,18.07,13.89,39.98,19.185,-6.749,14.559,False,0.0,False,False,not_tired,False,not_asleep,False,0.0,False,False,False,0.0,forward,gaze_or_head_pose,False,False,False,1,0,
Twitch streamer starts to fall asleep while driving....mp4,True,27.633,0.4934,0.0281,0.1566,0.0074,0.0074,True,gaze_stable,gaze_plus_head_pose,18.98,14.43,38.81,19.259,-7.136,14.29,False,0.0,False,False,not_tired,False,not_asleep,False,0.0,False,False,False,0.0,forward,gaze_or_head_pose,False,False,False,1,0,
Twitch streamer starts to fall asleep while driving....mp4,True,27.667,0.4764,0.0335,0.1564,0.0072,0.0072,True,gaze_stable,gaze_plus_head_pose,18.06,14.09,39.06,19.034,-7.509,14.176,False,0.0,False,False,not_tired,False,not_asleep,False,0.0,False,False,False,0.0,forward,gaze_or_head_pose,False,False,False,1,0,
Twitch streamer starts to fall asleep while driving....mp4,True,27.7,0.4568,0.0192,0.1562,0.0079,0.0079,True,gaze_stable,gaze_plus_head_pose,20.49,14.89,38.43,19.606,-7.531,13.907,False,0.0,False,False,not_tired,False,not_asleep,False,0.0,False,False,False,0.0,forward,gaze_or_head_pose,False,False,False,1,0,
Twitch streamer starts to fall asleep while driving....mp4,True,27.733,0.4309,0.0233,0.1561,0.0079,0.0079,True,gaze_stable,gaze_plus_head_pose,19.4,14.4,39.61,19.679,-7.692,14.073,False,0.0,False,False,not_tired,False,not_asleep,False,0.0,False,False,False,0.0,forward,gaze_or_head_pose,False,False,False,1,0,
Twitch streamer starts to fall asleep while driving....mp4,True,27.767,0.4853,0.008,0.1559,0.0067,0.0067,True,gaze_stable,gaze_plus_head_pose,19.51,13.31,40.64,19.763,-8.133,14.498,False,0.0,False,False,not_tired,False,not_asleep,False,0.0,False,False,False,0.0,forward,gaze_or_head_pose,False,False,False,1,0,
Twitch streamer starts to fall asleep while driving....mp4,True,27.8,0.4004,0.0065,0.1557,0.0084,0.0084,True,gaze_stable,gaze_plus_head_pose,20.76,11.67,40.13,20.197,-8.933,14.643,False,0.0,False,False,not_tired,False,not_asleep,False,0.0,False,False,False,0.0,forward,gaze_or_head_pose,False,False,False,1,0,
Twitch streamer starts to fall asleep while driving....mp4,True,27.833,0.5109,0.0087,0.1555,0.0069,0.0069,True,gaze_stable,gaze_plus_head_pose,20.63,13.29,41.35,20.462,-9.007,15.11,False,0.0,False,False,not_tired,False,not_asleep,False,0.0,False,False,False,0.0,forward,gaze_or_head_pose,False,False,False,1,0,
Twitch streamer starts to fall asleep while driving....mp4,True,27.867,0.6036,0.0119,0.1553,0.0058,0.0058,True,gaze_stable,gaze_plus_head_pose,19.74,10.36,42.51,20.381,-9.938,15.785,False,0.0,False,False,not_tired,False,not_asleep,False,0.0,False,False,False,0.0,forward,gaze_or_head_pose,False,False,False,1,0,
Twitch streamer starts to fall asleep while driving....mp4,True,27.9,0.4932,0.0104,0.1551,0.0059,0.0059,True,gaze_stable,gaze_plus_head_pose,21.34,11.98,40.27,20.803,-10.104,15.585,False,0.0,False,False,not_tired,False,not_asleep,False,0.0,False,False,False,0.0,forward,gaze_or_head_pose,False,False,False,1,0,
Twitch streamer starts to fall asleep while driving....mp4,True,27.933,0.48,0.0061,0.1549,0.0065,0.0065,True,gaze_stable,gaze_plus_head_pose,21.15,11.19,41.65,21.042,-10.456,15.86,False,0.0,False,False,not_tired,False,not_asleep,False,0.0,False,False,False,0.0,forward,gaze_or_head_pose,False,False,False,1,0,
Twitch streamer starts to fall asleep while driving....mp4,True,27.967,0.4732,0.0108,0.1548,0.0073,0.0073,True,gaze_stable,gaze_plus_head_pose,20.81,10.94,40.51,21.108,-10.779,15.71,False,0.0,False,False,not_tired,False,not_asleep,False,0.0,False,False,False,0.0,forward,gaze_or_head_pose,False,False,False,1,0,
Twitch streamer starts to fall asleep while driving....mp4,True,28.0,0.5215,0.0134,0.1546,0.0062,0.0062,True,gaze_stable,gaze_plus_head_pose,21.85,11.8,41.68,21.465,-10.746,15.956,False,0.0,False,False,not_tired,False,not_asleep,False,0.0,False,False,False,0.0,forward,gaze_or_head_pose,False,False,False,1,0,
Twitch streamer starts to fall asleep while driving....mp4,True,28.033,0.494,0.0415,0.1544,0.006,0.006,True,gaze_stable,gaze_plus_head_pose,20.33,10.61,38.69,21.26,-11.08,15.231,False,0.0,False,False,not_tired,False,not_asleep,False,0.0,False,False,False,0.0,forward,gaze_or_head_pose,False,False,False,1,0,
Twitch streamer starts to fall asleep while driving....mp4,True,28.067,0.4804,0.0129,0.1542,0.0059,0.0059,True,gaze_stable,gaze_plus_head_pose,21.64,12.54,39.33,21.509,-10.735,14.916,False,0.0,False,False,not_tired,False,not_asleep,False,0.0,False,False,False,0.0,forward,gaze_or_head_pose,False,False,False,1,0,
Twitch streamer starts to fall asleep while driving....mp4,True,28.1,0.5032,0.0093,0.154,0.0066,0.0066,True,gaze_stable,gaze_plus_head_pose,19.79,11.45,39.97,21.128,-10.821,14.887,False,0.0,False,False,not_tired,False,not_asleep,False,0.0,False,False,False,0.0,forward,gaze_or_head_pose,False,False,False,1,0,
Twitch streamer starts to fall asleep while driving....mp4,True,28.133,0.4881,0.0123,0.1538,0.0068,0.0068,True,gaze_stable,gaze_plus_head_pose,20.58,12.09,40.41,21.099,-10.688,14.999,False,0.0,False,False,not_tired,False,not_asleep,False,0.0,False,False,False,0.0,forward,gaze_or_head_pose,False,False,False,1,0,
Twitch streamer starts to fall asleep while driving....mp4,True,28.167,0.4273,0.027,0.1537,0.0086,0.0086,True,gaze_stable,gaze_plus_head_pose,20.44,11.68,36.53,21.036,-10.719,13.913,False,0.0,False,False,not_tired,False,not_asleep,False,0.0,False,False,False,0.0,forward,gaze_or_head_pose,False,False,False,1,0,
Twitch streamer starts to fall asleep while driving....mp4,True,28.2,0.5695,0.0102,0.1535,0.0056,0.0056,True,gaze_stable,gaze_plus_head_pose,20.34,13.06,39.33,20.962,-10.326,13.993,False,0.0,False,False,not_tired,False,not_asleep,False,0.0,False,False,False,0.0,forward,gaze_or_head_pose,False,False,False,1,0,
Twitch streamer starts to fall asleep while driving....mp4,True,28.233,0.5414,0.0248,0.1533,0.0047,0.0047,True,gaze_stable,gaze_plus_head_pose,20.53,10.15,39.9,20.968,-10.924,14.22,False,0.0,False,False,not_tired,False,not_asleep,False,0.0,False,False,False,0.0,forward,gaze_or_head_pose,False,False,False,1,0,
Twitch streamer starts to fall asleep while driving....mp4,True,28.267,0.5514,0.0116,0.1531,0.0047,0.0047,True,gaze_stable,gaze_plus_head_pose,19.44,11.86,38.4,20.644,-10.83,13.929,False,0.0,False,False,not_tired,False,not_asleep,False,0.0,False,False,False,0.0,forward,gaze_or_head_pose,False,False,False,1,0,
Twitch streamer starts to fall asleep while driving....mp4,True,28.3,0.5571,0.0365,0.1529,0.0041,0.0041,True,gaze_stable,gaze_plus_head_pose,20.25,11.28,38.76,20.661,-10.938,13.833,False,0.0,False,False,not_tired,False,not_asleep,False,0.0,False,False,False,0.0,forward,gaze_or_head_pose,False,False,False,1,0,
Twitch streamer starts to fall asleep while driving....mp4,True,28.333,0.4816,0.0054,0.1528,0.0044,0.0044,True,gaze_stable,gaze_plus_head_pose,20.29,14.21,38.78,20.685,-10.135,13.772,False,0.0,False,False,not_tired,False,not_asleep,False,0.0,False,False,False,0.0,forward,gaze_or_head_pose,False,False,False,1,0,
Twitch streamer starts to fall asleep while driving....mp4,True,28.367,0.5344,0.0483,0.1526,0.0054,0.0054,True,gaze_stable,gaze_plus_head_pose,20.65,12.41,38.46,20.809,-10.112,13.634,False,0.0,False,False,not_tired,False,not_asleep,False,0.0,False,False,False,0.0,forward,gaze_or_head_pose,False,False,False,1,0,
Twitch streamer starts to fall asleep while driving....mp4,True,28.4,0.4493,0.0058,0.1524,0.0058,0.0058,True,gaze_stable,gaze_plus_head_pose,20.27,15.19,38.51,20.783,-9.263,13.552,False,0.0,False,False,not_tired,False,not_asleep,False,0.0,False,False,False,0.0,forward,gaze_or_head_pose,False,False,False,1,0,
Twitch streamer starts to fall asleep while driving....mp4,True,28.433,0.5025,0.0064,0.1522,0.0066,0.0066,True,gaze_stable,gaze_plus_head_pose,20.09,14.55,38.96,20.71,-8.86,13.629,False,0.0,False,False,not_tired,False,not_asleep,False,0.0,False,False,False,0.0,forward,gaze_or_head_pose,False,False,False,1,0,
Twitch streamer starts to fall asleep while driving....mp4,True,28.467,0.4751,0.0194,0.152,0.0072,0.0072,True,gaze_stable,gaze_plus_head_pose,19.46,16.31,40.1,20.47,-8.05,14.025,False,0.0,False,False,not_tired,False,not_asleep,False,0.0,False,False,False,0.0,forward,gaze_or_head_pose,False,False,False,1,0,
Twitch streamer starts to fall asleep while driving....mp4,True,28.5,0.3597,0.0069,0.1519,0.0058,0.0058,True,gaze_stable,gaze_plus_head_pose,20.21,15.13,41.71,20.527,-7.837,14.786,False,0.0,False,False,not_tired,False,not_asleep,False,0.0,False,False,False,0.0,forward,gaze_or_head_pose,False,False,False,1,0,
Twitch streamer starts to fall asleep while driving....mp4,True,28.533,0.3518,0.0178,0.1517,0.011,0.011,True,gaze_stable,gaze_plus_head_pose,18.98,17.04,39.24,20.198,-7.115,14.577,False,0.0,False,False,not_tired,False,not_asleep,False,0.0,False,False,False,0.0,forward,gaze_or_head_pose,False,False,False,1,0,
Twitch streamer starts to fall asleep while driving....mp4,True,28.567,0.3628,0.01,0.1515,0.0098,0.0098,True,gaze_stable,gaze_plus_head_pose,18.94,16.95,37.35,19.955,-6.636,13.864,False,0.0,False,False,not_tired,False,not_asleep,False,0.0,False,False,False,0.0,forward,gaze_or_head_pose,False,False,False,1,0,
Twitch streamer starts to fall asleep while driving....mp4,True,28.6,0.3164,0.0141,0.1513,0.0074,0.0074,True,gaze_stable,gaze_plus_head_pose,18.28,17.36,36.79,19.588,-6.178,13.197,False,0.0,False,False,not_tired,False,not_asleep,False,0.0,False,False,False,0.0,forward,gaze_or_head_pose,False,False,False,1,0,
Twitch streamer starts to fall asleep while driving....mp4,True,28.633,0.4598,0.0234,0.1512,0.0078,0.0078,True,gaze_stable,gaze_plus_head_pose,17.26,17.07,35.35,19.024,-5.945,12.298,False,0.0,False,False,not_tired,False,not_asleep,False,0.0,False,False,False,0.0,forward,gaze_or_head_pose,False,False,False,1,0,
Twitch streamer starts to fall asleep while driving....mp4,True,28.667,0.5198,0.0081,0.151,0.0058,0.0058,True,gaze_stable,gaze_plus_head_pose,17.13,18.67,35.2,18.591,-5.301,11.623,False,0.0,False,False,not_tired,False,not_asleep,False,0.0,False,False,False,0.0,forward,gaze_or_head_pose,False,False,False,1,0,
Twitch streamer starts to fall asleep while driving....mp4,True,28.7,0.5324,0.0293,0.1508,0.004,0.004,True,gaze_stable,gaze_plus_head_pose,15.92,15.73,33.14,17.925,-5.733,10.533,False,0.0,False,False,not_tired,False,not_asleep,False,0.0,False,False,False,0.0,forward,gaze_or_head_pose,False,False,False,1,0,
Twitch streamer starts to fall asleep while driving....mp4,True,28.733,0.5544,0.0609,0.1506,0.0034,0.0034,True,gaze_stable,gaze_plus_head_pose,16.72,14.72,34.17,17.698,-6.338,10.079,False,0.0,False,False,not_tired,False,not_asleep,False,0.0,False,False,False,0.0,forward,gaze_or_head_pose,False,False,False,1,0,
Twitch streamer starts to fall asleep while driving....mp4,True,28.767,0.5523,0.1124,0.1505,0.0043,0.0043,True,gaze_stable,gaze_plus_head_pose,15.2,15.18,30.9,17.084,-6.624,8.781,False,0.0,False,False,not_tired,False,not_asleep,False,0.0,False,False,False,0.0,forward,gaze_or_head_pose,False,False,False,1,0,
Twitch streamer starts to fall asleep while driving....mp4,True,28.8,0.5613,0.0526,0.1503,0.0042,0.0042,True,gaze_stable,gaze_plus_head_pose,14.95,13.74,33.57,16.579,-7.256,8.672,False,0.0,False,False,not_tired,False,not_asleep,False,0.0,False,False,False,0.0,forward,gaze_or_head_pose,False,False,False,1,0,
Twitch streamer starts to fall asleep while driving....mp4,True,28.833,0.5629,0.1363,0.1501,0.0047,0.0047,True,gaze_stable,gaze_plus_head_pose,14.37,12.58,31.71,16.051,-8.046,8.039,False,0.0,False,False,not_tired,False,not_asleep,False,0.0,False,False,False,0.0,forward,gaze_or_head_pose,False,False,False,1,0,
Twitch streamer starts to fall asleep while driving....mp4,True,28.867,0.6013,0.0197,0.1499,0.0049,0.0049,True,gaze_stable,gaze_plus_head_pose,13.77,12.41,32.35,15.502,-8.65,7.787,False,0.0,False,False,not_tired,False,not_asleep,False,0.0,False,False,False,0.0,forward,gaze_or_head_pose,False,False,False,1,0,
Twitch streamer starts to fall asleep while driving....mp4,True,28.9,0.5401,0.0205,0.1498,0.0045,0.0045,True,gaze_stable,gaze_plus_head_pose,14.3,12.28,31.84,15.276,-9.112,7.458,False,0.0,False,False,not_tired,False,not_asleep,False,0.0,False,False,False,0.0,forward,gaze_or_head_pose,False,False,False,1,0,
Twitch streamer starts to fall asleep while driving....mp4,True,28.933,0.4948,0.0834,0.1496,0.0056,0.0056,True,gaze_stable,gaze_plus_head_pose,14.57,12.28,31.7,15.199,-9.435,7.186,False,0.0,False,False,not_tired,False,not_asleep,False,0.0,False,False,False,0.0,forward,gaze_or_head_pose,False,False,False,1,0,
Twitch streamer starts to fall asleep while driving....mp4,True,28.967,0.5079,0.08,0.1494,0.0056,0.0056,True,gaze_stable,gaze_plus_head_pose,14.07,12.62,31.26,14.996,-9.56,6.863,False,0.0,False,False,not_tired,False,not_asleep,False,0.0,False,False,False,0.0,forward,gaze_or_head_pose,False,False,False,1,0,
Twitch streamer starts to fall asleep while driving....mp4,True,29.0,0.5045,0.117,0.1493,0.0051,0.0051,True,gaze_stable,gaze_plus_head_pose,13.2,11.36,30.65,14.592,-10.025,6.454,False,0.0,False,False,not_tired,False,not_asleep,False,0.0,False,False,False,0.0,forward,gaze_or_head_pose,False,False,False,1,0,
Twitch streamer starts to fall asleep while driving....mp4,True,29.033,0.4719,0.1035,0.1491,0.0045,0.0045,True,gaze_stable,gaze_plus_head_pose,12.86,12.03,30.54,14.207,-10.149,6.135,False,0.0,False,False,not_tired,False,not_asleep,False,0.0,False,False,False,0.0,forward,gaze_or_head_pose,False,False,False,1,0,
Twitch streamer starts to fall asleep while driving....mp4,True,29.067,0.4678,0.0397,0.1489,0.0046,0.0046,True,gaze_stable,gaze_plus_head_pose,12.05,11.09,30.53,13.695,-10.519,5.908,False,0.0,False,False,not_tired,False,not_asleep,False,0.0,False,False,False,0.0,forward,gaze_or_head_pose,False,False,False,1,0,
Twitch streamer starts to fall asleep while driving....mp4,True,29.1,0.4729,0.043,0.1487,0.0043,0.0043,True,gaze_stable,gaze_plus_head_pose,12.13,12.01,32.06,13.361,-10.501,6.209,False,0.0,False,False,not_tired,False,not_asleep,False,0.0,False,False,False,0.0,forward,gaze_or_head_pose,False,False,False,1,0,
Twitch streamer starts to fall asleep while driving....mp4,True,29.133,0.5316,0.183,0.1486,0.0038,0.0038,True,gaze_stable,gaze_plus_head_pose,11.5,11.36,30.08,12.937,-10.684,5.825,False,0.0,False,False,not_tired,False,not_asleep,False,0.0,False,False,False,0.0,forward,gaze_or_head_pose,False,False,False,1,0,
Twitch streamer starts to fall asleep while driving....mp4,True,29.167,0.5199,0.0338,0.1484,0.0043,0.0043,True,gaze_stable,gaze_plus_head_pose,11.66,10.4,31.12,12.689,-11.1,5.869,False,0.0,False,False,not_tired,False,not_asleep,False,0.0,False,False,False,0.0,forward,gaze_or_head_pose,False,False,False,1,0,
Twitch streamer starts to fall asleep while driving....mp4,True,29.2,0.4861,0.0468,0.1482,0.0042,0.0042,True,gaze_stable,gaze_plus_head_pose,11.01,11.19,30.47,12.32,-11.154,5.704,False,0.0,False,False,not_tired,False,not_asleep,False,0.0,False,False,False,0.0,forward,gaze_or_head_pose,False,False,False,1,0,
Twitch streamer starts to fall asleep while driving....mp4,True,29.233,0.4795,0.1035,0.1481,0.0042,0.0042,True,gaze_stable,gaze_plus_head_pose,11.11,10.1,30.99,12.092,-11.519,5.745,False,0.0,False,False,not_tired,False,not_asleep,False,0.0,False,False,False,0.0,forward,gaze_or_head_pose,False,False,False,1,0,
Twitch streamer starts to fall asleep while driving....mp4,True,29.267,0.5117,0.0625,0.1479,0.004,0.004,True,gaze_stable,gaze_plus_head_pose,11.42,10.59,30.98,12.026,-11.627,5.77,False,0.0,False,False,not_tired,False,not_asleep,False,0.0,False,False,False,0.0,forward,gaze_or_head_pose,False,False,False,1,0,
Twitch streamer starts to fall asleep while driving....mp4,True,29.3,0.5334,0.1001,0.1477,0.0042,0.0042,True,gaze_stable,gaze_plus_head_pose,11.32,10.21,30.61,11.949,-11.817,5.677,False,0.0,False,False,not_tired,False,not_asleep,False,0.0,False,False,False,0.0,forward,gaze_or_head_pose,False,False,False,1,0,
Twitch streamer starts to fall asleep while driving....mp4,True,29.333,0.5281,0.1032,0.1476,0.0043,0.0043,True,gaze_stable,gaze_plus_head_pose,11.92,11.45,31.54,12.075,-11.578,5.891,False,0.0,False,False,not_tired,False,not_asleep,False,0.0,False,False,False,0.0,forward,gaze_or_head_pose,False,False,False,1,0,
Twitch streamer starts to fall asleep while driving....mp4,True,29.367,0.5411,0.0586,0.1474,0.005,0.005,True,gaze_stable,gaze_plus_head_pose,12.63,11.93,30.99,12.377,-11.266,5.876,False,0.0,False,False,not_tired,False,not_asleep,False,0.0,False,False,False,0.0,forward,gaze_or_head_pose,False,False,False,1,0,
Twitch streamer starts to fall asleep while driving....mp4,True,29.4,0.5419,0.156,0.1472,0.0043,0.0043,True,gaze_stable,gaze_plus_head_pose,11.74,10.61,31.63,12.321,-11.445,6.057,False,0.0,False,False,not_tired,False,not_asleep,False,0.0,False,False,False,0.0,forward,gaze_or_head_pose,False,False,False,1,0,
Twitch streamer starts to fall asleep while driving....mp4,True,29.433,0.5584,0.1186,0.1471,0.0044,0.0044,True,gaze_stable,gaze_plus_head_pose,12.48,10.8,31.14,12.503,-11.512,6.037,False,0.0,False,False,not_tired,False,not_asleep,False,0.0,False,False,False,0.0,forward,gaze_or_head_pose,False,False,False,1,0,
Twitch streamer starts to fall asleep while driving....mp4,True,29.467,0.5385,0.1727,0.1469,0.0041,0.0041,True,gaze_stable,gaze_plus_head_pose,12.15,8.45,31.37,12.532,-12.265,6.092,False,0.0,False,False,not_tired,False,not_asleep,False,0.0,False,False,False,0.0,forward,gaze_or_head_pose,False,False,False,1,0,
Twitch streamer starts to fall asleep while driving....mp4,True,29.5,0.5723,0.0711,0.1467,0.0045,0.0045,True,gaze_stable,gaze_plus_head_pose,12.42,10.23,31.17,12.634,-12.257,6.07,False,0.0,False,False,not_tired,False,not_asleep,False,0.0,False,False,False,0.0,forward,gaze_or_head_pose,False,False,False,1,0,
Twitch streamer starts to fall asleep while driving....mp4,True,29.533,0.5477,0.1645,0.1466,0.0047,0.0047,True,gaze_stable,gaze_plus_head_pose,12.04,8.76,31.26,12.591,-12.693,6.082,False,0.0,False,False,not_tired,False,not_asleep,False,0.0,False,False,False,0.0,forward,gaze_or_head_pose,False,False,False,1,0,
Twitch streamer starts to fall asleep while driving....mp4,True,29.567,0.4972,0.0662,0.1464,0.0052,0.0052,True,gaze_stable,gaze_plus_head_pose,12.91,8.47,32.11,12.821,-13.085,6.346,False,0.0,False,False,not_tired,False,not_asleep,False,0.0,False,False,False,0.0,forward,gaze_or_head_pose,False,False,False,1,0,
Twitch streamer starts to fall asleep while driving....mp4,True,29.6,0.5155,0.0496,0.1462,0.0043,0.0043,True,gaze_stable,gaze_plus_head_pose,12.3,8.55,31.25,12.8,-13.336,6.272,False,0.0,False,False,not_tired,False,not_asleep,False,0.0,False,False,False,0.0,forward,gaze_or_head_pose,False,False,False,1,0,
Twitch streamer starts to fall asleep while driving....mp4,True,29.633,0.5337,0.0164,0.1461,0.005,0.005,True,gaze_stable,gaze_plus_head_pose,12.52,8.26,32.99,12.851,-13.598,6.742,False,0.0,False,False,not_tired,False,not_asleep,False,0.0,False,False,False,0.0,forward,gaze_or_head_pose,False,False,False,1,0,
Twitch streamer starts to fall asleep while driving....mp4,True,29.667,0.4998,0.096,0.1459,0.0045,0.0045,True,gaze_stable,gaze_plus_head_pose,12.28,7.7,31.34,12.815,-13.95,6.577,False,0.0,False,False,not_tired,False,not_asleep,False,0.0,False,False,False,0.0,forward,gaze_or_head_pose,False,False,False,1,0,
Twitch streamer starts to fall asleep while driving....mp4,True,29.7,0.473,0.0317,0.1457,0.0052,0.0052,True,gaze_stable,gaze_plus_head_pose,13.0,8.48,32.59,13.005,-13.962,6.836,False,0.0,False,False,not_tired,False,not_asleep,False,0.0,False,False,False,0.0,forward,gaze_or_head_pose,False,False,False,1,0,
Twitch streamer starts to fall asleep while driving....mp4,True,29.733,0.4907,0.0624,0.1456,0.0046,0.0046,True,gaze_stable,gaze_plus_head_pose,12.93,6.46,31.92,13.118,-14.576,6.816,False,0.0,False,False,not_tired,False,not_asleep,False,0.0,False,False,False,0.0,forward,gaze_or_head_pose,False,False,False,1,0,
Twitch streamer starts to fall asleep while driving....mp4,True,29.767,0.479,0.028,0.1454,0.005,0.005,True,gaze_stable,gaze_plus_head_pose,12.59,7.28,31.6,13.094,-14.76,6.706,False,0.0,False,False,not_tired,False,not_asleep,False,0.0,False,False,False,0.0,forward,gaze_or_head_pose,False,False,False,1,0,
Twitch streamer starts to fall asleep while driving....mp4,True,29.8,0.4515,0.0872,0.1453,0.0049,0.0049,True,gaze_stable,gaze_plus_head_pose,13.04,7.3,31.25,13.213,-14.883,6.524,False,0.0,False,False,not_tired,False,not_asleep,False,0.0,False,False,False,0.0,forward,gaze_or_head_pose,False,False,False,1,0,
Twitch streamer starts to fall asleep while driving....mp4,True,29.833,0.4884,0.0421,0.1451,0.0055,0.0055,True,gaze_stable,gaze_plus_head_pose,12.81,8.05,31.9,13.227,-14.744,6.592,False,0.0,False,False,not_tired,False,not_asleep,False,0.0,False,False,False,0.0,forward,gaze_or_head_pose,False,False,False,1,0,
Twitch streamer starts to fall asleep while driving....mp4,True,29.867,0.451,0.0762,0.1449,0.005,0.005,True,gaze_stable,gaze_plus_head_pose,13.11,6.76,31.29,13.327,-15.034,6.456,False,0.0,False,False,not_tired,False,not_asleep,False,0.0,False,False,False,0.0,forward,gaze_or_head_pose,False,False,False,1,0,
Twitch streamer starts to fall asleep while driving....mp4,True,29.9,0.4824,0.0342,0.1448,0.005,0.005,True,gaze_stable,gaze_plus_head_pose,13.2,8.69,33.27,13.424,-14.658,6.955,False,0.0,False,False,not_tired,False,not_asleep,False,0.0,False,False,False,0.0,forward,gaze_or_head_pose,False,False,False,1,0,
Twitch streamer starts to fall asleep while driving....mp4,True,29.933,0.471,0.0964,0.1446,0.0055,0.0055,True,gaze_stable,gaze_plus_head_pose,12.32,7.5,32.44,13.228,-14.751,7.056,False,0.0,False,False,not_tired,False,not_asleep,False,0.0,False,False,False,0.0,forward,gaze_or_head_pose,False,False,False,1,0,
Twitch streamer starts to fall asleep while driving....mp4,True,29.967,0.4557,0.0831,0.1444,0.0058,0.0058,True,gaze_stable,gaze_plus_head_pose,13.3,7.63,31.92,13.384,-14.778,6.97,False,0.0,False,False,not_tired,False,not_asleep,False,0.0,False,False,False,0.0,forward,gaze_or_head_pose,False,False,False,1,0,
Twitch streamer starts to fall asleep while driving....mp4,True,30.0,0.4618,0.0389,0.1443,0.0051,0.0051,True,gaze_stable,gaze_plus_head_pose,12.97,10.6,32.97,13.395,-13.906,7.225,False,0.0,False,False,not_tired,False,not_asleep,False,0.0,False,False,False,0.0,forward,gaze_or_head_pose,False,False,False,1,0,
Twitch streamer starts to fall asleep while driving....mp4,True,30.033,0.4361,0.0395,0.1441,0.0052,0.0052,True,gaze_stable,gaze_plus_head_pose,12.55,8.77,32.88,13.277,-13.844,7.377,False,0.0,False,False,not_tired,False,not_asleep,False,0.0,False,False,False,0.0,forward,gaze_or_head_pose,False,False,False,1,0,
Twitch streamer starts to fall asleep while driving....mp4,True,30.067,0.4364,0.0291,0.144,0.0054,0.0054,True,gaze_stable,gaze_plus_head_pose,12.64,11.51,32.45,13.221,-12.979,7.354,False,0.0,False,False,not_tired,False,not_asleep,False,0.0,False,False,False,0.0,forward,gaze_or_head_pose,False,False,False,1,0,
Twitch streamer starts to fall asleep while driving....mp4,True,30.1,0.4637,0.0261,0.1438,0.0042,0.0042,True,gaze_stable,gaze_plus_head_pose,12.61,10.85,31.88,13.172,-12.571,7.167,False,0.0,False,False,not_tired,False,not_asleep,False,0.0,False,False,False,0.0,forward,gaze_or_head_pose,False,False,False,1,0,
Twitch streamer starts to fall asleep while driving....mp4,True,30.133,0.4356,0.0887,0.1436,0.0053,0.0053,True,gaze_stable,gaze_plus_head_pose,12.62,11.49,34.71,13.142,-12.094,7.885,False,0.0,False,False,not_tired,False,not_asleep,False,0.0,False,False,False,0.0,forward,gaze_or_head_pose,False,False,False,1,0,
Twitch streamer starts to fall asleep while driving....mp4,True,30.167,0.4267,0.0217,0.1435,0.0057,0.0057,True,gaze_stable,gaze_plus_head_pose,13.88,14.8,32.1,13.498,-10.767,7.604,False,0.0,False,False,not_tired,False,not_asleep,False,0.0,False,False,False,0.0,forward,gaze_or_head_pose,False,False,False,1,0,
Twitch streamer starts to fall asleep while driving....mp4,True,30.2,0.4599,0.0382,0.1433,0.0045,0.0045,True,gaze_stable,gaze_plus_head_pose,12.01,12.72,33.95,13.187,-10.462,7.963,False,0.0,False,False,not_tired,False,not_asleep,False,0.0,False,False,False,0.0,forward,gaze_or_head_pose,False,False,False,1,0,
Twitch streamer starts to fall asleep while driving....mp4,True,30.233,0.4381,0.0072,0.1432,0.005,0.005,True,gaze_stable,gaze_plus_head_pose,12.34,14.9,31.79,13.068,-9.594,7.566,False,0.0,False,False,not_tired,False,not_asleep,False,0.0,False,False,False,0.0,forward,gaze_or_head_pose,False,False,False,1,0,
Twitch streamer starts to fall asleep while driving....mp4,True,30.267,0.4527,0.1319,0.143,0.0051,0.0051,True,gaze_stable,gaze_plus_head_pose,10.86,12.85,33.22,12.54,-9.602,7.717,False,0.0,False,False,not_tired,False,not_asleep,False,0.0,False,False,False,0.0,forward,gaze_or_head_pose,False,False,False,1,0,
Twitch streamer starts to fall asleep while driving....mp4,True,30.3,0.453,0.0307,0.1429,0.0038,0.0038,True,gaze_stable,gaze_plus_head_pose,11.22,13.43,30.52,12.279,-9.433,7.013,False,0.0,False,False,not_tired,False,not_asleep,False,0.0,False,False,False,0.0,forward,gaze_or_head_pose,False,False,False,1,0,
Twitch streamer starts to fall asleep while driving....mp4,True,30.333,0.4186,0.0777,0.1427,0.0045,0.0045,True,gaze_stable,gaze_plus_head_pose,11.51,13.06,30.96,12.183,-9.426,6.652,False,0.0,False,False,not_tired,False,not_asleep,False,0.0,False,False,False,0.0,forward,gaze_or_head_pose,False,False,False,1,0,
Twitch streamer starts to fall asleep while driving....mp4,True,30.367,0.3802,0.0279,0.1425,0.0052,0.0052,True,gaze_stable,gaze_plus_head_pose,11.73,15.34,33.09,12.182,-8.737,7.039,False,0.0,False,False,not_tired,False,not_asleep,False,0.0,False,False,False,0.0,forward,gaze_or_head_pose,False,False,False,1,0,
Twitch streamer starts to fall asleep while driving....mp4,True,30.4,0.3416,0.0061,0.1424,0.0055,0.0055,True,gaze_stable,gaze_plus_head_pose,10.63,13.97,31.14,11.852,-8.666,6.724,False,0.0,False,False,not_tired,False,not_asleep,False,0.0,False,False,False,0.0,forward,gaze_or_head_pose,False,False,False,1,0,
Twitch streamer starts to fall asleep while driving....mp4,True,30.433,0.3635,0.0169,0.1422,0.0053,0.0053,True,gaze_stable,gaze_plus_head_pose,12.27,15.48,33.59,12.112,-8.163,7.239,False,0.0,False,False,not_tired,False,not_asleep,False,0.0,False,False,False,0.0,forward,gaze_or_head_pose,False,False,False,1,0,
Twitch streamer starts to fall asleep while driving....mp4,True,30.467,0.3972,0.0098,0.1421,0.0043,0.0043,True,gaze_stable,gaze_plus_head_pose,10.59,16.74,30.06,11.791,-7.433,6.54,False,0.0,False,False,not_tired,False,not_asleep,False,0.0,False,False,False,0.0,forward,gaze_or_head_pose,False,False,False,1,0,
Twitch streamer starts to fall asleep while driving....mp4,True,30.5,0.3664,0.006,0.1419,0.0055,0.0055,True,gaze_stable,gaze_plus_head_pose,11.75,15.9,33.14,11.913,-7.174,6.975,False,0.0,False,False,not_tired,False,not_asleep,False,0.0,False,False,False,0.0,forward,gaze_or_head_pose,False,False,False,1,0,
Twitch streamer starts to fall asleep while driving....mp4,True,30.533,0.3674,0.0086,0.1418,0.0047,0.0047,True,gaze_stable,gaze_plus_head_pose,10.62,17.1,31.1,11.66,-6.633,6.668,False,0.0,False,False,not_tired,False,not_asleep,False,0.0,False,False,False,0.0,forward,gaze_or_head_pose,False,False,False,1,0,
Twitch streamer starts to fall asleep while driving....mp4,True,30.567,0.394,0.0141,0.1416,0.0042,0.0042,True,gaze_stable,gaze_plus_head_pose,11.09,15.21,34.35,11.624,-6.821,7.427,False,0.0,False,False,not_tired,False,not_asleep,False,0.0,False,False,False,0.0,forward,gaze_or_head_pose,False,False,False,1,0,
Twitch streamer starts to fall asleep while driving....mp4,True,30.6,0.3842,0.0134,0.1415,0.0058,0.0058,True,gaze_stable,gaze_plus_head_pose,11.17,16.81,32.28,11.623,-6.473,7.338,False,0.0,False,False,not_tired,False,not_asleep,False,0.0,False,False,False,0.0,forward,gaze_or_head_pose,False,False,False,1,0,
Twitch streamer starts to fall asleep while driving....mp4,True,30.633,0.391,0.013,0.1413,0.0048,0.0048,True,gaze_stable,gaze_plus_head_pose,11.02,15.62,33.84,11.577,-6.586,7.744,False,0.0,False,False,not_tired,False,not_asleep,False,0.0,False,False,False,0.0,forward,gaze_or_head_pose,False,False,False,1,0,
Twitch streamer starts to fall asleep while driving....mp4,True,30.667,0.3918,0.0667,0.1412,0.0046,0.0046,True,gaze_stable,gaze_plus_head_pose,11.37,16.95,31.11,11.65,-6.266,7.209,False,0.0,False,False,not_tired,False,not_asleep,False,0.0,False,False,False,0.0,forward,gaze_or_head_pose,False,False,False,1,0,
Twitch streamer starts to fall asleep while driving....mp4,True,30.7,0.3784,0.0106,0.141,0.0056,0.0056,True,gaze_stable,gaze_plus_head_pose,11.71,16.32,32.34,11.803,-6.231,7.203,False,0.0,False,False,not_tired,False,not_asleep,False,0.0,False,False,False,0.0,forward,gaze_or_head_pose,False,False,False,1,0,
Twitch streamer starts to fall asleep while driving....mp4,True,30.733,0.3575,0.0415,0.1408,0.005,0.005,True,gaze_stable,gaze_plus_head_pose,11.27,14.96,31.93,11.778,-6.615,7.076,False,0.0,False,False,not_tired,False,not_asleep,False,0.0,False,False,False,0.0,forward,gaze_or_head_pose,False,False,False,1,0,
Twitch streamer starts to fall asleep while driving....mp4,True,30.767,0.3784,0.0222,0.1407,0.0056,0.0056,True,gaze_stable,gaze_plus_head_pose,11.94,14.06,32.74,11.962,-7.153,7.23,False,0.0,False,False,not_tired,False,not_asleep,False,0.0,False,False,False,0.0,forward,gaze_or_head_pose,False,False,False,1,0,
Twitch streamer starts to fall asleep while driving....mp4,True,30.8,0.4041,0.011,0.1405,0.0054,0.0054,True,gaze_stable,gaze_plus_head_pose,12.18,15.34,33.1,12.162,-7.146,7.446,False,0.0,False,False,not_tired,False,not_asleep,False,0.0,False,False,False,0.0,forward,gaze_or_head_pose,False,False,False,1,0,
Twitch streamer starts to fall asleep while driving....mp4,True,30.833,0.3591,0.0818,0.1404,0.0055,0.0055,True,gaze_stable,gaze_plus_head_pose,12.09,12.64,32.3,12.276,-7.951,7.357,False,0.0,False,False,not_tired,False,not_asleep,False,0.0,False,False,False,0.0,forward,gaze_or_head_pose,False,False,False,1,0,
Twitch streamer starts to fall asleep while driving....mp4,True,30.867,0.3754,0.009,0.1402,0.0058,0.0058,True,gaze_stable,gaze_plus_head_pose,12.45,14.02,32.88,12.463,-8.101,7.469,False,0.0,False,False,not_tired,False,not_asleep,False,0.0,False,False,False,0.0,forward,gaze_or_head_pose,False,False,False,1,0,
Twitch streamer starts to fall asleep while driving....mp4,True,30.9,0.3992,0.0228,0.1401,0.0045,0.0045,True,gaze_stable,gaze_plus_head_pose,11.99,12.9,31.85,12.456,-8.542,7.238,False,0.0,False,False,not_tired,False,not_asleep,False,0.0,False,False,False,0.0,forward,gaze_or_head_pose,False,False,False,1,0,
Twitch streamer starts to fall asleep while driving....mp4,True,30.933,0.3818,0.0073,0.1399,0.0061,0.0061,True,gaze_stable,gaze_plus_head_pose,12.71,14.28,33.51,12.667,-8.436,7.575,False,0.0,False,False,not_tired,False,not_asleep,False,0.0,False,False,False,0.0,forward,gaze_or_head_pose,False,False,False,1,0,
Twitch streamer starts to fall asleep while driving....mp4,True,30.967,0.3505,0.1091,0.1398,0.0059,0.0059,True,gaze_stable,gaze_plus_head_pose,13.8,13.56,32.57,13.142,-8.578,7.528,False,0.0,False,False,not_tired,False,not_asleep,False,0.0,False,False,False,0.0,forward,gaze_or_head_pose,False,False,False,1,0,
Twitch streamer starts to fall asleep while driving....mp4,True,31.0,0.3565,0.0227,0.1396,0.0059,0.0059,True,gaze_stable,gaze_plus_head_pose,12.53,15.18,33.27,13.093,-8.192,7.706,False,0.0,False,False,not_tired,False,not_asleep,False,0.0,False,False,False,0.0,forward,gaze_or_head_pose,False,False,False,1,0,
Twitch streamer starts to fall asleep while driving....mp4,True,31.033,0.3757,0.0175,0.1395,0.0066,0.0066,True,gaze_stable,gaze_plus_head_pose,14.07,14.93,33.45,13.521,-7.996,7.884,False,0.0,False,False,not_tired,False,not_asleep,False,0.0,False,False,False,0.0,forward,gaze_or_head_pose,False,False,False,1,0,
Twitch streamer starts to fall asleep while driving....mp4,True,31.067,0.3682,0.136,0.1393,0.007,0.007,True,gaze_stable,gaze_plus_head_pose,11.79,14.03,32.64,13.137,-8.129,7.766,False,0.0,False,False,not_tired,False,not_asleep,False,0.0,False,False,False,0.0,forward,gaze_or_head_pose,False,False,False,1,0,
Twitch streamer starts to fall asleep while driving....mp4,True,31.1,0.385,0.0677,0.1392,0.0056,0.0056,True,gaze_stable,gaze_plus_head_pose,12.89,14.38,32.72,13.198,-8.118,7.707,False,0.0,False,False,not_tired,False,not_asleep,False,0.0,False,False,False,0.0,forward,gaze_or_head_pose,False,False,False,1,0,
Twitch streamer starts to fall asleep while driving....mp4,True,31.133,0.3778,0.1183,0.139,0.006,0.006,True,gaze_stable,gaze_plus_head_pose,11.87,13.73,33.65,12.935,-8.304,7.945,False,0.0,False,False,not_tired,False,not_asleep,False,0.0,False,False,False,0.0,forward,gaze_or_head_pose,False,False,False,1,0,
Twitch streamer starts to fall asleep while driving....mp4,True,31.167,0.3425,0.0504,0.1389,0.0055,0.0055,True,gaze_stable,gaze_plus_head_pose,11.66,14.68,34.11,12.687,-8.15,8.249,False,0.0,False,False,not_tired,False,not_asleep,False,0.0,False,False,False,0.0,forward,gaze_or_head_pose,False,False,False,1,0,
Twitch streamer starts to fall asleep while driving....mp4,True,31.2,0.341,0.0975,0.1387,0.0067,0.0067,True,gaze_stable,gaze_plus_head_pose,11.38,13.11,33.37,12.43,-8.513,8.241,False,0.0,False,False,not_tired,False,not_asleep,False,0.0,False,False,False,0.0,forward,gaze_or_head_pose,False,False,False,1,0,
Twitch streamer starts to fall asleep while driving....mp4,True,31.233,0.322,0.0388,0.1386,0.005,0.005,True,gaze_stable,gaze_plus_head_pose,12.14,15.94,34.75,12.478,-7.918,8.648,False,0.0,False,False,not_tired,False,not_asleep,False,0.0,False,False,False,0.0,forward,gaze_or_head_pose,False,False,False,1,0,
Twitch streamer starts to fall asleep while driving....mp4,True,31.267,0.3467,0.0099,0.1384,0.0067,0.0067,True,gaze_stable,gaze_plus_head_pose,11.71,14.06,32.38,12.383,-8.066,8.223,False,0.0,False,False,not_tired,False,not_asleep,False,0.0,False,False,False,0.0,forward,gaze_or_head_pose,False,False,False,1,0,
Twitch streamer starts to fall asleep while driving....mp4,True,31.3,0.3346,0.0111,0.1383,0.0051,0.0051,True,gaze_stable,gaze_plus_head_pose,11.75,15.06,34.37,12.328,-7.869,8.522,False,0.0,False,False,not_tired,False,not_asleep,False,0.0,False,False,False,0.0,forward,gaze_or_head_pose,False,False,False,1,0,
Twitch streamer starts to fall asleep while driving....mp4,True,31.333,0.3399,0.0255,0.1382,0.0059,0.0059,True,gaze_stable,gaze_plus_head_pose,10.96,15.22,33.39,12.052,-7.683,8.437,False,0.0,False,False,not_tired,False,not_asleep,False,0.0,False,False,False,0.0,forward,gaze_or_head_pose,False,False,False,1,0,
Twitch streamer starts to fall asleep while driving....mp4,True,31.367,0.322,0.0477,0.138,0.0053,0.0053,True,gaze_stable,gaze_plus_head_pose,11.08,13.08,33.04,11.896,-8.195,8.273,False,0.0,False,False,not_tired,False,not_asleep,False,0.0,False,False,False,0.0,forward,gaze_or_head_pose,False,False,False,1,0,
Twitch streamer starts to fall asleep while driving....mp4,True,31.4,0.287,0.0279,0.1379,0.0053,0.0053,True,gaze_stable,gaze_plus_head_pose,11.72,16.13,33.61,11.978,-7.639,8.329,False,0.0,False,False,not_tired,False,not_asleep,False,0.0,False,False,False,0.0,forward,gaze_or_head_pose,False,False,False,1,0,
Twitch streamer starts to fall asleep while driving....mp4,True,31.433,0.3339,0.0135,0.1377,0.0055,0.0055,True,gaze_stable,gaze_plus_head_pose,12.33,15.3,32.42,12.219,-7.498,8.011,False,0.0,False,False,not_tired,False,not_asleep,False,0.0,False,False,False,0.0,forward,gaze_or_head_pose,False,False,False,1,0,
Twitch streamer starts to fall asleep while driving....mp4,True,31.467,0.3908,0.0407,0.1376,0.0045,0.0045,True,gaze_stable,gaze_plus_head_pose,11.09,21.57,32.18,12.015,-5.519,7.717,False,0.0,False,False,not_tired,False,not_asleep,False,0.0,False,False,False,0.0,forward,gaze_or_head_pose,False,False,False,1,0,
Twitch streamer starts to fall asleep while driving....mp4,True,31.5,0.4231,0.079,0.1374,0.0049,0.0049,True,gaze_stable,gaze_plus_head_pose,12.32,16.01,34.12,12.242,-5.801,8.093,False,0.0,False,False,not_tired,False,not_asleep,False,0.0,False,False,False,0.0,forward,gaze_or_head_pose,False,False,False,1,0,
Twitch streamer starts to fall asleep while driving....mp4,True,31.533,0.4001,0.116,0.1373,0.0054,0.0054,True,gaze_stable,gaze_plus_head_pose,12.19,15.08,33.07,12.361,-6.278,8.041,False,0.0,False,False,not_tired,False,not_asleep,False,0.0,False,False,False,0.0,forward,gaze_or_head_pose,False,False,False,1,0,
Twitch streamer starts to fall asleep while driving....mp4,True,31.567,0.3787,0.0566,0.1371,0.0054,0.0054,True,gaze_stable,gaze_plus_head_pose,12.54,14.65,33.9,12.55,-6.74,8.254,False,0.0,False,False,not_tired,False,not_asleep,False,0.0,False,False,False,0.0,forward,gaze_or_head_pose,False,False,False,1,0,
Twitch streamer starts to fall asleep while driving....mp4,True,31.6,0.3898,0.1364,0.137,0.0055,0.0055,True,gaze_stable,gaze_plus_head_pose,12.23,13.6,32.9,12.589,-7.379,8.103,False,0.0,False,False,not_tired,False,not_asleep,False,0.0,False,False,False,0.0,forward,gaze_or_head_pose,False,False,False,1,0,
Twitch streamer starts to fall asleep while driving....mp4,True,31.633,0.4154,0.0941,0.1368,0.0053,0.0053,True,gaze_stable,gaze_plus_head_pose,12.43,14.21,33.12,12.676,-7.644,8.063,False,0.0,False,False,not_tired,False,not_asleep,False,0.0,False,False,False,0.0,forward,gaze_or_head_pose,False,False,False,1,0,
Twitch streamer starts to fall asleep while driving....mp4,True,31.667,0.4139,0.06,0.1367,0.0065,0.0065,True,gaze_stable,gaze_plus_head_pose,11.9,15.75,33.55,12.578,-7.366,8.164,False,0.0,False,False,not_tired,False,not_asleep,False,0.0,False,False,False,0.0,forward,gaze_or_head_pose,False,False,False,1,0,
Twitch streamer starts to fall asleep while driving....mp4,True,31.7,0.4975,0.0869,0.1366,0.0047,0.0047,True,gaze_stable,gaze_plus_head_pose,11.47,13.69,32.6,12.381,-7.791,7.95,False,0.0,False,False,not_tired,False,not_asleep,False,0.0,False,False,False,0.0,forward,gaze_or_head_pose,False,False,False,1,0,
Twitch streamer starts to fall asleep while driving....mp4,True,31.733,0.4805,0.0554,0.1364,0.0058,0.0058,True,gaze_stable,gaze_plus_head_pose,11.23,14.39,32.86,12.171,-7.877,7.878,False,0.0,False,False,not_tired,False,not_asleep,False,0.0,False,False,False,0.0,forward,gaze_or_head_pose,False,False,False,1,0,
Twitch streamer starts to fall asleep while driving....mp4,True,31.767,0.5298,0.161,0.1363,0.0059,0.0059,True,gaze_stable,gaze_plus_head_pose,10.65,14.78,31.89,11.849,-7.821,7.536,False,0.0,False,False,not_tired,False,not_asleep,False,0.0,False,False,False,0.0,forward,gaze_or_head_pose,False,False,False,1,0,
Twitch streamer starts to fall asleep while driving....mp4,True,31.8,0.5129,0.0847,0.1361,0.0048,0.0048,True,gaze_stable,gaze_plus_head_pose,10.13,14.46,31.9,11.469,-7.878,7.301,False,0.0,False,False,not_tired,False,not_asleep,False,0.0,False,False,False,0.0,forward,gaze_or_head_pose,False,False,False,1,0,
Twitch streamer starts to fall asleep while driving....mp4,True,31.833,0.4805,0.0435,0.136,0.0052,0.0052,True,gaze_stable,gaze_plus_head_pose,10.18,15.94,31.09,11.217,-7.473,6.892,False,0.0,False,False,not_tired,False,not_asleep,False,0.0,False,False,False,0.0,forward,gaze_or_head_pose,False,False,False,1,0,
Twitch streamer starts to fall asleep while driving....mp4,True,31.867,0.5109,0.038,0.1358,0.0045,0.0045,True,gaze_stable,gaze_plus_head_pose,10.24,15.99,31.76,11.059,-7.175,6.808,False,0.0,False,False,not_tired,False,not_asleep,False,0.0,False,False,False,0.0,forward,gaze_or_head_pose,False,False,False,1,0,
Twitch streamer starts to fall asleep while driving....mp4,True,31.9,0.5181,0.2041,0.1357,0.0049,0.0049,True,gaze_stable,gaze_plus_head_pose,10.78,18.77,31.7,11.11,-6.133,6.73,False,0.0,False,False,not_tired,False,not_asleep,False,0.0,False,False,False,0.0,forward,gaze_or_head_pose,False,False,False,1,0,
Twitch streamer starts to fall asleep while driving....mp4,True,31.933,0.4933,0.0877,0.1356,0.0047,0.0047,True,gaze_stable,gaze_plus_head_pose,9.74,16.05,31.9,10.834,-6.219,6.736,False,0.0,False,False,not_tired,False,not_asleep,False,0.0,False,False,False,0.0,forward,gaze_or_head_pose,False,False,False,1,0,
Twitch streamer starts to fall asleep while driving....mp4,True,31.967,0.4971,0.089,0.1354,0.0054,0.0054,True,gaze_stable,gaze_plus_head_pose,9.98,16.74,32.06,10.713,-6.072,6.788,False,0.0,False,False,not_tired,False,not_asleep,False,0.0,False,False,False,0.0,forward,gaze_or_head_pose,False,False,False,1,0,
Twitch streamer starts to fall asleep while driving....mp4,True,32.0,0.4931,0.0948,0.1353,0.0043,0.0043,True,gaze_stable,gaze_plus_head_pose,9.4,15.32,30.01,10.454,-6.396,6.21,False,0.0,False,False,not_tired,False,not_asleep,False,0.0,False,False,False,0.0,forward,gaze_or_head_pose,False,False,False,1,0,
Twitch streamer starts to fall asleep while driving....mp4,True,32.033,0.4463,0.1178,0.1351,0.0049,0.0049,True,gaze_stable,gaze_plus_head_pose,8.45,16.12,30.05,9.988,-6.382,5.817,False,0.0,False,False,not_tired,False,not_asleep,False,0.0,False,False,False,0.0,forward,gaze_or_head_pose,False,False,False,1,0,
Twitch streamer starts to fall asleep while driving....mp4,True,32.067,0.4314,0.192,0.135,0.0038,0.0038,True,gaze_stable,gaze_plus_head_pose,8.46,15.5,30.05,9.664,-6.558,5.542,False,0.0,False,False,not_tired,False,not_asleep,False,0.0,False,False,False,0.0,forward,gaze_or_head_pose,False,False,False,1,0,
Twitch streamer starts to fall asleep while driving....mp4,True,32.1,0.4393,0.1568,0.1349,0.0043,0.0043,True,gaze_stable,gaze_plus_head_pose,9.03,16.63,29.31,9.609,-6.343,5.127,False,0.0,False,False,not_tired,False,not_asleep,False,0.0,False,False,False,0.0,forward,gaze_or_head_pose,False,False,False,1,0,
Twitch streamer starts to fall asleep while driving....mp4,True,32.133,0.4391,0.0448,0.1347,0.0041,0.0041,True,gaze_stable,gaze_plus_head_pose,7.8,17.96,28.22,9.201,-5.793,4.51,False,0.0,False,False,not_tired,False,not_asleep,False,0.0,False,False,False,0.0,forward,gaze_or_head_pose,False,False,False,1,0,
Twitch streamer starts to fall asleep while driving....mp4,True,32.167,0.4577,0.1226,0.1346,0.0038,0.0038,True,gaze_stable,gaze_plus_head_pose,7.65,18.96,27.01,8.871,-5.108,3.715,False,0.0,False,False,not_tired,False,not_asleep,False,0.0,False,False,False,0.0,forward,gaze_or_head_pose,False,False,False,1,0,
Twitch streamer starts to fall asleep while driving....mp4,True,32.2,0.4378,0.1841,0.1344,0.004,0.004,True,gaze_stable,gaze_plus_head_pose,6.62,19.81,26.27,8.331,-4.374,2.937,False,0.0,False,False,not_tired,False,not_asleep,False,0.0,False,False,False,0.0,forward,gaze_or_head_pose,False,False,False,1,0,
Twitch streamer starts to fall asleep while driving....mp4,True,32.233,0.5217,0.1782,0.1343,0.0045,0.0045,True,gaze_stable,gaze_plus_head_pose,6.71,22.92,24.11,7.979,-2.927,1.744,False,0.0,False,False,not_tired,False,not_asleep,False,0.0,False,False,False,0.0,forward,gaze_or_head_pose,False,False,False,1,0,
Twitch streamer starts to fall asleep while driving....mp4,True,32.267,0.5251,0.1103,0.1342,0.0038,0.0038,True,gaze_stable,gaze_plus_head_pose,5.0,23.74,22.8,7.221,-1.668,0.516,False,0.0,False,False,not_tired,False,not_asleep,False,0.0,False,False,False,0.0,forward,gaze_or_head_pose,False,False,False,1,0,
Twitch streamer starts to fall asleep while driving....mp4,True,32.3,0.5476,0.2992,0.134,0.0036,0.0036,True,gaze_stable,gaze_plus_head_pose,4.11,23.44,20.06,6.422,-0.876,-1.166,False,0.0,False,False,not_tired,False,not_asleep,False,0.0,False,False,False,0.0,forward,gaze_or_head_pose,False,False,False,1,0,
Twitch streamer starts to fall asleep while driving....mp4,True,32.333,0.6033,0.5111,0.1339,0.0038,0.0038,True,gaze_stable,gaze_plus_head_pose,3.38,24.2,18.69,5.645,-0.094,-2.754,False,0.0,False,False,not_tired,False,not_asleep,False,0.0,False,False,False,0.0,forward,gaze_or_head_pose,False,False,False,1,0,
Twitch streamer starts to fall asleep while driving....mp4,True,32.367,0.5895,0.4271,0.1337,0.0045,0.0045,True,gaze_stable,gaze_plus_head_pose,3.64,23.66,18.82,5.178,0.291,-3.827,False,0.0,False,False,not_tired,False,not_asleep,False,0.0,False,False,False,0.0,forward,gaze_or_head_pose,False,False,False,1,0,
Twitch streamer starts to fall asleep while driving....mp4,True,32.4,0.561,0.4602,0.1336,0.0038,0.0038,True,gaze_stable,gaze_plus_head_pose,1.05,24.97,16.69,4.075,0.954,-5.217,False,0.0,False,False,not_tired,False,not_asleep,False,0.0,False,False,False,0.0,forward,gaze_or_head_pose,False,False,False,1,0,
Twitch streamer starts to fall asleep while driving....mp4,True,32.433,0.525,0.3051,0.1335,0.0036,0.0036,True,gaze_stable,gaze_plus_head_pose,0.48,25.29,17.63,3.131,1.514,-5.908,False,0.0,False,False,not_tired,False,not_asleep,False,0.0,False,False,False,0.0,forward,gaze_or_head_pose,False,False,False,1,0,
Twitch streamer starts to fall asleep while driving....mp4,True,32.467,0.5269,0.379,0.1333,0.0046,0.0046,True,gaze_stable,gaze_plus_head_pose,0.24,24.45,15.51,2.399,1.653,-7.027,False,0.0,False,False,not_tired,False,not_asleep,False,0.0,False,False,False,0.0,forward,gaze_or_head_pose,False,False,False,1,0,
Twitch streamer starts to fall asleep while driving....mp4,True,32.5,0.5575,0.0412,0.1332,0.0041,0.0041,True,gaze_stable,gaze_plus_head_pose,-1.78,22.9,15.16,1.28,1.286,-7.916,False,0.0,False,False,not_tired,False,not_asleep,False,0.0,False,False,False,0.0,forward,gaze_or_head_pose,False,False,False,1,0,
Twitch streamer starts to fall asleep while driving....mp4,True,32.533,0.5765,0.0915,0.1331,0.0042,0.0042,True,gaze_stable,gaze_plus_head_pose,-2.84,21.61,13.98,0.179,0.643,-8.892,False,0.0,False,False,not_tired,False,not_asleep,False,0.0,False,False,False,0.0,forward,gaze_or_head_pose,False,False,False,1,0,
Twitch streamer starts to fall asleep while driving....mp4,True,32.567,0.5904,0.0649,0.1329,0.0044,0.0044,True,gaze_stable,gaze_plus_head_pose,-2.59,21.5,13.43,-0.517,0.159,-9.741,False,0.0,False,False,not_tired,False,not_asleep,False,0.0,False,False,False,0.0,forward,gaze_or_head_pose,False,False,False,1,0,
Twitch streamer starts to fall asleep while driving....mp4,True,32.6,0.5645,0.0144,0.1328,0.0044,0.0044,True,gaze_stable,gaze_plus_head_pose,-2.11,21.53,14.03,-0.86,-0.171,-10.154,False,0.0,False,False,not_tired,False,not_asleep,False,0.0,False,False,False,0.0,forward,gaze_or_head_pose,False,False,False,1,0,
Twitch streamer starts to fall asleep while driving....mp4,True,32.633,0.5776,0.0142,0.1327,0.004,0.004,True,gaze_stable,gaze_plus_head_pose,-2.35,21.44,12.61,-1.172,-0.429,-10.87,False,0.0,False,False,not_tired,False,not_asleep,False,0.0,False,False,False,0.0,forward,gaze_or_head_pose,False,False,False,1,0,
Twitch streamer starts to fall asleep while driving....mp4,True,32.667,0.5865,0.0848,0.1325,0.0042,0.0042,True,gaze_stable,gaze_plus_head_pose,-2.65,21.99,12.2,-1.48,-0.444,-11.494,False,0.0,False,False,not_tired,False,not_asleep,False,0.0,False,False,False,0.0,forward,gaze_or_head_pose,False,False,False,1,0,
Twitch streamer starts to fall asleep while driving....mp4,True,32.7,0.6391,0.0688,0.1324,0.0041,0.0041,True,gaze_stable,gaze_plus_head_pose,-3.31,23.65,13.94,-1.894,0.043,-11.409,False,0.0,False,False,not_tired,False,not_asleep,False,0.0,False,False,False,0.0,forward,gaze_or_head_pose,False,False,False,1,0,
Twitch streamer starts to fall asleep while driving....mp4,True,32.733,0.5934,0.1098,0.1322,0.0039,0.0039,True,gaze_stable,gaze_plus_head_pose,-4.31,22.29,12.15,-2.484,-0.024,-11.886,False,0.0,False,False,not_tired,False,not_asleep,False,0.0,False,False,False,0.0,forward,gaze_or_head_pose,False,False,False,1,0,
Twitch streamer starts to fall asleep while driving....mp4,True,32.767,0.5718,0.0808,0.1321,0.0035,0.0035,True,gaze_stable,gaze_plus_head_pose,-4.05,22.45,12.13,-2.819,-0.023,-12.226,False,0.0,False,False,not_tired,False,not_asleep,False,0.0,False,False,False,0.0,forward,gaze_or_head_pose,False,False,False,1,0,
Twitch streamer starts to fall asleep while driving....mp4,True,32.8,0.551,0.0881,0.132,0.0045,0.0045,True,gaze_stable,gaze_plus_head_pose,-4.21,22.82,13.59,-3.101,0.089,-12.026,False,0.0,False,False,not_tired,False,not_asleep,False,0.0,False,False,False,0.0,forward,gaze_or_head_pose,False,False,False,1,0,
Twitch streamer starts to fall asleep while driving....mp4,True,32.833,0.381,0.1511,0.1318,0.0036,0.0036,True,gaze_stable,gaze_plus_head_pose,-6.56,23.67,12.68,-4.004,0.422,-12.16,False,0.0,False,False,not_tired,False,not_asleep,False,0.0,False,False,False,0.0,forward,gaze_or_head_pose,False,False,False,1,0,
Twitch streamer starts to fall asleep while driving....mp4,True,32.867,0.4026,0.1154,0.1317,0.0024,0.0024,True,gaze_stable,gaze_plus_head_pose,-6.39,21.74,13.4,-4.585,0.077,-12.037,False,0.0,False,False,not_tired,False,not_asleep,False,0.0,False,False,False,0.0,forward,gaze_or_head_pose,False,False,False,1,0,
Twitch streamer starts to fall asleep while driving....mp4,True,32.9,0.3253,0.1616,0.1316,0.0048,0.0048,True,gaze_stable,gaze_plus_head_pose,-6.84,22.75,15.15,-5.126,0.138,-11.426,False,0.0,False,False,not_tired,False,not_asleep,False,0.0,False,False,False,0.0,forward,gaze_or_head_pose,False,False,False,1,0,
Twitch streamer starts to fall asleep while driving....mp4,True,32.933,0.3856,0.083,0.1314,0.0038,0.0038,True,gaze_stable,gaze_plus_head_pose,-6.64,20.99,17.27,-5.445,-0.348,-10.362,False,0.0,False,False,not_tired,False,not_asleep,False,0.0,False,False,False,0.0,forward,gaze_or_head_pose,False,False,False,1,0,
Twitch streamer starts to fall asleep while driving....mp4,True,32.967,0.3951,0.1642,0.1313,0.007,0.007,True,gaze_stable,gaze_plus_head_pose,-6.64,20.58,21.28,-5.669,-0.81,-8.414,False,0.0,False,False,not_tired,False,not_asleep,False,0.0,False,False,False,0.0,forward,gaze_or_head_pose,False,False,False,1,0,
Twitch streamer starts to fall asleep while driving....mp4,True,33.0,0.393,0.1641,0.1312,0.0101,0.0101,True,gaze_stable,gaze_plus_head_pose,-6.28,19.85,21.03,-5.717,-1.353,-7.126,False,0.0,False,False,not_tired,False,not_asleep,False,0.0,False,False,False,0.0,forward,gaze_or_head_pose,False,False,False,1,0,
Twitch streamer starts to fall asleep while driving....mp4,True,33.033,0.3792,0.0839,0.131,0.0087,0.0087,True,gaze_stable,gaze_plus_head_pose,-6.36,17.77,21.68,-5.775,-2.357,-6.029,False,0.0,False,False,not_tired,False,not_asleep,False,0.0,False,False,False,0.0,forward,gaze_or_head_pose,False,False,False,1,0,
Twitch streamer starts to fall asleep while driving....mp4,True,33.067,0.3603,0.0202,0.1309,0.009,0.009,True,gaze_stable,gaze_plus_head_pose,-6.06,16.87,22.55,-5.725,-3.33,-5.0,False,0.0,False,False,not_tired,False,not_asleep,False,0.0,False,False,False,0.0,forward,gaze_or_head_pose,False,False,False,1,0,
Twitch streamer starts to fall asleep while driving....mp4,True,33.1,0.4953,0.0098,0.1308,0.0079,0.0079,True,gaze_stable,gaze_plus_head_pose,-5.45,12.45,25.47,-5.508,-5.337,-3.404,False,0.0,False,False,not_tired,False,not_asleep,False,0.0,False,False,False,0.0,forward,gaze_or_head_pose,False,False,False,1,0,
Twitch streamer starts to fall asleep while driving....mp4,True,33.133,0.4092,0.0719,0.1307,0.0086,0.0086,True,gaze_stable,gaze_plus_head_pose,-5.09,7.87,23.73,-5.247,-8.116,-2.809,False,0.0,False,False,not_tired,False,not_asleep,False,0.0,False,False,False,0.0,forward,gaze_or_head_pose,False,False,False,1,0,
Twitch streamer starts to fall asleep while driving....mp4,True,33.167,0.4937,0.1095,0.1305,0.0084,0.0084,True,gaze_stable,gaze_plus_head_pose,-4.34,7.67,22.26,-4.84,-10.121,-2.833,False,0.0,False,False,not_tired,False,not_asleep,False,0.0,False,False,False,0.0,forward,gaze_or_head_pose,False,False,False,1,0,
Twitch streamer starts to fall asleep while driving....mp4,True,33.2,0.4676,0.0054,0.1304,0.009,0.009,True,gaze_stable,gaze_plus_head_pose,-1.63,6.69,21.68,-3.742,-11.819,-3.024,False,0.0,False,False,not_tired,False,not_asleep,False,0.0,False,False,False,0.0,forward,gaze_or_head_pose,False,False,False,1,0,
Twitch streamer starts to fall asleep while driving....mp4,True,33.233,0.5325,0.0073,0.1303,0.0084,0.0084,True,gaze_stable,gaze_plus_head_pose,-0.72,3.81,24.42,-0.27,-18.66,-0.73,False,0.0,False,False,not_tired,False,sleep_pose_counting,True,0.0,True,False,False,0.0,head_away,gaze_or_head_pose,False,False,False,1,0,
Twitch streamer starts to fall asleep while driving....mp4,True,33.267,0.5343,0.0204,0.1301,0.0079,0.0079,True,gaze_stable,gaze_plus_head_pose,0.15,4.62,21.21,-0.009,-18.417,-1.693,False,0.0,False,False,not_tired,False,sleep_pose_counting,True,0.033,True,False,False,0.033,head_away,gaze_or_head_pose,False,False,False,1,0,
Twitch streamer starts to fall asleep while driving....mp4,True,33.3,0.5291,0.0047,0.13,0.0069,0.0069,True,gaze_stable,gaze_plus_head_pose,1.43,3.11,25.04,1.88,-19.36,-0.11,False,0.0,False,False,not_tired,False,sleep_pose_counting,True,0.067,True,False,False,0.067,head_away,gaze_or_head_pose,False,False,False,1,0,
Twitch streamer starts to fall asleep while driving....mp4,True,33.333,0.5001,0.0113,0.1299,0.0086,0.0086,True,gaze_stable,gaze_plus_head_pose,1.24,5.48,21.68,1.823,-18.649,-1.118,False,0.0,False,False,not_tired,False,sleep_pose_counting,True,0.1,True,False,False,0.1,head_away,gaze_or_head_pose,False,False,False,1,0,
Twitch streamer starts to fall asleep while driving....mp4,True,33.367,0.5224,0.0041,0.1297,0.0068,0.0068,True,gaze_stable,gaze_plus_head_pose,2.23,4.73,25.14,2.08,-18.376,-0.786,False,0.0,False,False,not_tired,False,sleep_pose_counting,True,0.133,True,False,False,0.133,head_away,gaze_or_head_pose,False,False,False,1,0,
Twitch streamer starts to fall asleep while driving....mp4,True,33.4,0.5058,0.0015,0.1296,0.0071,0.0071,True,gaze_stable,gaze_plus_head_pose,2.59,6.07,22.77,2.368,-17.783,-1.264,False,0.0,False,False,not_tired,False,sleep_pose_counting,True,0.167,True,False,False,0.167,forward,gaze_or_head_pose,False,False,False,1,0,
Twitch streamer starts to fall asleep while driving....mp4,True,33.433,0.373,0.0012,0.1295,0.0058,0.0058,True,gaze_stable,gaze_plus_head_pose,2.39,6.95,22.48,2.51,-17.104,-1.686,False,0.0,False,False,not_tired,False,sleep_pose_counting,True,0.2,True,False,False,0.2,forward,gaze_or_head_pose,False,False,False,1,0,
Twitch streamer starts to fall asleep while driving....mp4,True,33.467,0.2946,0.0107,0.1294,0.0051,0.0051,True,gaze_stable,gaze_plus_head_pose,3.39,9.76,21.41,2.909,-15.786,-2.302,False,0.0,False,False,not_tired,False,sleep_pose_counting,True,0.233,True,False,False,0.233,forward,gaze_or_head_pose,False,False,False,1,0,
Twitch streamer starts to fall asleep while driving....mp4,True,33.5,0.2618,0.0056,0.1292,0.005,0.005,True,gaze_stable,gaze_plus_head_pose,1.87,8.36,21.07,2.732,-15.283,-2.835,False,0.0,False,False,not_tired,False,sleep_pose_counting,True,0.267,True,False,False,0.267,forward,gaze_or_head_pose,False,False,False,1,0,
Twitch streamer starts to fall asleep while driving....mp4,True,33.533,0.2569,0.0173,0.1291,0.0038,0.0038,True,gaze_stable,gaze_plus_head_pose,1.1,8.8,17.1,2.377,-14.799,-4.4,False,0.0,False,False,not_tired,False,sleep_pose_counting,True,0.3,True,False,False,0.3,forward,gaze_or_head_pose,False,False,False,1,0,
Twitch streamer starts to fall asleep while driving....mp4,True,33.567,0.3521,0.0229,0.129,0.0045,0.0045,True,gaze_stable,gaze_plus_head_pose,0.46,7.13,16.94,1.937,-14.961,-5.543,False,0.0,False,False,not_tired,False,sleep_pose_counting,True,0.333,True,False,False,0.333,forward,gaze_or_head_pose,False,False,False,1,0,
Twitch streamer starts to fall asleep while driving....mp4,True,33.6,0.3922,0.0512,0.1288,0.0042,0.0042,True,gaze_stable,gaze_plus_head_pose,-0.93,7.98,15.19,1.212,-14.82,-6.868,False,0.0,False,False,not_tired,False,sleep_pose_counting,True,0.367,True,False,False,0.367,forward,gaze_or_head_pose,False,False,False,1,0,
Twitch streamer starts to fall asleep while driving....mp4,True,33.633,0.4606,0.0362,0.1287,0.0048,0.0048,True,gaze_stable,gaze_plus_head_pose,-1.89,8.3,13.97,0.416,-14.625,-8.162,False,0.0,False,False,not_tired,False,not_asleep,False,0.0,True,False,False,0.4,forward,gaze_or_head_pose,False,False,False,1,0,
Twitch streamer starts to fall asleep while driving....mp4,True,33.667,0.4456,0.1578,0.1286,0.0045,0.0045,True,gaze_stable,gaze_plus_head_pose,-3.71,7.07,14.39,-0.686,-14.858,-8.941,False,0.0,False,False,not_tired,False,not_asleep,False,0.0,True,False,False,0.433,forward,gaze_or_head_pose,False,False,False,1,0,
Twitch streamer starts to fall asleep while driving....mp4,True,33.7,0.482,0.0074,0.1285,0.0051,0.0051,True,gaze_stable,gaze_plus_head_pose,-6.0,7.97,12.51,-2.146,-14.75,-10.051,False,0.0,False,False,not_tired,False,not_asleep,False,0.0,True,False,False,0.467,forward,gaze_or_head_pose,False,False,False,1,0,
Twitch streamer starts to fall asleep while driving....mp4,True,33.733,0.4886,0.0438,0.1283,0.0052,0.0052,True,gaze_stable,gaze_plus_head_pose,-7.62,6.79,12.65,-3.653,-15.029,-10.786,False,0.0,False,False,not_tired,False,not_asleep,False,0.0,False,False,False,0.0,forward,gaze_or_head_pose,False,False,False,1,0,
Twitch streamer starts to fall asleep while driving....mp4,True,33.767,0.4739,0.0127,0.1282,0.0046,0.0046,True,gaze_stable,gaze_plus_head_pose,-8.6,7.51,10.12,-5.002,-15.008,-12.059,False,0.0,False,False,not_tired,False,not_asleep,False,0.0,False,False,False,0.0,forward,gaze_or_head_pose,False,False,False,1,0,
Twitch streamer starts to fall asleep while driving....mp4,True,33.8,0.4573,0.0579,0.1281,0.0055,0.0055,True,gaze_stable,gaze_plus_head_pose,-9.74,8.3,10.92,-6.288,-14.757,-12.71,False,0.0,False,False,not_tired,False,not_asleep,False,0.0,False,False,False,0.0,forward,gaze_or_head_pose,False,False,False,1,0,
Twitch streamer starts to fall asleep while driving....mp4,True,33.833,0.4873,0.021,0.128,0.0053,0.0053,True,gaze_stable,gaze_plus_head_pose,-10.34,8.51,8.01,-7.369,-14.518,-14.039,False,0.0,False,False,not_tired,False,not_asleep,False,0.0,False,False,False,0.0,forward,gaze_or_head_pose,False,False,False,1,0,
Twitch streamer starts to fall asleep while driving....mp4,True,33.867,0.516,0.083,0.1278,0.0057,0.0057,True,gaze_stable,gaze_plus_head_pose,-10.7,7.11,7.93,-8.233,-14.77,-14.993,False,0.0,False,False,not_tired,False,not_asleep,False,0.0,False,False,False,0.0,forward,gaze_or_head_pose,False,False,False,1,0,
Twitch streamer starts to fall asleep while driving....mp4,True,33.9,0.5036,0.0655,0.1277,0.0046,0.0046,True,gaze_stable,gaze_plus_head_pose,-10.46,7.87,6.48,-8.766,-14.719,-16.096,False,0.0,False,False,not_tired,False,not_asleep,False,0.0,False,False,False,0.0,forward,gaze_or_head_pose,False,False,False,1,0,
Twitch streamer starts to fall asleep while driving....mp4,True,33.933,0.5388,0.1434,0.1276,0.005,0.005,True,gaze_stable,gaze_plus_head_pose,-10.3,7.19,5.8,-9.091,-14.888,-17.072,False,0.0,False,False,not_tired,False,not_asleep,False,0.0,False,False,False,0.0,forward,gaze_or_head_pose,False,False,False,1,0,
Twitch streamer starts to fall asleep while driving....mp4,True,33.967,0.511,0.0463,0.1275,0.0055,0.0055,True,gaze_stable,gaze_plus_head_pose,-10.09,7.68,4.7,-9.256,-14.858,-18.086,False,0.0,False,False,not_tired,False,not_asleep,False,0.0,False,False,False,0.0,forward,gaze_or_head_pose,False,False,False,1,0,
Twitch streamer starts to fall asleep while driving....mp4,True,34.0,0.477,0.0145,0.1273,0.0046,0.0046,True,gaze_stable,gaze_plus_head_pose,-9.36,8.44,4.78,-9.152,-14.61,-18.771,False,0.0,False,False,not_tired,False,not_asleep,False,0.0,False,False,False,0.0,forward,gaze_or_head_pose,False,False,False,1,0,
Twitch streamer starts to fall asleep while driving....mp4,True,34.033,0.5384,0.0745,0.1272,0.0049,0.0049,True,gaze_stable,gaze_plus_head_pose,-9.82,7.69,5.08,-9.218,-14.661,-19.161,False,0.0,False,False,not_tired,False,not_asleep,False,0.0,False,False,False,0.0,forward,gaze_or_head_pose,False,False,False,1,0,
Twitch streamer starts to fall asleep while driving....mp4,True,34.067,0.5517,0.0906,0.1271,0.0048,0.0048,True,gaze_stable,gaze_plus_head_pose,-9.86,8.8,4.78,-9.275,-14.364,-19.523,False,0.0,False,False,not_tired,False,not_asleep,False,0.0,False,False,False,0.0,forward,gaze_or_head_pose,False,False,False,1,0,
Twitch streamer starts to fall asleep while driving....mp4,True,34.1,0.5298,0.1165,0.127,0.005,0.005,True,gaze_stable,gaze_plus_head_pose,-10.13,7.88,7.18,-9.397,-14.432,-19.057,False,0.0,False,False,not_tired,False,not_asleep,False,0.0,False,False,False,0.0,forward,gaze_or_head_pose,False,False,False,1,0,
Twitch streamer starts to fall asleep while driving....mp4,True,34.133,0.5658,0.0544,0.1268,0.0046,0.0046,True,gaze_stable,gaze_plus_head_pose,-10.4,9.58,5.91,-9.563,-13.969,-19.112,False,0.0,False,False,not_tired,False,not_asleep,False,0.0,False,False,False,0.0,forward,gaze_or_head_pose,False,False,False,1,0,
Twitch streamer starts to fall asleep while driving....mp4,True,34.167,0.5338,0.0971,0.1267,0.0055,0.0055,True,gaze_stable,gaze_plus_head_pose,-9.29,9.47,9.11,-9.346,-13.678,-18.191,False,0.0,False,False,not_tired,False,not_asleep,False,0.0,False,False,False,0.0,forward,gaze_or_head_pose,False,False,False,1,0,
Twitch streamer starts to fall asleep while driving....mp4,True,34.2,0.5602,0.1288,0.1266,0.0049,0.0049,True,gaze_stable,gaze_plus_head_pose,-8.59,10.71,10.42,-8.984,-13.103,-17.152,False,0.0,False,False,not_tired,False,not_asleep,False,0.0,False,False,False,0.0,forward,gaze_or_head_pose,False,False,False,1,0,
Twitch streamer starts to fall asleep while driving....mp4,True,34.233,0.5718,0.0627,0.1265,0.0051,0.0051,True,gaze_stable,gaze_plus_head_pose,-6.92,11.14,11.85,-8.23,-12.571,-15.997,False,0.0,False,False,not_tired,False,not_asleep,False,0.0,False,False,False,0.0,forward,gaze_or_head_pose,False,False,False,1,0,
Twitch streamer starts to fall asleep while driving....mp4,True,34.267,0.5905,0.1055,0.1263,0.0049,0.0049,True,gaze_stable,gaze_plus_head_pose,-6.92,11.22,13.08,-7.702,-12.175,-14.819,False,0.0,False,False,not_tired,False,not_asleep,False,0.0,False,False,False,0.0,forward,gaze_or_head_pose,False,False,False,1,0,
Twitch streamer starts to fall asleep while driving....mp4,True,34.3,0.562,0.0676,0.1262,0.0043,0.0043,True,gaze_stable,gaze_plus_head_pose,-6.12,9.94,14.41,-7.092,-12.281,-13.595,False,0.0,False,False,not_tired,False,not_asleep,False,0.0,False,False,False,0.0,forward,gaze_or_head_pose,False,False,False,1,0,
Twitch streamer starts to fall asleep while driving....mp4,True,34.333,0.5777,0.0617,0.1261,0.0045,0.0045,True,gaze_stable,gaze_plus_head_pose,-5.56,9.87,17.23,-6.498,-12.377,-11.893,False,0.0,False,False,not_tired,False,not_asleep,False,0.0,False,False,False,0.0,forward,gaze_or_head_pose,False,False,False,1,0,
Twitch streamer starts to fall asleep while driving....mp4,True,34.367,0.5416,0.0201,0.126,0.0038,0.0038,True,gaze_stable,gaze_plus_head_pose,-4.87,11.63,17.67,-5.874,-11.916,-10.569,False,0.0,False,False,not_tired,False,not_asleep,False,0.0,False,False,False,0.0,forward,gaze_or_head_pose,False,False,False,1,0,
Twitch streamer starts to fall asleep while driving....mp4,True,34.4,0.5662,0.0124,0.1258,0.0047,0.0047,True,gaze_stable,gaze_plus_head_pose,-4.56,8.77,19.5,-5.345,-12.451,-9.093,False,0.0,False,False,not_tired,False,not_asleep,False,0.0,False,False,False,0.0,forward,gaze_or_head_pose,False,False,False,1,0,
Twitch streamer starts to fall asleep while driving....mp4,True,34.433,0.517,0.0098,0.1257,0.0043,0.0043,True,gaze_stable,gaze_plus_head_pose,-4.51,10.13,18.68,-4.96,-12.418,-8.306,False,0.0,False,False,not_tired,False,not_asleep,False,0.0,False,False,False,0.0,forward,gaze_or_head_pose,False,False,False,1,0,
Twitch streamer starts to fall asleep while driving....mp4,True,34.467,0.5637,0.0128,0.1256,0.0045,0.0045,True,gaze_stable,gaze_plus_head_pose,-4.33,8.84,19.68,-4.636,-12.781,-7.455,False,0.0,False,False,not_tired,False,not_asleep,False,0.0,False,False,False,0.0,forward,gaze_or_head_pose,False,False,False,1,0,
Twitch streamer starts to fall asleep while driving....mp4,True,34.5,0.5703,0.0092,0.1255,0.0045,0.0045,True,gaze_stable,gaze_plus_head_pose,-5.95,6.97,20.33,-4.895,-13.597,-6.665,False,0.0,False,False,not_tired,False,not_asleep,False,0.0,False,False,False,0.0,forward,gaze_or_head_pose,False,False,False,1,0,
Twitch streamer starts to fall asleep while driving....mp4,True,34.533,0.5269,0.0083,0.1254,0.0043,0.0043,True,gaze_stable,gaze_plus_head_pose,-4.9,8.49,18.45,-4.761,-13.712,-6.675,False,0.0,False,False,not_tired,False,not_asleep,False,0.0,False,False,False,0.0,forward,gaze_or_head_pose,False,False,False,1,0,
Twitch streamer starts to fall asleep while driving....mp4,True,34.567,0.54,0.118,0.1252,0.0036,0.0036,True,gaze_stable,gaze_plus_head_pose,-6.09,7.5,19.43,-5.025,-14.089,-6.389,False,0.0,False,False,not_tired,False,not_asleep,False,0.0,False,False,False,0.0,forward,gaze_or_head_pose,False,False,False,1,0,
Twitch streamer starts to fall asleep while driving....mp4,True,34.6,0.533,0.2995,0.1251,0.0043,0.0043,True,gaze_stable,gaze_plus_head_pose,-4.35,9.83,17.74,-4.688,-13.655,-6.695,False,0.0,False,False,not_tired,False,not_asleep,False,0.0,False,False,False,0.0,forward,gaze_or_head_pose,False,False,False,1,0,
Twitch streamer starts to fall asleep while driving....mp4,True,34.633,0.5265,0.4522,0.125,0.0042,0.0042,True,gaze_stable,gaze_plus_head_pose,-5.34,8.07,18.43,-4.748,-13.878,-6.703,False,0.0,False,False,not_tired,False,not_asleep,False,0.0,False,False,False,0.0,forward,gaze_or_head_pose,False,False,False,1,0,
Twitch streamer starts to fall asleep while driving....mp4,True,34.667,0.5365,0.5919,0.1249,0.004,0.004,True,gaze_stable,gaze_plus_head_pose,-3.99,10.18,17.74,-4.386,-13.402,-6.915,False,0.0,False,False,not_tired,False,not_asleep,False,0.0,False,False,False,0.0,forward,gaze_or_head_pose,False,False,False,1,0,
Twitch streamer starts to fall asleep while driving....mp4,True,34.7,0.5352,0.099,0.1248,0.0045,0.0045,True,gaze_stable,gaze_plus_head_pose,-4.25,10.39,18.53,-4.21,-13.005,-6.826,False,0.0,False,False,not_tired,False,not_asleep,False,0.0,False,False,False,0.0,forward,gaze_or_head_pose,False,False,False,1,0,
Twitch streamer starts to fall asleep while driving....mp4,True,34.733,0.5427,0.661,0.1246,0.0051,0.0051,True,gaze_stable,gaze_plus_head_pose,-3.16,8.67,18.72,-3.76,-13.244,-6.707,False,0.0,False,False,not_tired,False,not_asleep,False,0.0,False,False,False,0.0,forward,gaze_or_head_pose,False,False,False,1,0,
Twitch streamer starts to fall asleep while driving....mp4,True,34.767,0.585,0.1654,0.1245,0.004,0.004,True,gaze_stable,gaze_plus_head_pose,-3.54,11.32,17.62,-3.559,-12.616,-6.954,False,0.0,False,False,not_tired,False,not_asleep,False,0.0,False,False,False,0.0,forward,gaze_or_head_pose,False,False,False,1,0,
Twitch streamer starts to fall asleep while driving....mp4,True,34.8,0.5715,0.2335,0.1244,0.004,0.004,True,gaze_stable,gaze_plus_head_pose,-3.98,8.57,19.92,-3.55,-13.001,-6.437,False,0.0,False,False,not_tired,False,not_asleep,False,0.0,False,False,False,0.0,forward,gaze_or_head_pose,False,False,False,1,0,
Twitch streamer starts to fall asleep while driving....mp4,True,34.833,0.5232,0.1311,0.1243,0.005,0.005,True,gaze_stable,gaze_plus_head_pose,-3.66,9.42,19.87,-3.448,-13.016,-6.09,False,0.0,False,False,not_tired,False,not_asleep,False,0.0,False,False,False,0.0,forward,gaze_or_head_pose,False,False,False,1,0,
Twitch streamer starts to fall asleep while driving....mp4,True,34.867,0.5651,0.0305,0.1242,0.0073,0.0073,True,gaze_stable,gaze_plus_head_pose,-4.25,7.31,22.67,-3.554,-13.659,-5.007,False,0.0,False,False,not_tired,False,not_asleep,False,0.0,False,False,False,0.0,forward,gaze_or_head_pose,False,False,False,1,0,
Twitch streamer starts to fall asleep while driving....mp4,True,34.9,0.5051,0.5098,0.124,0.0083,0.0083,True,gaze_stable,gaze_plus_head_pose,-2.34,10.91,23.39,-3.055,-13.029,-4.033,False,0.0,False,False,not_tired,False,not_asleep,False,0.0,False,False,False,0.0,forward,gaze_or_head_pose,False,False,False,1,0,
Twitch streamer starts to fall asleep while driving....mp4,True,34.933,0.5814,0.2934,0.1239,0.0083,0.0083,True,gaze_stable,gaze_plus_head_pose,-2.82,9.39,26.8,-2.849,-13.044,-2.328,False,0.0,False,False,not_tired,False,not_asleep,False,0.0,False,False,False,0.0,forward,gaze_or_head_pose,False,False,False,1,0,
Twitch streamer starts to fall asleep while driving....mp4,True,34.967,0.5836,0.4386,0.1238,0.008,0.008,True,gaze_stable,gaze_plus_head_pose,-1.74,10.37,26.57,-2.381,-12.761,-1.204,False,0.0,False,False,not_tired,False,not_asleep,False,0.0,False,False,False,0.0,forward,gaze_or_head_pose,False,False,False,1,0,
Twitch streamer starts to fall asleep while driving....mp4,True,35.0,0.5692,0.6192,0.1237,0.0068,0.0068,True,gaze_stable,gaze_plus_head_pose,-1.35,9.66,27.48,-1.937,-12.776,-0.144,False,0.0,False,False,not_tired,False,not_asleep,False,0.0,False,False,False,0.0,forward,gaze_or_head_pose,False,False,False,1,0,
Twitch streamer starts to fall asleep while driving....mp4,True,35.033,0.5563,0.5431,0.1236,0.0079,0.0079,True,gaze_stable,gaze_plus_head_pose,-1.51,8.8,27.55,-1.674,-13.044,0.62,False,0.0,False,False,not_tired,False,not_asleep,False,0.0,False,False,False,0.0,forward,gaze_or_head_pose,False,False,False,1,0,
Twitch streamer starts to fall asleep while driving....mp4,True,35.067,0.5569,0.6066,0.1235,0.0077,0.0077,True,gaze_stable,gaze_plus_head_pose,-0.35,10.04,28.68,-1.142,-12.86,1.493,False,0.0,False,False,not_tired,False,not_asleep,False,0.0,False,False,False,0.0,forward,gaze_or_head_pose,False,False,False,1,0,
Twitch streamer starts to fall asleep while driving....mp4,True,35.1,0.5504,0.6371,0.1233,0.0079,0.0079,True,gaze_stable,gaze_plus_head_pose,-0.38,9.61,27.17,-0.778,-12.86,1.651,False,0.0,False,False,not_tired,False,not_asleep,False,0.0,False,False,False,0.0,forward,gaze_or_head_pose,False,False,False,1,0,
Twitch streamer starts to fall asleep while driving....mp4,True,35.133,0.5718,0.5179,0.1232,0.0072,0.0072,True,gaze_stable,gaze_plus_head_pose,-0.76,9.15,28.03,-0.638,-12.998,2.02,False,0.0,False,False,not_tired,False,not_asleep,False,0.0,False,False,False,0.0,forward,gaze_or_head_pose,False,False,False,1,0,
Twitch streamer starts to fall asleep while driving....mp4,True,35.167,0.5881,0.4786,0.1231,0.0076,0.0076,True,gaze_stable,gaze_plus_head_pose,-0.56,9.88,27.38,-0.479,-12.876,2.083,False,0.0,False,False,not_tired,False,not_asleep,False,0.0,False,False,False,0.0,forward,gaze_or_head_pose,False,False,False,1,0,
Twitch streamer starts to fall asleep while driving....mp4,True,35.2,0.5543,0.5296,0.123,0.0079,0.0079,True,gaze_stable,gaze_plus_head_pose,-0.88,8.46,26.54,-0.465,-13.216,1.875,False,0.0,False,False,not_tired,False,not_asleep,False,0.0,False,False,False,0.0,forward,gaze_or_head_pose,False,False,False,1,0,
Twitch streamer starts to fall asleep while driving....mp4,True,35.233,0.5498,0.5194,0.1229,0.0078,0.0078,True,gaze_stable,gaze_plus_head_pose,-0.41,10.38,25.2,-0.313,-12.878,1.327,False,0.0,False,False,not_tired,False,not_asleep,False,0.0,False,False,False,0.0,forward,gaze_or_head_pose,False,False,False,1,0,
Twitch streamer starts to fall asleep while driving....mp4,True,35.267,0.5511,0.3095,0.1228,0.0054,0.0054,True,gaze_stable,gaze_plus_head_pose,-0.91,8.98,23.96,-0.357,-13.062,0.572,False,0.0,False,False,not_tired,False,not_asleep,False,0.0,False,False,False,0.0,forward,gaze_or_head_pose,False,False,False,1,0,
Twitch streamer starts to fall asleep while driving....mp4,True,35.3,0.5415,0.4173,0.1226,0.0048,0.0048,True,gaze_stable,gaze_plus_head_pose,-1.84,10.76,22.0,-0.667,-12.656,-0.544,False,0.0,False,False,not_tired,False,not_asleep,False,0.0,False,False,False,0.0,forward,gaze_or_head_pose,False,False,False,1,0,
Twitch streamer starts to fall asleep while driving....mp4,True,35.333,0.5209,0.3766,0.1225,0.0053,0.0053,True,gaze_stable,gaze_plus_head_pose,-1.92,9.69,20.53,-0.908,-12.693,-1.767,False,0.0,False,False,not_tired,False,not_asleep,False,0.0,False,False,False,0.0,forward,gaze_or_head_pose,False,False,False,1,0,
Twitch streamer starts to fall asleep while driving....mp4,True,35.367,0.4955,0.3314,0.1224,0.0054,0.0054,True,gaze_stable,gaze_plus_head_pose,-2.9,11.07,19.66,-1.371,-12.305,-2.884,False,0.0,False,False,not_tired,False,not_asleep,False,0.0,False,False,False,0.0,forward,gaze_or_head_pose,False,False,False,1,0,
Twitch streamer starts to fall asleep while driving....mp4,True,35.4,0.4658,0.5457,0.1223,0.0051,0.0051,True,gaze_stable,gaze_plus_head_pose,-2.26,9.98,18.84,-1.502,-12.361,-3.912,False,0.0,False,False,not_tired,False,not_asleep,False,0.0,False,False,False,0.0,forward,gaze_or_head_pose,False,False,False,1,0,
Twitch streamer starts to fall asleep while driving....mp4,True,35.433,0.5172,0.4766,0.1222,0.0045,0.0045,True,gaze_stable,gaze_plus_head_pose,-3.66,8.47,18.77,-2.015,-12.853,-4.652,False,0.0,False,False,not_tired,False,not_asleep,False,0.0,False,False,False,0.0,forward,gaze_or_head_pose,False,False,False,1,0,
Twitch streamer starts to fall asleep while driving....mp4,True,35.467,0.5243,0.7126,0.1221,0.0044,0.0044,True,gaze_stable,gaze_plus_head_pose,-3.54,8.65,18.33,-2.337,-13.143,-5.303,False,0.0,False,False,not_tired,False,not_asleep,False,0.0,False,False,False,0.0,forward,gaze_or_head_pose,False,False,False,1,0,
Twitch streamer starts to fall asleep while driving....mp4,True,35.5,0.4711,0.756,0.122,0.0044,0.0044,True,gaze_stable,gaze_plus_head_pose,-3.94,8.05,17.91,-2.683,-13.526,-5.884,False,0.0,False,False,not_tired,False,not_asleep,False,0.0,False,False,False,0.0,forward,gaze_or_head_pose,False,False,False,1,0,
Twitch streamer starts to fall asleep while driving....mp4,True,35.533,0.2497,0.7946,0.1218,0.0027,0.0027,True,gaze_stable,gaze_plus_head_pose,-3.97,9.5,17.16,-2.934,-13.359,-6.516,False,0.0,False,False,not_tired,False,not_asleep,False,0.0,False,False,False,0.0,forward,gaze_or_head_pose,False,False,False,1,0,
Twitch streamer starts to fall asleep while driving....mp4,True,35.567,0.0353,0.6597,0.1227,0.0025,0.0,False,eyes_too_closed,head_pose_only,-4.47,9.68,16.53,-3.26,-13.188,-7.147,True,0.0,False,False,not_tired,False,not_asleep,False,0.0,False,False,False,0.0,forward,head_pose_only,False,False,False,1,0,
Twitch streamer starts to fall asleep while driving....mp4,True,35.6,0.0539,0.7415,0.1235,0.0014,0.0,False,eyes_too_closed,head_pose_only,-5.16,8.72,15.93,-3.695,-13.357,-7.769,True,0.033,False,False,not_tired,False,not_asleep,False,0.0,False,False,False,0.0,forward,head_pose_only,False,False,False,1,0,
Twitch streamer starts to fall asleep while driving....mp4,True,35.633,0.0236,0.6002,0.1243,0.0035,0.0,False,eyes_too_closed,head_pose_only,-4.88,9.35,14.81,-3.915,-13.286,-8.54,True,0.067,False,False,not_tired,False,not_asleep,False,0.0,False,False,False,0.0,forward,head_pose_only,False,False,False,1,0,
Twitch streamer starts to fall asleep while driving....mp4,True,35.667,0.0238,0.5499,0.1251,0.0033,0.0,False,eyes_too_closed,head_pose_only,-5.34,9.29,15.06,-4.208,-13.254,-9.005,True,0.1,False,False,not_tired,False,not_asleep,False,0.0,False,False,False,0.0,forward,head_pose_only,False,False,False,1,0,
Twitch streamer starts to fall asleep while driving....mp4,True,35.7,0.0225,0.6059,0.1259,0.0023,0.0,False,eyes_too_closed,head_pose_only,-5.42,7.95,13.91,-4.436,-13.634,-9.676,True,0.133,False,False,not_tired,False,not_asleep,False,0.0,False,False,False,0.0,forward,head_pose_only,False,False,False,1,0,
Twitch streamer starts to fall asleep while driving....mp4,True,35.733,0.0214,0.6106,0.1267,0.0036,0.0,False,eyes_too_closed,head_pose_only,-5.79,7.73,14.95,-4.708,-13.966,-9.833,True,0.167,False,False,not_tired,False,not_asleep,False,0.0,False,False,False,0.0,forward,head_pose_only,False,False,False,1,0,
Twitch streamer starts to fall asleep while driving....mp4,True,35.767,0.0255,0.5451,0.1276,0.0033,0.0,False,eyes_too_closed,head_pose_only,-5.91,9.03,12.68,-4.933,-13.808,-10.624,True,0.2,False,False,not_tired,False,not_asleep,False,0.0,False,False,False,0.0,forward,head_pose_only,False,False,False,1,0,
Twitch streamer starts to fall asleep while driving....mp4,True,35.8,0.0201,0.5727,0.1284,0.0037,0.0,False,eyes_too_closed,head_pose_only,-5.57,7.67,14.29,-4.989,-14.106,-10.695,True,0.233,False,False,not_tired,False,not_asleep,False,0.0,False,False,False,0.0,forward,head_pose_only,False,False,False,1,0,
Twitch streamer starts to fall asleep while driving....mp4,True,35.833,0.0182,0.598,0.1292,0.0039,0.0,False,eyes_too_closed,head_pose_only,-5.69,8.4,12.33,-5.065,-14.095,-11.332,True,0.267,False,False,not_tired,False,not_asleep,False,0.0,False,False,False,0.0,forward,head_pose_only,False,False,False,1,0,
Twitch streamer starts to fall asleep while driving....mp4,True,35.867,0.0345,0.5639,0.13,0.0026,0.0,False,eyes_too_closed,head_pose_only,-5.4,6.91,12.59,-5.03,-14.534,-11.701,True,0.3,False,False,not_tired,False,not_asleep,False,0.0,False,False,False,0.0,forward,head_pose_only,False,False,False,1,0,
Twitch streamer starts to fall asleep while driving....mp4,True,35.9,0.0348,0.5282,0.1308,0.0021,0.0,False,eyes_too_closed,head_pose_only,-6.0,6.9,11.53,-5.186,-14.845,-12.276,True,0.333,False,False,not_tired,False,not_asleep,False,0.0,False,False,False,0.0,forward,head_pose_only,False,False,False,1,0,
Twitch streamer starts to fall asleep while driving....mp4,True,35.933,0.0458,0.6771,0.1316,0.0028,0.0,False,eyes_too_closed,head_pose_only,-5.37,6.61,11.69,-5.106,-15.15,-12.632,True,0.367,False,False,not_tired,False,not_asleep,False,0.0,False,False,False,0.0,forward,head_pose_only,False,False,False,1,0,
Twitch streamer starts to fall asleep while driving....mp4,True,35.967,0.0289,0.5631,0.1324,0.0029,0.0,False,eyes_too_closed,head_pose_only,-6.19,6.12,12.06,-5.296,-15.51,-12.769,True,0.4,False,False,not_tired,False,not_asleep,False,0.0,False,False,False,0.0,forward,head_pose_only,False,False,False,1,0,
Twitch streamer starts to fall asleep while driving....mp4,True,36.0,0.0377,0.571,0.1332,0.0027,0.0,False,eyes_too_closed,head_pose_only,-5.23,6.78,11.4,-5.141,-15.564,-13.063,True,0.433,False,False,not_tired,False,not_asleep,False,0.0,False,False,False,0.0,forward,head_pose_only,False,False,False,1,0,
Twitch streamer starts to fall asleep while driving....mp4,True,36.033,0.0384,0.548,0.134,0.001,0.0,False,eyes_too_closed,head_pose_only,-4.67,5.62,12.92,-4.865,-15.95,-12.813,True,0.467,False,False,not_tired,False,not_asleep,False,0.0,False,False,False,0.0,forward,head_pose_only,False,False,False,1,0,
Twitch streamer starts to fall asleep while driving....mp4,True,36.067,0.046,0.5842,0.1348,0.0015,0.0,False,eyes_too_closed,head_pose_only,-4.81,6.2,11.97,-4.714,-16.046,-12.923,True,0.5,False,False,not_tired,False,not_asleep,False,0.0,False,False,False,0.0,forward,head_pose_only,False,False,False,1,0,
Twitch streamer starts to fall asleep while driving....mp4,True,36.1,0.1767,0.6062,0.1356,0.0033,0.0,False,eyes_too_closed,head_pose_only,-4.35,4.19,12.85,-3.9,-18.28,-12.3,True,0.533,False,False,not_tired,False,sleep_pose_counting,True,0.0,True,False,False,0.0,head_away,head_pose_only,False,False,False,1,0,
Twitch streamer starts to fall asleep while driving....mp4,True,36.133,0.2521,0.5928,0.1355,0.0048,0.0,False,gaze_stable,head_pose_only,-4.99,3.55,12.74,-4.54,-18.92,-12.41,True,0.567,False,True,slow_eye_closure,False,sleep_pose_counting,True,0.033,True,False,False,0.033,head_away,head_pose_only,False,False,False,1,0,
Twitch streamer starts to fall asleep while driving....mp4,True,36.167,0.3856,0.5917,0.1354,0.0052,0.0,False,gaze_stable,head_pose_only,-3.87,4.43,12.52,-3.42,-18.04,-12.63,True,0.6,False,True,slow_eye_closure,False,sleep_pose_counting,True,0.067,True,False,False,0.067,head_away,head_pose_only,False,False,False,1,0,
Twitch streamer starts to fall asleep while driving....mp4,True,36.2,0.4137,0.674,0.1352,0.0053,0.0,False,gaze_stable,head_pose_only,-4.78,3.2,14.32,-4.33,-19.27,-10.83,True,0.633,False,True,slow_eye_closure,False,sleep_pose_counting,True,0.1,True,False,False,0.1,head_away,head_pose_only,False,False,False,1,0,
Twitch streamer starts to fall asleep while driving....mp4,True,36.233,0.3887,0.667,0.1351,0.0054,0.0,False,gaze_stable,head_pose_only,-3.84,3.58,12.47,-3.39,-18.89,-12.68,True,0.667,False,True,slow_eye_closure,False,sleep_pose_counting,True,0.133,True,False,False,0.133,head_away,head_pose_only,False,False,False,1,0,
Twitch streamer starts to fall asleep while driving....mp4,True,36.267,0.399,0.6237,0.135,0.0052,0.0,False,gaze_stable,head_pose_only,-4.46,2.95,13.95,-4.01,-19.52,-11.2,False,0.0,False,True,slow_eye_closure,False,sleep_pose_counting,True,0.167,True,False,False,0.167,head_away,head_pose_only,False,False,False,1,0,
Twitch streamer starts to fall asleep while driving....mp4,True,36.3,0.3676,0.6564,0.1349,0.0052,0.0,False,gaze_stable,head_pose_only,-3.31,3.67,13.19,-2.86,-18.8,-11.96,False,0.0,False,True,slow_eye_closure,False,sleep_pose_counting,True,0.2,True,False,False,0.2,head_away,head_pose_only,False,False,False,1,0,
Twitch streamer starts to fall asleep while driving....mp4,True,36.333,0.3937,0.5718,0.1347,0.0047,0.0,False,gaze_stable,head_pose_only,-3.94,2.14,14.75,-3.49,-20.33,-10.4,False,0.0,False,True,slow_eye_closure,False,sleep_pose_counting,True,0.233,True,False,False,0.233,head_away,head_pose_only,False,False,False,1,0,
Twitch streamer starts to fall asleep while driving....mp4,True,36.367,0.3637,0.5714,0.1346,0.0045,0.0045,True,gaze_stable,gaze_plus_head_pose,-3.27,2.91,14.39,-2.82,-19.56,-10.76,False,0.0,False,True,slow_eye_closure,False,sleep_pose_counting,True,0.267,True,False,False,0.267,head_away,gaze_or_head_pose,False,False,False,1,0,
Twitch streamer starts to fall asleep while driving....mp4,True,36.4,0.3971,0.6235,0.1345,0.0035,0.0035,True,gaze_stable,gaze_plus_head_pose,-3.75,2.55,13.92,-3.3,-19.92,-11.23,False,0.0,False,True,slow_eye_closure,False,sleep_pose_counting,True,0.3,True,False,False,0.3,head_away,gaze_or_head_pose,False,False,False,1,0,
Twitch streamer starts to fall asleep while driving....mp4,True,36.433,0.3897,0.6702,0.1344,0.0038,0.0038,True,gaze_stable,gaze_plus_head_pose,-2.55,1.25,15.14,-2.1,-21.22,-10.01,False,0.0,False,True,slow_eye_closure,False,sleep_pose_counting,True,0.333,True,False,False,0.333,head_away,gaze_or_head_pose,False,False,False,1,0,
Twitch streamer starts to fall asleep while driving....mp4,True,36.467,0.3971,0.6281,0.1342,0.0043,0.0043,True,gaze_stable,gaze_plus_head_pose,-2.85,3.02,14.79,-2.4,-19.45,-10.36,False,0.0,False,True,slow_eye_closure,False,sleep_pose_counting,True,0.367,True,False,False,0.367,head_away,gaze_or_head_pose,False,False,False,1,0,
Twitch streamer starts to fall asleep while driving....mp4,True,36.5,0.4382,0.5986,0.1341,0.0039,0.0039,True,gaze_stable,gaze_plus_head_pose,-2.59,0.18,15.44,-2.14,-22.29,-9.71,False,0.0,False,True,slow_eye_closure,False,sleep_pose_counting,True,0.4,True,False,False,0.4,head_away,gaze_or_head_pose,False,False,False,1,0,
Twitch streamer starts to fall asleep while driving....mp4,True,36.533,0.4246,0.5807,0.134,0.0043,0.0043,True,gaze_stable,gaze_plus_head_pose,-2.79,1.01,15.43,-2.34,-21.46,-9.72,False,0.0,False,True,slow_eye_closure,False,sleep_pose_counting,True,0.433,True,False,False,0.433,head_away,gaze_or_head_pose,False,False,False,1,0,
Twitch streamer starts to fall asleep while driving....mp4,True,36.567,0.4312,0.499,0.1339,0.005,0.005,True,gaze_stable,gaze_plus_head_pose,-2.72,-0.57,15.46,-2.27,-23.04,-9.69,False,0.0,False,True,slow_eye_closure,False,sleep_pose_counting,True,0.467,True,False,False,0.467,head_away,gaze_or_head_pose,False,False,False,1,0,
Twitch streamer starts to fall asleep while driving....mp4,True,36.6,0.4387,0.5655,0.1338,0.0036,0.0036,True,gaze_stable,gaze_plus_head_pose,-1.87,-0.23,15.36,-1.42,-22.7,-9.79,False,0.0,False,True,slow_eye_closure,False,sleep_pose_counting,True,0.5,True,False,False,0.5,head_away,gaze_or_head_pose,False,False,False,1,0,
Twitch streamer starts to fall asleep while driving....mp4,True,36.633,0.4261,0.5494,0.1336,0.0043,0.0043,True,gaze_stable,gaze_plus_head_pose,-2.74,-0.84,16.89,-2.29,-23.31,-8.26,False,0.0,False,True,slow_eye_closure,False,sleep_pose_counting,True,0.533,True,False,False,0.533,head_away,gaze_or_head_pose,False,False,False,1,0,
Twitch streamer starts to fall asleep while driving....mp4,True,36.667,0.4331,0.5347,0.1335,0.0039,0.0039,True,gaze_stable,gaze_plus_head_pose,-1.93,-2.11,16.63,-1.48,-24.58,-8.52,False,0.0,False,True,slow_eye_closure,False,sleep_pose_counting,True,0.567,True,False,False,0.567,head_away,gaze_or_head_pose,False,False,False,1,0,
Twitch streamer starts to fall asleep while driving....mp4,True,36.7,0.4664,0.534,0.1334,0.005,0.005,True,gaze_stable,gaze_plus_head_pose,-3.39,-3.25,17.45,-2.94,-25.72,-7.7,False,0.0,False,True,slow_eye_closure,False,sleep_pose_counting,True,0.6,True,False,False,0.6,head_away,gaze_or_head_pose,False,False,False,1,0,
Twitch streamer starts to fall asleep while driving....mp4,True,36.733,0.4364,0.5862,0.1333,0.0056,0.0056,True,gaze_stable,gaze_plus_head_pose,-2.32,-1.91,17.27,-1.87,-24.38,-7.88,False,0.0,False,True,slow_eye_closure,False,sleep_pose_counting,True,0.633,True,False,False,0.633,head_away,gaze_or_head_pose,False,False,False,1,0,
Twitch streamer starts to fall asleep while driving....mp4,True,36.767,0.4302,0.5288,0.1332,0.0042,0.0042,True,gaze_stable,gaze_plus_head_pose,-2.46,-2.67,16.52,-2.01,-25.14,-8.63,False,0.0,False,True,slow_eye_closure,False,sleep_pose_counting,True,0.667,True,False,False,0.667,head_away,gaze_or_head_pose,False,False,False,1,0,
Twitch streamer starts to fall asleep while driving....mp4,True,36.8,0.4342,0.5559,0.133,0.0043,0.0043,True,gaze_stable,gaze_plus_head_pose,-2.77,-3.21,17.31,-2.32,-25.68,-7.84,False,0.0,False,True,slow_eye_closure,False,sleep_pose_counting,True,0.7,True,False,False,0.7,head_away,gaze_or_head_pose,False,False,False,1,0,
Twitch streamer starts to fall asleep while driving....mp4,True,36.833,0.4422,0.5638,0.1329,0.0047,0.0047,True,gaze_stable,gaze_plus_head_pose,-1.9,-2.57,16.62,-1.45,-25.04,-8.53,False,0.0,False,True,slow_eye_closure,False,sleep_pose_counting,True,0.733,True,False,False,0.733,head_away,gaze_or_head_pose,False,False,False,1,0,
Twitch streamer starts to fall asleep while driving....mp4,True,36.867,0.435,0.5238,0.1328,0.005,0.005,True,gaze_stable,gaze_plus_head_pose,-2.27,-3.36,16.99,-1.82,-25.83,-8.16,False,0.0,False,True,slow_eye_closure,False,sleep_pose_counting,True,0.767,True,False,False,0.767,head_away,gaze_or_head_pose,False,False,False,1,0,
Twitch streamer starts to fall asleep while driving....mp4,True,36.9,0.3769,0.5016,0.1327,0.0045,0.0045,True,gaze_stable,gaze_plus_head_pose,-1.69,-1.26,16.19,-1.24,-23.73,-8.96,False,0.0,False,True,slow_eye_closure,False,sleep_pose_counting,True,0.8,True,False,False,0.8,head_away,gaze_or_head_pose,False,False,False,1,0,
Twitch streamer starts to fall asleep while driving....mp4,True,36.933,0.0583,0.515,0.1335,0.0025,0.0,False,eyes_too_closed,head_pose_only,-1.68,-2.17,17.93,-1.23,-24.64,-7.22,True,0.0,False,True,slow_eye_closure,False,sleep_pose_counting,True,0.833,True,False,False,0.833,head_away,head_pose_only,False,False,False,1,0,
Twitch streamer starts to fall asleep while driving....mp4,True,36.967,0.0543,0.5156,0.1342,0.0025,0.0,False,eyes_too_closed,head_pose_only,-1.77,-2.26,17.12,-1.32,-24.73,-8.03,True,0.033,False,True,heavy_eyelids,False,sleep_pose_counting,True,0.867,True,False,False,0.867,head_away,head_pose_only,False,False,False,1,0,
Twitch streamer starts to fall asleep while driving....mp4,True,37.0,0.0698,0.5607,0.135,0.002,0.0,False,eyes_too_closed,head_pose_only,-0.96,-2.13,19.05,-0.51,-24.6,-6.1,True,0.067,False,True,heavy_eyelids,False,sleep_pose_counting,True,0.9,True,False,False,0.9,head_away,head_pose_only,False,False,False,1,0,
Twitch streamer starts to fall asleep while driving....mp4,True,37.033,0.0705,0.4833,0.1358,0.001,0.0,False,eyes_too_closed,head_pose_only,-1.47,-3.11,18.65,-1.02,-25.58,-6.5,True,0.1,False,True,heavy_eyelids,False,sleep_pose_counting,True,0.933,True,False,False,0.933,head_away,head_pose_only,False,False,False,1,0,
Twitch streamer starts to fall asleep while driving....mp4,True,37.067,0.0647,0.5213,0.1366,0.0015,0.0,False,eyes_too_closed,head_pose_only,-0.4,-1.83,18.68,0.05,-24.3,-6.47,True,0.133,False,True,heavy_eyelids,False,sleep_pose_counting,True,0.967,True,False,False,0.967,head_away,head_pose_only,False,False,False,1,0,
Twitch streamer starts to fall asleep while driving....mp4,True,37.1,0.0647,0.516,0.1373,0.0018,0.0,False,eyes_too_closed,head_pose_only,-1.58,-3.95,19.46,-1.13,-26.42,-5.69,True,0.167,False,True,heavy_eyelids,False,sleep_pose_counting,True,1.0,True,False,False,1.0,head_away,head_pose_only,False,False,False,1,0,
Twitch streamer starts to fall asleep while driving....mp4,True,37.133,0.0505,0.5547,0.1381,0.0007,0.0,False,eyes_too_closed,head_pose_only,-0.63,-1.18,18.61,-0.18,-23.65,-6.54,True,0.2,False,True,heavy_eyelids,False,sleep_pose_counting,True,1.033,True,False,False,1.033,head_away,head_pose_only,False,False,False,1,0,
Twitch streamer starts to fall asleep while driving....mp4,True,37.167,0.0605,0.4946,0.1389,0.0025,0.0,False,eyes_too_closed,head_pose_only,-2.26,-1.92,17.49,-1.81,-24.39,-7.66,True,0.233,False,True,heavy_eyelids,False,sleep_pose_counting,True,1.067,True,False,False,1.067,head_away,head_pose_only,False,False,False,1,0,
Twitch streamer starts to fall asleep while driving....mp4,True,37.2,0.0536,0.528,0.1397,0.0022,0.0,False,eyes_too_closed,head_pose_only,-1.56,-1.63,17.04,-1.11,-24.1,-8.11,True,0.267,False,True,heavy_eyelids,False,sleep_pose_counting,True,1.1,True,False,False,1.1,head_away,head_pose_only,False,False,False,1,0,
Twitch streamer starts to fall asleep while driving....mp4,True,37.233,0.0545,0.5711,0.1404,0.0027,0.0,False,eyes_too_closed,head_pose_only,-3.07,-0.12,15.67,-2.62,-22.59,-9.48,True,0.3,False,True,heavy_eyelids,False,sleep_pose_counting,True,1.133,True,False,False,1.133,head_away,head_pose_only,False,False,False,1,0,
Twitch streamer starts to fall asleep while driving....mp4,True,37.267,0.0575,0.5464,0.1412,0.0019,0.0,False,eyes_too_closed,head_pose_only,-2.52,-2.68,16.03,-2.07,-25.15,-9.12,True,0.333,False,True,heavy_eyelids,False,sleep_pose_counting,True,1.167,True,False,False,1.167,head_away,head_pose_only,False,False,False,1,0,
Twitch streamer starts to fall asleep while driving....mp4,True,37.3,0.0559,0.5311,0.142,0.0027,0.0,False,eyes_too_closed,head_pose_only,-3.3,-1.62,15.66,-2.85,-24.09,-9.49,True,0.367,False,True,heavy_eyelids,False,sleep_pose_counting,True,1.2,True,False,False,1.2,head_away,head_pose_only,False,False,False,1,0,
Twitch streamer starts to fall asleep while driving....mp4,True,37.333,0.0767,0.533,0.1427,0.0029,0.0,False,eyes_too_closed,head_pose_only,-3.52,-2.24,15.92,-3.07,-24.71,-9.23,True,0.4,False,True,heavy_eyelids,False,sleep_pose_counting,True,1.233,True,False,False,1.233,head_away,head_pose_only,False,False,False,1,0,
Twitch streamer starts to fall asleep while driving....mp4,True,37.367,0.062,0.5615,0.1435,0.0015,0.0,False,eyes_too_closed,head_pose_only,-2.32,-0.87,15.81,-1.87,-23.34,-9.34,True,0.433,False,True,heavy_eyelids,False,sleep_pose_counting,True,1.267,True,False,False,1.267,head_away,head_pose_only,False,False,False,1,0,
Twitch streamer starts to fall asleep while driving....mp4,True,37.4,0.0444,0.5076,0.1443,0.0024,0.0,False,eyes_too_closed,head_pose_only,-3.15,-0.81,15.94,-2.7,-23.28,-9.21,True,0.467,False,True,heavy_eyelids,False,sleep_pose_counting,True,1.3,True,False,False,1.3,head_away,head_pose_only,False,False,False,1,0,
Twitch streamer starts to fall asleep while driving....mp4,True,37.433,0.0914,0.4969,0.145,0.0021,0.0,False,eyes_too_closed,head_pose_only,-2.21,-0.79,15.0,-1.76,-23.26,-10.15,True,0.5,False,True,heavy_eyelids,False,sleep_pose_counting,True,1.333,True,False,False,1.333,head_away,head_pose_only,False,False,False,1,0,
Twitch streamer starts to fall asleep while driving....mp4,True,37.467,0.2382,0.5861,0.1449,0.0033,0.0,False,gaze_stable,head_pose_only,-3.44,-0.16,15.04,-2.99,-22.63,-10.11,True,0.533,False,True,heavy_eyelids,False,sleep_pose_counting,True,1.367,True,False,False,1.367,head_away,head_pose_only,False,False,False,1,0,
Twitch streamer starts to fall asleep while driving....mp4,True,37.5,0.4881,0.4999,0.1448,0.0055,0.0,False,gaze_stable,head_pose_only,-2.49,0.01,13.61,-2.04,-22.46,-11.54,True,0.567,False,True,slow_eye_closure,False,sleep_pose_counting,True,1.4,True,False,False,1.4,head_away,head_pose_only,False,False,False,1,0,
Twitch streamer starts to fall asleep while driving....mp4,True,37.533,0.5758,0.5669,0.1446,0.0038,0.0,False,gaze_stable,head_pose_only,-2.85,0.65,13.28,-2.4,-21.82,-11.87,True,0.6,False,True,slow_eye_closure,False,sleep_pose_counting,True,1.433,True,False,False,1.433,head_away,head_pose_only,False,False,False,1,0,
Twitch streamer starts to fall asleep while driving....mp4,True,37.567,0.5713,0.5389,0.1445,0.0046,0.0,False,gaze_stable,head_pose_only,-3.25,0.71,12.02,-2.8,-21.76,-13.13,True,0.633,False,True,slow_eye_closure,False,sleep_pose_counting,True,1.467,True,False,False,1.467,head_away,head_pose_only,False,False,False,1,0,
Twitch streamer starts to fall asleep while driving....mp4,True,37.6,0.6604,0.59,0.1444,0.0038,0.0,False,gaze_stable,head_pose_only,-2.78,0.15,11.4,-2.33,-22.32,-13.75,False,0.0,False,True,active_hold,False,sleep_pose_counting,True,1.5,True,False,False,1.5,head_away,head_pose_only,False,False,False,1,0,
Twitch streamer starts to fall asleep while driving....mp4,True,37.633,0.6013,0.5192,0.1442,0.0035,0.0,False,gaze_stable,head_pose_only,-3.67,-0.31,11.43,-3.22,-22.78,-13.72,False,0.0,False,True,active_hold,False,sleep_pose_counting,True,1.533,True,False,False,1.533,head_away,head_pose_only,False,False,False,1,0,
Twitch streamer starts to fall asleep while driving....mp4,True,37.667,0.6416,0.5772,0.1441,0.0039,0.0,False,gaze_stable,head_pose_only,-2.99,0.37,11.53,-2.54,-22.1,-13.62,False,0.0,False,True,active_hold,False,sleep_pose_counting,True,1.567,True,False,False,1.567,head_away,head_pose_only,False,False,False,1,0,
Twitch streamer starts to fall asleep while driving....mp4,True,37.7,0.6334,0.5517,0.144,0.0033,0.0033,True,gaze_stable,gaze_plus_head_pose,-3.63,1.51,11.97,-3.18,-20.96,-13.18,False,0.0,False,True,active_hold,False,sleep_pose_counting,True,1.6,True,False,False,1.6,head_away,gaze_or_head_pose,False,False,False,1,0,
Twitch streamer starts to fall asleep while driving....mp4,True,37.733,0.6595,0.5666,0.1439,0.0035,0.0035,True,gaze_stable,gaze_plus_head_pose,-3.99,-0.12,13.18,-3.54,-22.59,-11.97,False,0.0,False,True,active_hold,False,sleep_pose_counting,True,1.633,True,False,False,1.633,head_away,gaze_or_head_pose,False,False,False,1,0,
Twitch streamer starts to fall asleep while driving....mp4,True,37.767,0.6532,0.5756,0.1437,0.0036,0.0036,True,gaze_stable,gaze_plus_head_pose,-5.35,1.02,14.23,-4.9,-21.45,-10.92,False,0.0,False,True,active_hold,False,sleep_pose_counting,True,1.667,True,False,False,1.667,head_away,gaze_or_head_pose,False,False,False,1,0,
Twitch streamer starts to fall asleep while driving....mp4,True,37.8,0.6375,0.5299,0.1436,0.0041,0.0041,True,gaze_stable,gaze_plus_head_pose,-5.82,1.17,15.02,-5.37,-21.3,-10.13,False,0.0,False,True,active_hold,False,sleep_pose_counting,True,1.7,True,False,False,1.7,head_away,gaze_or_head_pose,False,False,False,1,0,
Twitch streamer starts to fall asleep while driving....mp4,True,37.833,0.6336,0.5009,0.1435,0.0038,0.0038,True,gaze_stable,gaze_plus_head_pose,-5.89,0.85,17.47,-5.44,-21.62,-7.68,False,0.0,False,True,active_hold,False,sleep_pose_counting,True,1.733,True,False,False,1.733,head_away,gaze_or_head_pose,False,False,False,1,0,
Twitch streamer starts to fall asleep while driving....mp4,True,37.867,0.6694,0.6375,0.1434,0.0047,0.0047,True,gaze_stable,gaze_plus_head_pose,-5.77,1.02,19.82,-5.32,-21.45,-5.33,False,0.0,False,True,active_hold,False,sleep_pose_counting,True,1.767,True,False,False,1.767,head_away,gaze_or_head_pose,False,False,False,1,0,
Twitch streamer starts to fall asleep while driving....mp4,True,37.9,0.6111,0.6348,0.1432,0.0063,0.0063,True,gaze_stable,gaze_plus_head_pose,-4.96,2.43,23.48,-4.51,-20.04,-1.67,False,0.0,False,True,active_hold,False,sleep_pose_counting,True,1.8,True,False,False,1.8,head_away,gaze_or_head_pose,False,False,False,1,0,
Twitch streamer starts to fall asleep while driving....mp4,True,37.933,0.6193,0.7227,0.1431,0.0086,0.0086,True,gaze_stable,gaze_plus_head_pose,-3.59,3.61,24.59,-3.14,-18.86,-0.56,False,0.0,False,True,active_hold,False,sleep_pose_counting,True,1.833,True,False,False,1.833,head_away,gaze_or_head_pose,False,False,False,1,0,
Twitch streamer starts to fall asleep while driving....mp4,True,37.967,0.6445,0.6784,0.143,0.0084,0.0084,True,gaze_stable,gaze_plus_head_pose,-2.61,2.96,25.31,-2.16,-19.51,0.16,False,0.0,False,True,active_hold,False,sleep_pose_counting,True,1.867,True,False,False,1.867,head_away,gaze_or_head_pose,False,False,False,1,0,
Twitch streamer starts to fall asleep while driving....mp4,True,38.0,0.633,0.7654,0.1429,0.0085,0.0085,True,gaze_stable,gaze_plus_head_pose,-2.41,2.27,28.15,-1.96,-20.2,3.0,False,0.0,False,True,active_hold,False,sleep_pose_counting,True,1.9,True,False,False,1.9,head_away,gaze_or_head_pose,False,False,False,1,0,
Twitch streamer starts to fall asleep while driving....mp4,True,38.033,0.5829,0.7791,0.1427,0.0117,0.0117,True,gaze_stable,gaze_plus_head_pose,-1.16,2.17,26.99,-0.71,-20.3,1.84,False,0.0,False,True,active_hold,False,sleep_pose_counting,True,1.933,True,False,False,1.933,head_away,gaze_or_head_pose,False,False,False,1,0,
Twitch streamer starts to fall asleep while driving....mp4,True,38.067,0.651,0.8956,0.1426,0.0075,0.0075,True,gaze_stable,gaze_plus_head_pose,-0.73,0.84,30.55,-0.28,-21.63,5.4,False,0.0,False,True,active_hold,False,sleep_pose_counting,True,1.967,True,False,False,1.967,head_away,gaze_or_head_pose,False,False,False,1,0,
Twitch streamer starts to fall asleep while driving....mp4,True,38.1,0.6427,0.8136,0.1425,0.0077,0.0077,True,gaze_stable,gaze_plus_head_pose,1.2,0.74,31.18,1.65,-21.73,6.03,False,0.0,False,True,active_hold,False,sleep_pose_counting,True,2.0,True,False,False,2.0,head_away,gaze_or_head_pose,False,False,False,1,0,
Twitch streamer starts to fall asleep while driving....mp4,True,38.133,0.58,0.6756,0.1424,0.0073,0.0073,True,gaze_stable,gaze_plus_head_pose,-0.62,-0.26,31.18,-0.17,-22.73,6.03,False,0.0,False,True,active_hold,False,sleep_pose_counting,True,2.033,True,False,False,2.033,head_away,gaze_or_head_pose,False,False,False,1,0,
Twitch streamer starts to fall asleep while driving....mp4,True,38.167,0.7113,0.9277,0.1422,0.0067,0.0067,True,gaze_stable,gaze_plus_head_pose,1.97,1.02,33.46,2.42,-21.45,8.31,False,0.0,False,True,active_hold,False,sleep_pose_counting,True,2.067,True,False,False,2.067,head_away,gaze_or_head_pose,False,False,False,1,0,
Twitch streamer starts to fall asleep while driving....mp4,True,38.2,0.6641,0.6865,0.1421,0.006,0.006,True,gaze_stable,gaze_plus_head_pose,0.57,-1.01,30.96,1.02,-23.48,5.81,False,0.0,False,True,active_hold,False,sleep_pose_counting,True,2.1,True,False,False,2.1,head_away,gaze_or_head_pose,False,False,False,1,0,
Twitch streamer starts to fall asleep while driving....mp4,True,38.233,0.6995,0.6457,0.142,0.0056,0.0056,True,gaze_stable,gaze_plus_head_pose,1.84,1.46,29.43,2.29,-21.01,4.28,False,0.0,False,True,active_hold,False,sleep_pose_counting,True,2.133,True,False,False,2.133,head_away,gaze_or_head_pose,False,False,False,1,0,
Twitch streamer starts to fall asleep while driving....mp4,True,38.267,0.6577,0.6406,0.1419,0.0058,0.0058,True,gaze_stable,gaze_plus_head_pose,3.2,1.31,29.08,3.65,-21.16,3.93,False,0.0,False,True,active_hold,False,sleep_pose_counting,True,2.167,True,False,False,2.167,head_away,gaze_or_head_pose,False,False,False,1,0,
Twitch streamer starts to fall asleep while driving....mp4,True,38.3,0.2735,0.7364,0.1417,0.0044,0.0044,True,gaze_stable,gaze_plus_head_pose,2.68,1.57,29.11,3.13,-20.9,3.96,False,0.0,False,True,heavy_eyelids,False,sleep_pose_counting,True,2.2,True,False,False,2.2,head_away,gaze_or_head_pose,False,False,False,1,0,
Twitch streamer starts to fall asleep while driving....mp4,True,38.333,0.1192,0.7412,0.1425,0.0032,0.0,False,eyes_too_closed,head_pose_only,3.27,2.83,27.84,3.72,-19.64,2.69,True,0.0,False,True,heavy_eyelids,False,sleep_pose_counting,True,2.233,True,False,False,2.233,head_away,head_pose_only,False,False,False,1,0,
Twitch streamer starts to fall asleep while driving....mp4,True,38.367,0.0956,0.6452,0.1432,0.0029,0.0,False,eyes_too_closed,head_pose_only,1.45,-1.32,25.73,1.9,-23.79,0.58,True,0.033,False,True,heavy_eyelids,False,sleep_pose_counting,True,2.267,True,False,False,2.267,head_away,head_pose_only,False,False,False,1,0,
Twitch streamer starts to fall asleep while driving....mp4,True,38.4,0.3464,0.5397,0.1431,0.0035,0.0,False,gaze_stable,head_pose_only,0.32,-2.57,23.74,0.77,-25.04,-1.41,True,0.067,False,True,active_hold,False,sleep_pose_counting,True,2.3,True,False,False,2.3,head_away,head_pose_only,False,False,False,1,0,
Twitch streamer starts to fall asleep while driving....mp4,True,38.433,0.4617,0.5222,0.143,0.0041,0.0,False,gaze_stable,head_pose_only,-0.22,-1.36,21.93,0.23,-23.83,-3.22,True,0.1,False,True,active_hold,False,sleep_pose_counting,True,2.333,True,False,False,2.333,head_away,head_pose_only,False,False,False,1,0,
Twitch streamer starts to fall asleep while driving....mp4,True,38.467,0.4821,0.6303,0.1429,0.0046,0.0,False,gaze_stable,head_pose_only,-0.77,-2.13,19.66,-0.32,-24.6,-5.49,True,0.133,False,True,active_hold,False,sleep_pose_counting,True,2.367,True,False,False,2.367,head_away,head_pose_only,False,False,False,1,0,
Twitch streamer starts to fall asleep while driving....mp4,True,38.5,0.5443,0.6258,0.1427,0.005,0.0,False,gaze_stable,head_pose_only,-1.09,-2.26,17.71,-0.64,-24.73,-7.44,True,0.167,False,True,active_hold,False,sleep_pose_counting,True,2.4,True,False,False,2.4,head_away,head_pose_only,False,False,False,1,0,
Twitch streamer starts to fall asleep while driving....mp4,True,38.533,0.5595,0.524,0.1426,0.0038,0.0,False,gaze_stable,head_pose_only,-2.1,-2.39,15.47,-1.65,-24.86,-9.68,False,0.0,False,True,active_hold,False,sleep_pose_counting,True,2.433,True,False,False,2.433,head_away,head_pose_only,False,False,False,1,0,
Twitch streamer starts to fall asleep while driving....mp4,True,38.567,0.5759,0.4129,0.1425,0.0044,0.0,False,gaze_stable,head_pose_only,-3.25,-2.19,14.21,-2.8,-24.66,-10.94,False,0.0,False,True,active_hold,False,sleep_pose_counting,True,2.467,True,False,False,2.467,head_away,head_pose_only,False,False,False,1,0,
Twitch streamer starts to fall asleep while driving....mp4,True,38.6,0.5537,0.3447,0.1424,0.0045,0.0,False,gaze_stable,head_pose_only,-4.04,-2.52,13.28,-3.59,-24.99,-11.87,False,0.0,False,False,cleared_eyes_open,False,sleep_pose_counting,True,2.5,True,False,False,2.5,head_away,head_pose_only,False,False,False,1,0,
Twitch streamer starts to fall asleep while driving....mp4,True,38.633,0.5428,0.3534,0.1422,0.0036,0.0036,True,gaze_stable,gaze_plus_head_pose,-4.86,-2.05,12.11,-4.41,-24.52,-13.04,False,0.0,False,False,not_tired,False,sleep_pose_counting,True,2.533,True,False,False,2.533,head_away,gaze_or_head_pose,False,False,False,1,0,
Twitch streamer starts to fall asleep while driving....mp4,True,38.667,0.5633,0.4019,0.1421,0.0045,0.0045,True,gaze_stable,gaze_plus_head_pose,-5.09,-2.06,11.09,-4.64,-24.53,-14.06,False,0.0,False,False,not_tired,False,sleep_pose_counting,True,2.567,True,False,False,2.567,head_away,gaze_or_head_pose,False,False,False,1,0,
Twitch streamer starts to fall asleep while driving....mp4,True,38.7,0.5682,0.4002,0.142,0.0045,0.0045,True,gaze_stable,gaze_plus_head_pose,-6.75,-1.89,9.54,-6.3,-24.36,-15.61,False,0.0,False,False,not_tired,False,sleep_pose_counting,True,2.6,True,False,False,2.6,head_away,gaze_or_head_pose,False,False,False,1,0,
Twitch streamer starts to fall asleep while driving....mp4,True,38.733,0.55,0.3348,0.1419,0.004,0.004,True,gaze_stable,gaze_plus_head_pose,-6.1,-1.93,8.36,-5.65,-24.4,-16.79,False,0.0,False,False,not_tired,False,sleep_pose_counting,True,2.633,True,False,False,2.633,head_away,gaze_or_head_pose,False,False,False,1,0,
Twitch streamer starts to fall asleep while driving....mp4,True,38.767,0.5467,0.3182,0.1418,0.004,0.004,True,gaze_stable,gaze_plus_head_pose,-7.21,-1.55,7.31,-6.76,-24.02,-17.84,False,0.0,False,False,not_tired,False,sleep_pose_counting,True,2.667,True,False,False,2.667,head_away,gaze_or_head_pose,False,False,False,1,0,
Twitch streamer starts to fall asleep while driving....mp4,True,38.8,0.5289,0.3471,0.1416,0.0044,0.0044,True,gaze_stable,gaze_plus_head_pose,-7.68,-2.68,5.54,-7.23,-25.15,-19.61,False,0.0,False,False,not_tired,False,sleep_pose_counting,True,2.7,True,False,False,2.7,head_away,gaze_or_head_pose,False,False,False,1,0,
Twitch streamer starts to fall asleep while driving....mp4,True,38.833,0.5652,0.2642,0.1415,0.004,0.004,True,gaze_stable,gaze_plus_head_pose,-9.01,-3.65,4.65,-8.56,-26.12,-20.5,False,0.0,False,False,not_tired,False,sleep_pose_counting,True,2.733,True,False,False,2.733,head_away,gaze_or_head_pose,False,False,False,1,0,
Twitch streamer starts to fall asleep while driving....mp4,True,38.867,0.5558,0.303,0.1414,0.0044,0.0044,True,gaze_stable,gaze_plus_head_pose,-9.7,-4.23,4.38,-9.25,-26.7,-20.77,False,0.0,False,False,not_tired,False,sleep_pose_counting,True,2.767,True,False,False,2.767,head_away,gaze_or_head_pose,False,False,False,1,0,
Twitch streamer starts to fall asleep while driving....mp4,True,38.9,0.585,0.2911,0.1413,0.0047,0.0047,True,gaze_stable,gaze_plus_head_pose,-9.94,-4.36,3.32,-9.49,-26.83,-21.83,False,0.0,False,False,not_tired,False,sleep_pose_counting,True,2.8,True,False,False,2.8,head_away,gaze_or_head_pose,False,False,False,1,0,
Twitch streamer starts to fall asleep while driving....mp4,True,38.933,0.5339,0.2332,0.1411,0.0047,0.0047,True,gaze_stable,gaze_plus_head_pose,-10.44,-5.28,3.66,-9.99,-27.75,-21.49,False,0.0,False,False,not_tired,False,sleep_pose_counting,True,2.833,True,False,False,2.833,head_away,gaze_or_head_pose,False,False,False,1,0,
Twitch streamer starts to fall asleep while driving....mp4,True,38.967,0.5567,0.2449,0.141,0.0056,0.0056,True,gaze_stable,gaze_plus_head_pose,-10.27,-6.01,3.04,-9.82,-28.48,-22.11,False,0.0,False,False,not_tired,False,sleep_pose_counting,True,2.867,True,False,False,2.867,severe_head_pose,gaze_or_head_pose,False,False,False,1,0,
Twitch streamer starts to fall asleep while driving....mp4,True,39.0,0.5382,0.2161,0.1409,0.0058,0.0058,True,gaze_stable,gaze_plus_head_pose,-10.05,-5.9,2.37,-9.6,-28.37,-22.78,False,0.0,False,False,not_tired,False,sleep_pose_counting,True,2.9,True,False,False,2.9,severe_head_pose,gaze_or_head_pose,False,False,False,1,0,
Twitch streamer starts to fall asleep while driving....mp4,True,39.033,0.5347,0.249,0.1408,0.0052,0.0052,True,gaze_stable,gaze_plus_head_pose,-10.42,-6.26,2.9,-9.97,-28.73,-22.25,False,0.0,False,False,not_tired,False,sleep_pose_counting,True,2.933,True,False,False,2.933,severe_head_pose,gaze_or_head_pose,False,False,False,1,0,
Twitch streamer starts to fall asleep while driving....mp4,True,39.067,0.5255,0.2271,0.1407,0.0058,0.0058,True,gaze_stable,gaze_plus_head_pose,-10.3,-7.0,2.15,-9.85,-29.47,-23.0,False,0.0,False,False,not_tired,False,sleep_pose_counting,True,2.967,True,False,False,2.967,severe_head_pose,gaze_or_head_pose,False,False,False,1,0,
Twitch streamer starts to fall asleep while driving....mp4,True,39.1,0.5431,0.2246,0.1405,0.0056,0.0056,True,gaze_stable,gaze_plus_head_pose,-10.36,-7.31,2.67,-9.91,-29.78,-22.48,False,0.0,False,False,not_tired,True,head_down_sleep_pose,True,3.0,True,False,False,3.0,severe_head_pose,gaze_or_head_pose,False,False,False,1,0,
Twitch streamer starts to fall asleep while driving....mp4,True,39.133,0.5432,0.2846,0.1404,0.0058,0.0058,True,gaze_stable,gaze_plus_head_pose,-9.94,-7.44,2.23,-9.49,-29.91,-22.92,False,0.0,False,False,not_tired,True,head_down_sleep_pose,True,3.033,True,False,False,3.033,severe_head_pose,gaze_or_head_pose,False,False,False,1,0,
Twitch streamer starts to fall asleep while driving....mp4,True,39.167,0.5281,0.2538,0.1403,0.0053,0.0053,True,gaze_stable,gaze_plus_head_pose,-9.74,-6.89,2.91,-9.29,-29.36,-22.24,False,0.0,False,False,not_tired,True,head_down_sleep_pose,True,3.067,True,False,False,3.067,severe_head_pose,gaze_or_head_pose,False,False,False,1,0,
Twitch streamer starts to fall asleep while driving....mp4,True,39.2,0.5269,0.2598,0.1402,0.0055,0.0055,True,gaze_stable,gaze_plus_head_pose,-9.57,-7.15,2.86,-9.12,-29.62,-22.29,False,0.0,False,False,not_tired,True,head_down_sleep_pose,True,3.1,True,False,False,3.1,severe_head_pose,gaze_or_head_pose,False,False,False,1,0,
Twitch streamer starts to fall asleep while driving....mp4,True,39.233,0.5356,0.2604,0.1401,0.0052,0.0052,True,gaze_stable,gaze_plus_head_pose,-9.69,-7.29,3.61,-9.24,-29.76,-21.54,False,0.0,False,False,not_tired,True,head_down_sleep_pose,True,3.133,True,False,False,3.133,severe_head_pose,gaze_or_head_pose,False,False,False,1,0,
Twitch streamer starts to fall asleep while driving....mp4,True,39.267,0.5237,0.2505,0.1399,0.005,0.005,True,gaze_stable,gaze_plus_head_pose,-9.46,-6.92,3.52,-9.01,-29.39,-21.63,False,0.0,False,False,not_tired,True,head_down_sleep_pose,True,3.167,True,False,False,3.167,severe_head_pose,gaze_or_head_pose,False,False,False,1,0,
Twitch streamer starts to fall asleep while driving....mp4,True,39.3,0.533,0.2707,0.1398,0.0052,0.0052,True,gaze_stable,gaze_plus_head_pose,-9.35,-7.31,3.21,-8.9,-29.78,-21.94,False,0.0,False,False,not_tired,True,head_down_sleep_pose,True,3.2,True,False,False,3.2,severe_head_pose,gaze_or_head_pose,False,False,False,1,0,
Twitch streamer starts to fall asleep while driving....mp4,True,39.333,0.5506,0.2406,0.1397,0.0054,0.0054,True,gaze_stable,gaze_plus_head_pose,-9.57,-7.74,2.79,-9.12,-30.21,-22.36,False,0.0,False,False,not_tired,True,head_down_sleep_pose,True,3.233,True,False,False,3.233,severe_head_pose,gaze_or_head_pose,False,False,False,1,0,
Twitch streamer starts to fall asleep while driving....mp4,True,39.367,0.5623,0.2926,0.1396,0.0047,0.0047,True,gaze_stable,gaze_plus_head_pose,-10.32,-7.8,2.68,-9.87,-30.27,-22.47,False,0.0,False,False,not_tired,True,head_down_sleep_pose,True,3.267,True,False,False,3.267,severe_head_pose,gaze_or_head_pose,False,False,False,1,0,
Twitch streamer starts to fall asleep while driving....mp4,True,39.4,0.5162,0.2787,0.1395,0.0048,0.0048,True,gaze_stable,gaze_plus_head_pose,-9.99,-7.29,2.56,-9.54,-29.76,-22.59,False,0.0,False,False,not_tired,True,head_down_sleep_pose,True,3.3,True,False,False,3.3,severe_head_pose,gaze_or_head_pose,False,False,False,1,0,
Twitch streamer starts to fall asleep while driving....mp4,True,39.433,0.5412,0.1406,0.1394,0.0054,0.0054,True,gaze_stable,gaze_plus_head_pose,-10.15,-5.21,3.44,-9.7,-27.68,-21.71,False,0.0,False,False,not_tired,True,head_down_sleep_pose,True,3.333,True,False,False,3.333,head_away,gaze_or_head_pose,False,False,False,1,0,
Twitch streamer starts to fall asleep while driving....mp4,True,39.467,0.5671,0.0967,0.1392,0.0052,0.0052,True,gaze_stable,gaze_plus_head_pose,-10.01,-4.77,2.87,-9.56,-27.24,-22.28,False,0.0,False,False,not_tired,True,head_down_sleep_pose,True,3.367,True,False,False,3.367,head_away,gaze_or_head_pose,False,False,False,1,0,
Twitch streamer starts to fall asleep while driving....mp4,True,39.5,0.5578,0.1038,0.1391,0.005,0.005,True,gaze_stable,gaze_plus_head_pose,-9.9,-5.37,3.73,-9.45,-27.84,-21.42,False,0.0,False,False,not_tired,True,head_down_sleep_pose,True,3.4,True,False,False,3.4,head_away,gaze_or_head_pose,False,False,False,1,0,
Twitch streamer starts to fall asleep while driving....mp4,True,39.533,0.5536,0.1797,0.139,0.0052,0.0052,True,gaze_stable,gaze_plus_head_pose,-10.23,-3.36,4.71,-9.78,-25.83,-20.44,False,0.0,False,False,not_tired,True,head_down_sleep_pose,True,3.433,True,False,False,3.433,head_away,gaze_or_head_pose,False,False,False,1,0,
Twitch streamer starts to fall asleep while driving....mp4,True,39.567,0.5475,0.3713,0.1389,0.0059,0.0059,True,gaze_stable,gaze_plus_head_pose,-9.48,-6.01,4.08,-9.03,-28.48,-21.07,False,0.0,False,False,not_tired,True,head_down_sleep_pose,True,3.467,True,False,False,3.467,severe_head_pose,gaze_or_head_pose,False,False,False,1,0,
Twitch streamer starts to fall asleep while driving....mp4,True,39.6,0.5336,0.3695,0.1388,0.0049,0.0049,True,gaze_stable,gaze_plus_head_pose,-9.47,-4.57,4.99,-9.02,-27.04,-20.16,False,0.0,False,False,not_tired,True,head_down_sleep_pose,True,3.5,True,False,False,3.5,head_away,gaze_or_head_pose,False,False,False,1,0,
Twitch streamer starts to fall asleep while driving....mp4,True,39.633,0.5379,0.4223,0.1387,0.0049,0.0049,True,gaze_stable,gaze_plus_head_pose,-9.33,-4.84,5.45,-8.88,-27.31,-19.7,False,0.0,False,False,not_tired,True,head_down_sleep_pose,True,3.533,True,False,False,3.533,head_away,gaze_or_head_pose,False,False,False,1,0,
Twitch streamer starts to fall asleep while driving....mp4,True,39.667,0.5613,0.412,0.1385,0.0057,0.0057,True,gaze_stable,gaze_plus_head_pose,-9.23,-5.51,5.29,-8.78,-27.98,-19.86,False,0.0,False,False,not_tired,True,head_down_sleep_pose,True,3.567,True,False,False,3.567,head_away,gaze_or_head_pose,False,False,False,1,0,
Twitch streamer starts to fall asleep while driving....mp4,True,39.7,0.573,0.4276,0.1384,0.0058,0.0058,True,gaze_stable,gaze_plus_head_pose,-9.28,-4.11,5.73,-8.83,-26.58,-19.42,False,0.0,False,False,not_tired,True,head_down_sleep_pose,True,3.6,True,False,False,3.6,head_away,gaze_or_head_pose,False,False,False,1,0,
Twitch streamer starts to fall asleep while driving....mp4,True,39.733,0.5579,0.3989,0.1383,0.0058,0.0058,True,gaze_stable,gaze_plus_head_pose,-9.46,-3.36,4.97,-9.01,-25.83,-20.18,False,0.0,False,False,not_tired,True,head_down_sleep_pose,True,3.633,True,False,False,3.633,head_away,gaze_or_head_pose,False,False,False,1,0,
Twitch streamer starts to fall asleep while driving....mp4,True,39.767,0.5927,0.3953,0.1382,0.0056,0.0056,True,gaze_stable,gaze_plus_head_pose,-9.32,-3.16,5.88,-8.87,-25.63,-19.27,False,0.0,False,False,not_tired,True,head_down_sleep_pose,True,3.667,True,False,False,3.667,head_away,gaze_or_head_pose,False,False,False,1,0,
Twitch streamer starts to fall asleep while driving....mp4,True,39.8,0.5673,0.2833,0.1381,0.0055,0.0055,True,gaze_stable,gaze_plus_head_pose,-9.94,-3.82,5.91,-9.49,-26.29,-19.24,False,0.0,False,False,not_tired,True,head_down_sleep_pose,True,3.7,True,False,False,3.7,head_away,gaze_or_head_pose,False,False,False,1,0,
Twitch streamer starts to fall asleep while driving....mp4,True,39.833,0.558,0.3208,0.138,0.0054,0.0054,True,gaze_stable,gaze_plus_head_pose,-9.46,-3.42,5.5,-9.01,-25.89,-19.65,False,0.0,False,False,not_tired,True,head_down_sleep_pose,True,3.733,True,False,False,3.733,head_away,gaze_or_head_pose,False,False,False,1,0,
Twitch streamer starts to fall asleep while driving....mp4,True,39.867,0.5677,0.3611,0.1378,0.0057,0.0057,True,gaze_stable,gaze_plus_head_pose,-9.76,-1.89,5.38,-9.31,-24.36,-19.77,False,0.0,False,False,not_tired,True,head_down_sleep_pose,True,3.767,True,False,False,3.767,head_away,gaze_or_head_pose,False,False,False,1,0,
Twitch streamer starts to fall asleep while driving....mp4,True,39.9,0.5694,0.4147,0.1377,0.0053,0.0053,True,gaze_stable,gaze_plus_head_pose,-9.95,-2.92,5.75,-9.5,-25.39,-19.4,False,0.0,False,False,not_tired,True,head_down_sleep_pose,True,3.8,True,False,False,3.8,head_away,gaze_or_head_pose,False,False,False,1,0,
Twitch streamer starts to fall asleep while driving....mp4,True,39.933,0.5967,0.3953,0.1376,0.0064,0.0064,True,gaze_stable,gaze_plus_head_pose,-10.24,-1.41,5.19,-9.79,-23.88,-19.96,False,0.0,False,False,not_tired,True,head_down_sleep_pose,True,3.833,True,False,False,3.833,head_away,gaze_or_head_pose,False,False,False,1,0,
Twitch streamer starts to fall asleep while driving....mp4,True,39.967,0.5406,0.3339,0.1375,0.0055,0.0055,True,gaze_stable,gaze_plus_head_pose,-10.73,-2.19,6.23,-10.28,-24.66,-18.92,False,0.0,False,False,not_tired,True,head_down_sleep_pose,True,3.867,True,False,False,3.867,head_away,gaze_or_head_pose,False,False,False,1,0,
Twitch streamer starts to fall asleep while driving....mp4,True,40.0,0.5596,0.3411,0.1374,0.0044,0.0044,True,gaze_stable,gaze_plus_head_pose,-10.42,-2.91,6.01,-9.97,-25.38,-19.14,False,0.0,False,False,not_tired,True,head_down_sleep_pose,True,3.9,True,False,False,3.9,head_away,gaze_or_head_pose,False,False,False,1,0,
Twitch streamer starts to fall asleep while driving....mp4,True,40.033,0.5537,0.3455,0.1373,0.0053,0.0053,True,gaze_stable,gaze_plus_head_pose,-10.96,-3.25,6.54,-10.51,-25.72,-18.61,False,0.0,False,False,not_tired,True,head_down_sleep_pose,True,3.933,True,False,False,3.933,head_away,gaze_or_head_pose,False,False,False,1,0,
Twitch streamer starts to fall asleep while driving....mp4,True,40.067,0.5615,0.5404,0.1372,0.0055,0.0055,True,gaze_stable,gaze_plus_head_pose,-10.69,-3.46,6.37,-10.24,-25.93,-18.78,False,0.0,False,False,not_tired,True,head_down_sleep_pose,True,3.967,True,False,False,3.967,head_away,gaze_or_head_pose,False,False,False,1,0,
Twitch streamer starts to fall asleep while driving....mp4,True,40.1,0.5667,0.5404,0.137,0.0055,0.0055,True,gaze_stable,gaze_plus_head_pose,-10.92,-4.31,6.83,-10.47,-26.78,-18.32,False,0.0,False,False,not_tired,True,head_down_sleep_pose,True,4.0,True,False,False,4.0,head_away,gaze_or_head_pose,False,False,False,1,0,
Twitch streamer starts to fall asleep while driving....mp4,True,40.133,0.5707,0.4896,0.1369,0.0046,0.0046,True,gaze_stable,gaze_plus_head_pose,-10.26,-2.83,5.93,-9.81,-25.3,-19.22,False,0.0,False,False,not_tired,True,head_down_sleep_pose,True,4.033,True,False,False,4.033,head_away,gaze_or_head_pose,False,False,False,1,0,
Twitch streamer starts to fall asleep while driving....mp4,True,40.167,0.5958,0.5173,0.1368,0.0056,0.0056,True,gaze_stable,gaze_plus_head_pose,-10.14,-4.53,6.64,-9.69,-27.0,-18.51,False,0.0,False,False,not_tired,True,head_down_sleep_pose,True,4.067,True,False,False,4.067,head_away,gaze_or_head_pose,False,False,False,1,0,
Twitch streamer starts to fall asleep while driving....mp4,True,40.2,0.5418,0.5041,0.1367,0.0058,0.0058,True,gaze_stable,gaze_plus_head_pose,-9.62,-3.41,7.24,-9.17,-25.88,-17.91,False,0.0,False,False,not_tired,True,head_down_sleep_pose,True,4.1,True,False,False,4.1,head_away,gaze_or_head_pose,False,False,False,1,0,
Twitch streamer starts to fall asleep while driving....mp4,True,40.233,0.5454,0.5146,0.1366,0.0052,0.0052,True,gaze_stable,gaze_plus_head_pose,-8.87,-3.82,8.08,-8.42,-26.29,-17.07,False,0.0,False,False,not_tired,True,head_down_sleep_pose,True,4.133,True,False,False,4.133,head_away,gaze_or_head_pose,False,False,False,1,0,
Twitch streamer starts to fall asleep while driving....mp4,True,40.267,0.5859,0.5432,0.1365,0.0051,0.0051,True,gaze_stable,gaze_plus_head_pose,-9.15,-2.99,8.17,-8.7,-25.46,-16.98,False,0.0,False,False,not_tired,True,head_down_sleep_pose,True,4.167,True,False,False,4.167,head_away,gaze_or_head_pose,False,False,False,1,0,
Twitch streamer starts to fall asleep while driving....mp4,True,40.3,0.5362,0.5313,0.1364,0.0045,0.0045,True,gaze_stable,gaze_plus_head_pose,-8.84,-3.54,8.7,-8.39,-26.01,-16.45,False,0.0,False,False,not_tired,True,head_down_sleep_pose,True,4.2,True,False,False,4.2,head_away,gaze_or_head_pose,False,False,False,1,0,
Twitch streamer starts to fall asleep while driving....mp4,True,40.333,0.5792,0.5457,0.1363,0.0055,0.0055,True,gaze_stable,gaze_plus_head_pose,-9.37,-2.38,9.16,-8.92,-24.85,-15.99,False,0.0,False,False,not_tired,True,head_down_sleep_pose,True,4.233,True,False,False,4.233,head_away,gaze_or_head_pose,False,False,False,1,0,
Twitch streamer starts to fall asleep while driving....mp4,True,40.367,0.5978,0.5337,0.1361,0.0038,0.0038,True,gaze_stable,gaze_plus_head_pose,-9.12,-2.3,8.31,-8.67,-24.77,-16.84,False,0.0,False,False,not_tired,True,head_down_sleep_pose,True,4.267,True,False,False,4.267,head_away,gaze_or_head_pose,False,False,False,1,0,
Twitch streamer starts to fall asleep while driving....mp4,True,40.4,0.5498,0.4637,0.136,0.0042,0.0042,True,gaze_stable,gaze_plus_head_pose,-10.3,-3.38,9.97,-9.85,-25.85,-15.18,False,0.0,False,False,not_tired,True,head_down_sleep_pose,True,4.3,True,False,False,4.3,head_away,gaze_or_head_pose,False,False,False,1,0,
Twitch streamer starts to fall asleep while driving....mp4,True,40.433,0.5599,0.5351,0.1359,0.005,0.005,True,gaze_stable,gaze_plus_head_pose,-9.86,-3.98,9.14,-9.41,-26.45,-16.01,False,0.0,False,False,not_tired,True,head_down_sleep_pose,True,4.333,True,False,False,4.333,head_away,gaze_or_head_pose,False,False,False,1,0,
Twitch streamer starts to fall asleep while driving....mp4,True,40.467,0.5421,0.4597,0.1358,0.0052,0.0052,True,gaze_stable,gaze_plus_head_pose,-10.2,-3.31,8.65,-9.75,-25.78,-16.5,False,0.0,False,False,not_tired,True,head_down_sleep_pose,True,4.367,True,False,False,4.367,head_away,gaze_or_head_pose,False,False,False,1,0,
Twitch streamer starts to fall asleep while driving....mp4,True,40.5,0.5477,0.5293,0.1357,0.0046,0.0046,True,gaze_stable,gaze_plus_head_pose,-9.88,-4.36,8.43,-9.43,-26.83,-16.72,False,0.0,False,False,not_tired,True,head_down_sleep_pose,True,4.4,True,False,False,4.4,head_away,gaze_or_head_pose,False,False,False,1,0,
Twitch streamer starts to fall asleep while driving....mp4,True,40.533,0.5598,0.4876,0.1356,0.0047,0.0047,True,gaze_stable,gaze_plus_head_pose,-10.26,-3.47,8.3,-9.81,-25.94,-16.85,False,0.0,False,False,not_tired,True,head_down_sleep_pose,True,4.433,True,False,False,4.433,head_away,gaze_or_head_pose,False,False,False,1,0,
Twitch streamer starts to fall asleep while driving....mp4,True,40.567,0.5444,0.4044,0.1355,0.0053,0.0053,True,gaze_stable,gaze_plus_head_pose,-10.52,-4.22,8.9,-10.07,-26.69,-16.25,False,0.0,False,False,not_tired,True,head_down_sleep_pose,True,4.467,True,False,False,4.467,head_away,gaze_or_head_pose,False,False,False,1,0,
Twitch streamer starts to fall asleep while driving....mp4,True,40.6,0.5338,0.5437,0.1354,0.0054,0.0054,True,gaze_stable,gaze_plus_head_pose,-10.02,-3.77,8.57,-9.57,-26.24,-16.58,False,0.0,False,False,not_tired,True,head_down_sleep_pose,True,4.5,True,False,False,4.5,head_away,gaze_or_head_pose,False,False,False,1,0,
Twitch streamer starts to fall asleep while driving....mp4,True,40.633,0.5633,0.4753,0.1352,0.0056,0.0056,True,gaze_stable,gaze_plus_head_pose,-10.3,-3.19,9.66,-9.85,-25.66,-15.49,False,0.0,False,False,not_tired,True,head_down_sleep_pose,True,4.533,True,False,False,4.533,head_away,gaze_or_head_pose,False,False,False,1,0,
Twitch streamer starts to fall asleep while driving....mp4,True,40.667,0.5278,0.5595,0.1351,0.005,0.005,True,gaze_stable,gaze_plus_head_pose,-9.34,-4.94,8.72,-8.89,-27.41,-16.43,False,0.0,False,False,not_tired,True,head_down_sleep_pose,True,4.567,True,False,False,4.567,head_away,gaze_or_head_pose,False,False,False,1,0,
Twitch streamer starts to fall asleep while driving....mp4,True,40.7,0.5671,0.4302,0.135,0.0048,0.0048,True,gaze_stable,gaze_plus_head_pose,-9.65,-3.57,9.5,-9.2,-26.04,-15.65,False,0.0,False,False,not_tired,True,head_down_sleep_pose,True,4.6,True,False,False,4.6,head_away,gaze_or_head_pose,False,False,False,1,0,
Twitch streamer starts to fall asleep while driving....mp4,True,40.733,0.5584,0.5309,0.1349,0.0049,0.0049,True,gaze_stable,gaze_plus_head_pose,-8.59,-4.56,9.31,-8.14,-27.03,-15.84,False,0.0,False,False,not_tired,True,head_down_sleep_pose,True,4.633,True,False,False,4.633,head_away,gaze_or_head_pose,False,False,False,1,0,
Twitch streamer starts to fall asleep while driving....mp4,True,40.767,0.5462,0.5492,0.1348,0.0044,0.0044,True,gaze_stable,gaze_plus_head_pose,-9.09,-2.86,8.54,-8.64,-25.33,-16.61,False,0.0,False,False,not_tired,True,head_down_sleep_pose,True,4.667,True,False,False,4.667,head_away,gaze_or_head_pose,False,False,False,1,0,
Twitch streamer starts to fall asleep while driving....mp4,True,40.8,0.5706,0.5235,0.1347,0.0053,0.0053,True,gaze_stable,gaze_plus_head_pose,-9.0,-5.27,8.84,-8.55,-27.74,-16.31,False,0.0,False,False,not_tired,True,head_down_sleep_pose,True,4.7,True,False,False,4.7,head_away,gaze_or_head_pose,False,False,False,1,0,
Twitch streamer starts to fall asleep while driving....mp4,True,40.833,0.591,0.4968,0.1346,0.0057,0.0057,True,gaze_stable,gaze_plus_head_pose,-9.69,-3.22,8.49,-9.24,-25.69,-16.66,False,0.0,False,False,not_tired,True,head_down_sleep_pose,True,4.733,True,False,False,4.733,head_away,gaze_or_head_pose,False,False,False,1,0,
Twitch streamer starts to fall asleep while driving....mp4,True,40.867,0.557,0.4924,0.1345,0.0053,0.0053,True,gaze_stable,gaze_plus_head_pose,-9.41,-3.96,9.24,-8.96,-26.43,-15.91,False,0.0,False,False,not_tired,True,head_down_sleep_pose,True,4.767,True,False,False,4.767,head_away,gaze_or_head_pose,False,False,False,1,0,
Twitch streamer starts to fall asleep while driving....mp4,True,40.9,0.5958,0.5254,0.1344,0.0054,0.0054,True,gaze_stable,gaze_plus_head_pose,-10.23,-3.93,9.14,-9.78,-26.4,-16.01,False,0.0,False,False,not_tired,True,head_down_sleep_pose,True,4.8,True,False,False,4.8,head_away,gaze_or_head_pose,False,False,False,1,0,
Twitch streamer starts to fall asleep while driving....mp4,True,40.933,0.5561,0.3542,0.1343,0.005,0.005,True,gaze_stable,gaze_plus_head_pose,-9.25,-3.25,9.16,-8.8,-25.72,-15.99,False,0.0,False,False,not_tired,True,head_down_sleep_pose,True,4.833,True,False,False,4.833,head_away,gaze_or_head_pose,False,False,False,1,0,
Twitch streamer starts to fall asleep while driving....mp4,True,40.967,0.5584,0.4691,0.1341,0.0044,0.0044,True,gaze_stable,gaze_plus_head_pose,-9.01,-3.24,8.53,-8.56,-25.71,-16.62,False,0.0,False,False,not_tired,True,head_down_sleep_pose,True,4.867,True,False,False,4.867,head_away,gaze_or_head_pose,False,False,False,1,0,
Twitch streamer starts to fall asleep while driving....mp4,True,41.0,0.3961,0.3614,0.134,0.0052,0.0052,True,gaze_stable,gaze_plus_head_pose,-9.08,-1.93,9.51,-8.63,-24.4,-15.64,False,0.0,False,False,not_tired,True,head_down_sleep_pose,True,4.9,True,False,False,4.9,head_away,gaze_or_head_pose,False,False,False,1,0,
Twitch streamer starts to fall asleep while driving....mp4,True,41.033,0.4084,0.382,0.1339,0.0052,0.0052,True,gaze_stable,gaze_plus_head_pose,-9.07,-2.09,9.43,-8.62,-24.56,-15.72,False,0.0,False,False,not_tired,True,head_down_sleep_pose,True,4.933,True,False,False,4.933,head_away,gaze_or_head_pose,False,False,False,1,0,
Twitch streamer starts to fall asleep while driving....mp4,True,41.067,0.085,0.4852,0.1346,0.0017,0.0,False,eyes_too_closed,head_pose_only,-8.45,-1.31,9.37,-8.0,-23.78,-15.78,True,0.0,False,False,not_tired,True,head_down_sleep_pose,True,4.967,True,False,False,4.967,head_away,head_pose_only,False,False,False,1,0,
Twitch streamer starts to fall asleep while driving....mp4,True,41.1,0.0871,0.4956,0.1353,0.0024,0.0,False,eyes_too_closed,head_pose_only,-9.75,-1.81,8.95,-9.3,-24.28,-16.2,True,0.033,False,False,not_tired,True,head_down_sleep_pose,True,5.0,True,True,True,5.0,head_away,head_pose_only,False,False,False,1,0,driver_distraction
Twitch streamer starts to fall asleep while driving....mp4,True,41.133,0.1345,0.4119,0.136,0.0035,0.0,False,eyes_too_closed,head_pose_only,-10.6,-1.5,8.65,-10.15,-23.97,-16.5,True,0.067,False,False,not_tired,True,head_down_sleep_pose,True,5.033,True,True,True,5.033,head_away,head_pose_only,False,False,False,1,0,
Twitch streamer starts to fall asleep while driving....mp4,True,41.167,0.2227,0.4777,0.1359,0.003,0.0,False,gaze_stable,head_pose_only,-10.75,-1.87,10.0,-10.3,-24.34,-15.15,True,0.1,False,False,not_tired,True,head_down_sleep_pose,True,5.067,True,True,True,5.067,head_away,head_pose_only,False,False,False,1,0,
Twitch streamer starts to fall asleep while driving....mp4,True,41.2,0.3266,0.561,0.1358,0.0035,0.0,False,gaze_stable,head_pose_only,-10.38,-1.29,9.07,-9.93,-23.76,-16.08,True,0.133,False,False,not_tired,True,head_down_sleep_pose,True,5.1,True,True,True,5.1,head_away,head_pose_only,False,False,False,1,0,
Twitch streamer starts to fall asleep while driving....mp4,True,41.233,0.4367,0.3805,0.1357,0.0046,0.0,False,gaze_stable,head_pose_only,-10.1,-1.48,10.46,-9.65,-23.95,-14.69,True,0.167,False,False,not_tired,True,head_down_sleep_pose,True,5.133,True,True,True,5.133,head_away,head_pose_only,False,False,False,1,0,
Twitch streamer starts to fall asleep while driving....mp4,True,41.267,0.4869,0.4373,0.1356,0.006,0.0,False,gaze_stable,head_pose_only,-9.55,-1.41,11.54,-9.1,-23.88,-13.61,True,0.2,False,False,not_tired,True,head_down_sleep_pose,True,5.167,True,True,True,5.167,head_away,head_pose_only,False,False,False,1,0,
Twitch streamer starts to fall asleep while driving....mp4,True,41.3,0.4763,0.4351,0.1355,0.0049,0.0,False,gaze_stable,head_pose_only,-9.74,-0.68,11.14,-9.29,-23.15,-14.01,False,0.0,False,False,not_tired,True,head_down_sleep_pose,True,5.2,True,True,True,5.2,head_away,head_pose_only,False,False,False,1,0,
Twitch streamer starts to fall asleep while driving....mp4,True,41.333,0.5063,0.439,0.1354,0.0064,0.0,False,gaze_stable,head_pose_only,-9.95,-2.41,12.82,-9.5,-24.88,-12.33,False,0.0,False,False,not_tired,True,head_down_sleep_pose,True,5.233,True,True,True,5.233,head_away,head_pose_only,False,False,False,1,0,
Twitch streamer starts to fall asleep while driving....mp4,True,41.367,0.4896,0.4977,0.1353,0.0057,0.0,False,gaze_stable,head_pose_only,-9.74,-1.95,11.04,-9.29,-24.42,-14.11,False,0.0,False,False,not_tired,True,head_down_sleep_pose,True,5.267,True,True,True,5.267,head_away,head_pose_only,False,False,False,1,0,
Twitch streamer starts to fall asleep while driving....mp4,True,41.4,0.5117,0.4655,0.1352,0.0054,0.0054,True,gaze_stable,gaze_plus_head_pose,-10.08,-2.19,11.91,-9.63,-24.66,-13.24,False,0.0,False,False,not_tired,True,head_down_sleep_pose,True,5.3,True,True,True,5.3,head_away,gaze_or_head_pose,False,False,False,1,0,
Twitch streamer starts to fall asleep while driving....mp4,True,41.433,0.5187,0.4918,0.135,0.0053,0.0053,True,gaze_stable,gaze_plus_head_pose,-9.41,-1.56,12.19,-8.96,-24.03,-12.96,False,0.0,False,False,not_tired,True,head_down_sleep_pose,True,5.333,True,True,True,5.333,head_away,gaze_or_head_pose,False,False,False,1,0,
Twitch streamer starts to fall asleep while driving....mp4,True,41.467,0.5288,0.4747,0.1349,0.0051,0.0051,True,gaze_stable,gaze_plus_head_pose,-9.29,-1.49,12.93,-8.84,-23.96,-12.22,False,0.0,False,False,not_tired,True,head_down_sleep_pose,True,5.367,True,True,True,5.367,head_away,gaze_or_head_pose,False,False,False,1,0,
Twitch streamer starts to fall asleep while driving....mp4,True,41.5,0.5594,0.3555,0.1348,0.0044,0.0044,True,gaze_stable,gaze_plus_head_pose,-8.08,-0.66,12.24,-7.63,-23.13,-12.91,False,0.0,False,False,not_tired,True,head_down_sleep_pose,True,5.4,True,True,True,5.4,head_away,gaze_or_head_pose,False,False,False,1,0,
Twitch streamer starts to fall asleep while driving....mp4,True,41.533,0.5326,0.4456,0.1347,0.0049,0.0049,True,gaze_stable,gaze_plus_head_pose,-8.09,-0.76,13.95,-7.64,-23.23,-11.2,False,0.0,False,False,not_tired,True,head_down_sleep_pose,True,5.433,True,True,True,5.433,head_away,gaze_or_head_pose,False,False,False,1,0,
Twitch streamer starts to fall asleep while driving....mp4,True,41.567,0.5551,0.5196,0.1346,0.0047,0.0047,True,gaze_stable,gaze_plus_head_pose,-7.99,-0.86,13.65,-7.54,-23.33,-11.5,False,0.0,False,False,not_tired,True,head_down_sleep_pose,True,5.467,True,True,True,5.467,head_away,gaze_or_head_pose,False,False,False,1,0,
Twitch streamer starts to fall asleep while driving....mp4,True,41.6,0.5562,0.6453,0.1345,0.0046,0.0046,True,gaze_stable,gaze_plus_head_pose,-7.79,-0.73,12.72,-7.34,-23.2,-12.43,False,0.0,False,False,not_tired,True,head_down_sleep_pose,True,5.5,True,True,True,5.5,head_away,gaze_or_head_pose,False,False,False,1,0,
Twitch streamer starts to fall asleep while driving....mp4,True,41.633,0.5751,0.5635,0.1344,0.0054,0.0054,True,gaze_stable,gaze_plus_head_pose,-8.04,-1.8,13.67,-7.59,-24.27,-11.48,False,0.0,False,False,not_tired,True,head_down_sleep_pose,True,5.533,True,True,True,5.533,head_away,gaze_or_head_pose,False,False,False,1,0,
Twitch streamer starts to fall asleep while driving....mp4,True,41.667,0.5747,0.5188,0.1343,0.0043,0.0043,True,gaze_stable,gaze_plus_head_pose,-8.52,-0.97,12.87,-8.07,-23.44,-12.28,False,0.0,False,False,not_tired,True,head_down_sleep_pose,True,5.567,True,True,True,5.567,head_away,gaze_or_head_pose,False,False,False,1,0,
Twitch streamer starts to fall asleep while driving....mp4,True,41.7,0.5673,0.5606,0.1342,0.0049,0.0049,True,gaze_stable,gaze_plus_head_pose,-8.4,-1.6,13.22,-7.95,-24.07,-11.93,False,0.0,False,False,not_tired,True,head_down_sleep_pose,True,5.6,True,True,True,5.6,head_away,gaze_or_head_pose,False,False,False,1,0,
Twitch streamer starts to fall asleep while driving....mp4,True,41.733,0.5368,0.5071,0.1341,0.0047,0.0047,True,gaze_stable,gaze_plus_head_pose,-8.31,-1.0,14.31,-7.86,-23.47,-10.84,False,0.0,False,False,not_tired,True,head_down_sleep_pose,True,5.633,True,True,True,5.633,head_away,gaze_or_head_pose,False,False,False,1,0,
Twitch streamer starts to fall asleep while driving....mp4,True,41.767,0.5287,0.5037,0.134,0.0042,0.0042,True,gaze_stable,gaze_plus_head_pose,-8.22,-0.46,13.82,-7.77,-22.93,-11.33,False,0.0,False,False,not_tired,True,head_down_sleep_pose,True,5.667,True,True,True,5.667,head_away,gaze_or_head_pose,False,False,False,1,0,
Twitch streamer starts to fall asleep while driving....mp4,True,41.8,0.4837,0.563,0.1339,0.0047,0.0047,True,gaze_stable,gaze_plus_head_pose,-7.21,0.23,14.22,-6.76,-22.24,-10.93,False,0.0,False,False,not_tired,True,head_down_sleep_pose,True,5.7,True,True,True,5.7,head_away,gaze_or_head_pose,False,False,False,1,0,
Twitch streamer starts to fall asleep while driving....mp4,True,41.833,0.4508,0.6321,0.1338,0.0043,0.0043,True,gaze_stable,gaze_plus_head_pose,-7.73,1.88,13.23,-7.28,-20.59,-11.92,False,0.0,False,False,not_tired,True,head_down_sleep_pose,True,5.733,True,True,True,5.733,head_away,gaze_or_head_pose,False,False,False,1,0,
Twitch streamer starts to fall asleep while driving....mp4,True,41.867,0.4665,0.8195,0.1337,0.0044,0.0044,True,gaze_stable,gaze_plus_head_pose,-6.0,2.1,13.63,-5.55,-20.37,-11.52,False,0.0,False,False,not_tired,True,head_down_sleep_pose,True,5.767,True,True,True,5.767,head_away,gaze_or_head_pose,False,False,False,1,0,
Twitch streamer starts to fall asleep while driving....mp4,True,41.9,0.4322,0.63,0.1335,0.0038,0.0038,True,gaze_stable,gaze_plus_head_pose,-7.24,1.56,14.08,-6.79,-20.91,-11.07,False,0.0,False,False,not_tired,True,head_down_sleep_pose,True,5.8,True,True,True,5.8,head_away,gaze_or_head_pose,False,False,False,1,0,
Twitch streamer starts to fall asleep while driving....mp4,True,41.933,0.4215,0.7345,0.1334,0.0043,0.0043,True,gaze_stable,gaze_plus_head_pose,-5.29,2.56,14.31,-4.84,-19.91,-10.84,False,0.0,False,False,not_tired,True,head_down_sleep_pose,True,5.833,True,True,True,5.833,head_away,gaze_or_head_pose,False,False,False,1,0,
Twitch streamer starts to fall asleep while driving....mp4,True,41.967,0.4239,0.6797,0.1333,0.0045,0.0045,True,gaze_stable,gaze_plus_head_pose,-5.81,2.12,14.76,-5.36,-20.35,-10.39,False,0.0,False,False,not_tired,True,head_down_sleep_pose,True,5.867,True,True,True,5.867,head_away,gaze_or_head_pose,False,False,False,1,0,
Twitch streamer starts to fall asleep while driving....mp4,True,42.0,0.4199,0.7139,0.1332,0.0048,0.0048,True,gaze_stable,gaze_plus_head_pose,-4.35,2.7,14.79,-3.9,-19.77,-10.36,False,0.0,False,False,not_tired,True,head_down_sleep_pose,True,5.9,True,True,True,5.9,head_away,gaze_or_head_pose,False,False,False,1,0,
Twitch streamer starts to fall asleep while driving....mp4,True,42.033,0.2645,0.6361,0.1331,0.0046,0.0046,True,gaze_stable,gaze_plus_head_pose,-5.44,3.01,14.14,-4.99,-19.46,-11.01,False,0.0,False,False,not_tired,True,head_down_sleep_pose,True,5.933,True,True,True,5.933,head_away,gaze_or_head_pose,False,False,False,1,0,
Twitch streamer starts to fall asleep while driving....mp4,True,42.067,0.3132,0.6681,0.133,0.0044,0.0044,True,gaze_stable,gaze_plus_head_pose,-4.96,1.0,15.02,-4.51,-21.47,-10.13,False,0.0,False,False,not_tired,True,head_down_sleep_pose,True,5.967,True,True,True,5.967,head_away,gaze_or_head_pose,False,False,False,1,0,
Twitch streamer starts to fall asleep while driving....mp4,True,42.1,0.2497,0.6898,0.1329,0.0051,0.0051,True,gaze_stable,gaze_plus_head_pose,-6.47,1.85,14.18,-6.02,-20.62,-10.97,False,0.0,False,False,not_tired,True,head_down_sleep_pose,True,6.0,True,True,True,6.0,head_away,gaze_or_head_pose,False,False,False,1,0,
Twitch streamer starts to fall asleep while driving....mp4,True,42.133,0.2496,0.69,0.1328,0.004,0.004,True,gaze_stable,gaze_plus_head_pose,-5.65,0.74,14.08,-5.2,-21.73,-11.07,False,0.0,False,False,not_tired,True,head_down_sleep_pose,True,6.033,True,True,True,6.033,head_away,gaze_or_head_pose,False,False,False,1,0,
Twitch streamer starts to fall asleep while driving....mp4,True,42.167,0.252,0.7112,0.1327,0.0048,0.0048,True,gaze_stable,gaze_plus_head_pose,-6.69,2.3,13.98,-6.24,-20.17,-11.17,False,0.0,False,False,not_tired,True,head_down_sleep_pose,True,6.067,True,True,True,6.067,head_away,gaze_or_head_pose,False,False,False,1,0,
Twitch streamer starts to fall asleep while driving....mp4,True,42.2,0.2434,0.7628,0.1326,0.0044,0.0044,True,gaze_stable,gaze_plus_head_pose,-5.78,1.84,13.96,-5.33,-20.63,-11.19,False,0.0,False,False,not_tired,True,head_down_sleep_pose,True,6.1,True,True,True,6.1,head_away,gaze_or_head_pose,False,False,False,1,0,
Twitch streamer starts to fall asleep while driving....mp4,True,42.233,0.3473,0.4656,0.1325,0.0048,0.0048,True,gaze_stable,gaze_plus_head_pose,-6.37,1.28,14.48,-5.92,-21.19,-10.67,False,0.0,False,False,not_tired,True,head_down_sleep_pose,True,6.133,True,True,True,6.133,head_away,gaze_or_head_pose,False,False,False,1,0,
Twitch streamer starts to fall asleep while driving....mp4,True,42.267,0.3397,0.6467,0.1324,0.0055,0.0055,True,gaze_stable,gaze_plus_head_pose,-5.41,1.31,14.69,-4.96,-21.16,-10.46,False,0.0,False,False,not_tired,True,head_down_sleep_pose,True,6.167,True,True,True,6.167,head_away,gaze_or_head_pose,False,False,False,1,0,
Twitch streamer starts to fall asleep while driving....mp4,True,42.3,0.3765,0.5525,0.1323,0.0045,0.0045,True,gaze_stable,gaze_plus_head_pose,-6.2,1.83,16.21,-5.75,-20.64,-8.94,False,0.0,False,False,not_tired,True,head_down_sleep_pose,True,6.2,True,True,True,6.2,head_away,gaze_or_head_pose,False,False,False,1,0,
Twitch streamer starts to fall asleep while driving....mp4,True,42.333,0.3924,0.6839,0.1322,0.0048,0.0048,True,gaze_stable,gaze_plus_head_pose,-5.11,2.82,14.81,-4.66,-19.65,-10.34,False,0.0,False,False,not_tired,True,head_down_sleep_pose,True,6.233,True,True,True,6.233,head_away,gaze_or_head_pose,False,False,False,1,0,
Twitch streamer starts to fall asleep while driving....mp4,True,42.367,0.399,0.6244,0.1321,0.0049,0.0049,True,gaze_stable,gaze_plus_head_pose,-5.25,2.05,16.36,-4.8,-20.42,-8.79,False,0.0,False,False,not_tired,True,head_down_sleep_pose,True,6.267,True,True,True,6.267,head_away,gaze_or_head_pose,False,False,False,1,0,
Twitch streamer starts to fall asleep while driving....mp4,True,42.4,0.4155,0.673,0.132,0.0053,0.0053,True,gaze_stable,gaze_plus_head_pose,-4.03,4.21,16.3,-3.58,-18.26,-8.85,False,0.0,False,False,not_tired,True,head_down_sleep_pose,True,6.3,True,True,True,6.3,head_away,gaze_or_head_pose,False,False,False,1,0,
Twitch streamer starts to fall asleep while driving....mp4,True,42.433,0.4269,0.8052,0.1319,0.0051,0.0051,True,gaze_stable,gaze_plus_head_pose,-3.89,3.17,17.7,-3.44,-19.3,-7.45,False,0.0,False,False,not_tired,True,head_down_sleep_pose,True,6.333,True,True,True,6.333,head_away,gaze_or_head_pose,False,False,False,1,0,
Twitch streamer starts to fall asleep while driving....mp4,True,42.467,0.4513,0.7384,0.1318,0.0051,0.0051,True,gaze_stable,gaze_plus_head_pose,-3.91,5.25,16.85,-3.446,-18.676,-7.705,False,0.0,False,False,not_tired,True,head_down_sleep_pose,True,6.367,True,True,True,6.367,head_away,gaze_or_head_pose,False,False,False,1,0,
Twitch streamer starts to fall asleep while driving....mp4,True,42.5,0.428,0.57,0.1317,0.005,0.005,True,gaze_stable,gaze_plus_head_pose,-3.86,4.73,17.19,-3.435,-18.395,-7.781,False,0.0,False,False,not_tired,True,head_down_sleep_pose,True,6.4,True,True,True,6.4,head_away,gaze_or_head_pose,False,False,False,1,0,
Twitch streamer starts to fall asleep while driving....mp4,True,42.533,0.4367,0.6485,0.1316,0.0053,0.0053,True,gaze_stable,gaze_plus_head_pose,-4.71,6.85,16.57,-3.683,-17.563,-8.021,False,0.0,False,False,not_tired,True,not_asleep,True,6.433,True,True,True,6.433,forward,gaze_or_head_pose,False,False,False,1,0,
Twitch streamer starts to fall asleep while driving....mp4,True,42.567,0.4364,0.6392,0.1315,0.0045,0.0045,True,gaze_stable,gaze_plus_head_pose,-4.36,7.78,17.17,-3.751,-16.701,-8.009,False,0.0,False,False,not_tired,True,not_asleep,True,6.467,True,True,True,6.467,forward,gaze_or_head_pose,False,False,False,1,0,
Twitch streamer starts to fall asleep while driving....mp4,True,42.6,0.4594,0.4642,0.1314,0.0052,0.0052,True,gaze_stable,gaze_plus_head_pose,-5.41,8.18,16.27,-4.114,-15.978,-8.27,False,0.0,False,False,not_tired,True,not_asleep,True,6.5,True,True,True,6.5,forward,gaze_or_head_pose,False,False,False,1,0,
Twitch streamer starts to fall asleep while driving....mp4,True,42.633,0.4586,0.3555,0.1313,0.0054,0.0054,True,gaze_stable,gaze_plus_head_pose,-5.4,8.96,16.69,-4.365,-15.237,-8.327,False,0.0,False,False,not_tired,True,not_asleep,True,6.533,True,True,True,6.533,forward,gaze_or_head_pose,False,False,False,1,0,
Twitch streamer starts to fall asleep while driving....mp4,True,42.667,0.477,0.3254,0.1311,0.0065,0.0065,True,gaze_stable,gaze_plus_head_pose,-4.59,10.16,14.91,-4.297,-14.359,-8.901,False,0.0,False,False,not_tired,True,not_asleep,True,6.567,True,True,True,6.567,forward,gaze_or_head_pose,False,False,False,1,0,
Twitch streamer starts to fall asleep while driving....mp4,True,42.7,0.4463,0.4249,0.131,0.0046,0.0046,True,gaze_stable,gaze_plus_head_pose,-5.15,10.49,16.47,-4.418,-13.645,-8.835,False,0.0,False,False,not_tired,True,not_asleep,True,6.6,True,True,True,6.6,forward,gaze_or_head_pose,False,False,False,1,0,
Twitch streamer starts to fall asleep while driving....mp4,True,42.733,0.4779,0.8066,0.1309,0.0059,0.0059,True,gaze_stable,gaze_plus_head_pose,-5.2,10.81,15.1,-4.518,-13.05,-9.199,False,0.0,False,False,not_tired,True,not_asleep,True,6.633,True,True,True,6.633,forward,gaze_or_head_pose,False,False,False,1,0,
Twitch streamer starts to fall asleep while driving....mp4,True,42.767,0.4809,0.7535,0.1308,0.0046,0.0046,True,gaze_stable,gaze_plus_head_pose,-5.55,11.56,14.99,-4.692,-12.408,-9.487,False,0.0,False,False,not_tired,False,not_asleep,False,0.0,True,True,True,6.667,forward,gaze_or_head_pose,False,False,False,1,0,
Twitch streamer starts to fall asleep while driving....mp4,True,42.8,0.4139,0.8217,0.1307,0.0048,0.0048,True,gaze_stable,gaze_plus_head_pose,-5.51,13.36,14.53,-4.803,-11.418,-9.827,False,0.0,False,False,not_tired,False,not_asleep,False,0.0,True,True,True,6.7,forward,gaze_or_head_pose,False,False,False,1,0,
Twitch streamer starts to fall asleep while driving....mp4,True,42.833,0.4671,0.3963,0.1306,0.0056,0.0056,True,gaze_stable,gaze_plus_head_pose,-7.09,13.67,14.08,-5.354,-10.633,-10.2,False,0.0,False,False,not_tired,False,not_asleep,False,0.0,True,True,True,6.733,forward,gaze_or_head_pose,False,False,False,1,0,
Twitch streamer starts to fall asleep while driving....mp4,True,42.867,0.4602,0.4138,0.1305,0.0051,0.0051,True,gaze_stable,gaze_plus_head_pose,-7.15,15.24,11.83,-5.758,-9.612,-11.136,False,0.0,False,False,not_tired,False,not_asleep,False,0.0,False,False,False,0.0,forward,gaze_or_head_pose,False,False,False,1,0,
Twitch streamer starts to fall asleep while driving....mp4,True,42.9,0.4761,0.6325,0.1304,0.0046,0.0046,True,gaze_stable,gaze_plus_head_pose,-8.95,14.99,11.65,-6.58,-8.972,-11.845,False,0.0,False,False,not_tired,False,not_asleep,False,0.0,False,False,False,0.0,forward,gaze_or_head_pose,False,False,False,1,0,
Twitch streamer starts to fall asleep while driving....mp4,True,42.933,0.4904,0.4864,0.1303,0.0047,0.0047,True,gaze_stable,gaze_plus_head_pose,-9.08,18.52,11.01,-7.195,-7.466,-12.534,False,0.0,False,False,not_tired,False,not_asleep,False,0.0,False,False,False,0.0,forward,gaze_or_head_pose,False,False,False,1,0,
Twitch streamer starts to fall asleep while driving....mp4,True,42.967,0.4636,0.4977,0.1302,0.0048,0.0048,True,gaze_stable,gaze_plus_head_pose,-10.36,17.42,9.89,-8.01,-6.741,-13.352,False,0.0,False,False,not_tired,False,not_asleep,False,0.0,False,False,False,0.0,forward,gaze_or_head_pose,False,False,False,1,0,
Twitch streamer starts to fall asleep while driving....mp4,True,43.0,0.4713,0.3885,0.1301,0.0042,0.0042,True,gaze_stable,gaze_plus_head_pose,-10.23,20.69,9.91,-8.541,-5.253,-13.918,False,0.0,False,False,not_tired,False,not_asleep,False,0.0,False,False,False,0.0,forward,gaze_or_head_pose,False,False,False,1,0,
Twitch streamer starts to fall asleep while driving....mp4,True,43.033,0.4622,0.4102,0.13,0.0041,0.0041,True,gaze_stable,gaze_plus_head_pose,-10.87,19.12,9.22,-9.105,-4.682,-14.522,False,0.0,False,False,not_tired,False,not_asleep,False,0.0,False,False,False,0.0,forward,gaze_or_head_pose,False,False,False,1,0,
Twitch streamer starts to fall asleep while driving....mp4,True,43.067,0.4973,0.4778,0.1299,0.0045,0.0045,True,gaze_stable,gaze_plus_head_pose,-10.72,21.82,9.44,-9.454,-3.472,-14.878,False,0.0,False,False,not_tired,False,not_asleep,False,0.0,False,False,False,0.0,forward,gaze_or_head_pose,False,False,False,1,0,
Twitch streamer starts to fall asleep while driving....mp4,True,43.1,0.495,0.4549,0.1298,0.0043,0.0043,True,gaze_stable,gaze_plus_head_pose,-10.12,22.6,9.12,-9.519,-2.392,-15.224,False,0.0,False,False,not_tired,False,not_asleep,False,0.0,False,False,False,0.0,forward,gaze_or_head_pose,False,False,False,1,0,
Twitch streamer starts to fall asleep while driving....mp4,True,43.133,0.5024,0.422,0.1297,0.0044,0.0044,True,gaze_stable,gaze_plus_head_pose,-10.45,22.66,9.96,-9.663,-1.617,-15.214,False,0.0,False,False,not_tired,False,not_asleep,False,0.0,False,False,False,0.0,forward,gaze_or_head_pose,False,False,False,1,0,
Twitch streamer starts to fall asleep while driving....mp4,True,43.167,0.4706,0.547,0.1296,0.0044,0.0044,True,gaze_stable,gaze_plus_head_pose,-9.63,23.43,8.83,-9.518,-0.844,-15.546,False,0.0,False,False,not_tired,False,not_asleep,False,0.0,False,False,False,0.0,forward,gaze_or_head_pose,False,False,False,1,0,
Twitch streamer starts to fall asleep while driving....mp4,True,43.2,0.5059,0.4551,0.1295,0.004,0.004,True,gaze_stable,gaze_plus_head_pose,-11.16,24.09,9.76,-9.876,-0.105,-15.499,False,0.0,False,False,not_tired,False,not_asleep,False,0.0,False,False,False,0.0,forward,gaze_or_head_pose,False,False,False,1,0,
Twitch streamer starts to fall asleep while driving....mp4,True,43.233,0.4837,0.5498,0.1294,0.0046,0.0046,True,gaze_stable,gaze_plus_head_pose,-9.61,25.09,9.62,-9.661,0.713,-15.508,False,0.0,False,False,not_tired,False,not_asleep,False,0.0,False,False,False,0.0,forward,gaze_or_head_pose,False,False,False,1,0,
Twitch streamer starts to fall asleep while driving....mp4,True,43.267,0.4737,0.6602,0.1293,0.0044,0.0044,True,gaze_stable,gaze_plus_head_pose,-10.03,25.29,10.78,-9.637,1.345,-15.167,False,0.0,False,False,not_tired,False,not_asleep,False,0.0,False,False,False,0.0,forward,gaze_or_head_pose,False,False,False,1,0,
Twitch streamer starts to fall asleep while driving....mp4,True,43.3,0.442,0.7764,0.1292,0.0035,0.0035,True,gaze_stable,gaze_plus_head_pose,-9.64,26.29,8.93,-9.503,2.087,-15.483,False,0.0,False,False,not_tired,False,not_asleep,False,0.0,False,False,False,0.0,forward,gaze_or_head_pose,False,False,False,1,0,
Twitch streamer starts to fall asleep while driving....mp4,True,43.333,0.2611,0.7165,0.1291,0.003,0.003,True,gaze_stable,gaze_plus_head_pose,-9.92,28.75,10.67,-9.493,3.345,-15.182,False,0.0,False,False,not_tired,False,not_asleep,False,0.0,False,False,False,0.0,forward,gaze_or_head_pose,False,False,False,1,0,
Twitch streamer starts to fall asleep while driving....mp4,True,43.367,0.2699,0.7208,0.129,0.004,0.004,True,gaze_stable,gaze_plus_head_pose,-9.19,28.88,8.9,-9.267,4.265,-15.502,False,0.0,False,False,not_tired,False,not_asleep,False,0.0,False,False,False,0.0,forward,gaze_or_head_pose,False,False,False,1,0,
Twitch streamer starts to fall asleep while driving....mp4,True,43.4,0.3073,0.1745,0.1289,0.0057,0.0057,True,gaze_stable,gaze_plus_head_pose,-8.79,29.54,12.9,-8.989,5.106,-14.527,False,0.0,False,False,not_tired,False,not_asleep,False,0.0,False,False,False,0.0,forward,gaze_or_head_pose,False,False,False,1,0,
Twitch streamer starts to fall asleep while driving....mp4,True,43.433,0.3069,0.2016,0.1288,0.0028,0.0028,True,gaze_stable,gaze_plus_head_pose,-8.68,31.44,10.06,-8.761,6.265,-14.696,False,0.0,False,False,not_tired,False,not_asleep,False,0.0,False,False,False,0.0,forward,gaze_or_head_pose,False,False,False,1,0,
Twitch streamer starts to fall asleep while driving....mp4,True,43.467,0.2262,0.5142,0.1287,0.0048,0.0048,True,gaze_stable,gaze_plus_head_pose,-9.94,32.46,8.76,-8.98,7.383,-15.204,False,0.0,False,False,not_tired,False,not_asleep,False,0.0,False,False,False,0.0,forward,gaze_or_head_pose,False,False,False,1,0,
Twitch streamer starts to fall asleep while driving....mp4,True,43.5,0.2841,0.3782,0.1286,0.0049,0.0049,True,gaze_stable,gaze_plus_head_pose,-9.67,32.73,8.77,-9.052,8.246,-15.557,False,0.0,False,False,not_tired,False,not_asleep,False,0.0,False,False,False,0.0,forward,gaze_or_head_pose,False,False,False,1,0,
Twitch streamer starts to fall asleep while driving....mp4,True,43.533,0.2128,0.3269,0.1293,0.0048,0.0048,True,gaze_stable,gaze_plus_head_pose,-10.34,36.24,8.87,-9.303,9.903,-15.774,True,0.0,False,False,not_tired,False,not_asleep,False,0.0,False,False,False,0.0,forward,gaze_or_head_pose,False,False,False,1,0,
Twitch streamer starts to fall asleep while driving....mp4,True,43.567,0.1614,0.3526,0.13,0.0073,0.0,False,eyes_too_closed,head_pose_only,-10.08,37.75,9.34,-9.401,11.516,-15.785,True,0.033,False,False,not_tired,False,not_asleep,False,0.0,False,False,False,0.0,forward,head_pose_only,False,False,False,1,0,
Twitch streamer starts to fall asleep while driving....mp4,True,43.6,0.1649,0.2276,0.1306,0.0036,0.0,False,eyes_too_closed,head_pose_only,-11.06,38.53,6.41,-9.764,12.879,-16.671,True,0.067,False,False,not_tired,False,not_asleep,False,0.0,False,False,False,0.0,forward,head_pose_only,False,False,False,1,0,
Twitch streamer starts to fall asleep while driving....mp4,True,43.633,0.2475,0.1683,0.1305,0.0042,0.0,False,gaze_stable,head_pose_only,-9.89,40.56,8.59,-9.44,18.09,-16.56,True,0.1,False,False,not_tired,False,sleep_pose_counting,True,0.0,True,False,False,0.0,head_away,head_pose_only,False,False,False,1,0,
Twitch streamer starts to fall asleep while driving....mp4,True,43.667,0.2317,0.1357,0.1304,0.0048,0.0,False,gaze_stable,head_pose_only,-10.52,40.73,7.24,-10.07,18.26,-17.91,True,0.133,False,False,not_tired,False,sleep_pose_counting,True,0.033,True,False,False,0.033,head_away,head_pose_only,False,False,False,1,0,
Twitch streamer starts to fall asleep while driving....mp4,True,43.7,0.18,0.1007,0.1311,0.0065,0.0,False,eyes_too_closed,head_pose_only,-11.57,40.61,5.58,-11.12,18.14,-19.57,True,0.167,False,False,not_tired,False,sleep_pose_counting,True,0.067,True,False,False,0.067,head_away,head_pose_only,False,False,False,1,0,
Twitch streamer starts to fall asleep while driving....mp4,True,43.733,0.1628,0.1453,0.1318,0.0072,0.0,False,eyes_too_closed,head_pose_only,-9.91,41.07,9.88,-9.46,18.6,-15.27,True,0.2,False,False,not_tired,False,sleep_pose_counting,True,0.1,True,False,False,0.1,head_away,head_pose_only,False,False,False,1,0,
Twitch streamer starts to fall asleep while driving....mp4,True,43.767,0.2341,0.0577,0.1317,0.0057,0.0,False,gaze_stable,head_pose_only,-9.8,40.0,9.27,-9.427,18.279,-15.453,True,0.233,False,False,not_tired,False,sleep_pose_counting,True,0.133,True,False,False,0.133,head_away,head_pose_only,False,False,False,1,0,
Twitch streamer starts to fall asleep while driving....mp4,True,43.8,0.2291,0.0407,0.1316,0.0057,0.0,False,gaze_stable,head_pose_only,-8.73,39.98,10.25,-9.083,18.048,-15.287,True,0.267,False,False,not_tired,False,sleep_pose_counting,True,0.167,True,False,False,0.167,head_away,head_pose_only,False,False,False,1,0,
Twitch streamer starts to fall asleep while driving....mp4,True,43.833,0.2881,0.0633,0.1315,0.0042,0.0,False,gaze_stable,head_pose_only,-8.36,38.92,9.69,-8.731,17.569,-15.339,True,0.3,False,False,not_tired,False,sleep_pose_counting,True,0.2,True,False,False,0.2,forward,head_pose_only,False,False,False,1,0,
Twitch streamer starts to fall asleep while driving....mp4,True,43.867,0.4344,0.0661,0.1314,0.0041,0.0,False,gaze_stable,head_pose_only,-7.26,37.6,9.99,-8.155,16.837,-15.285,True,0.333,False,False,not_tired,False,sleep_pose_counting,True,0.233,True,False,False,0.233,forward,head_pose_only,False,False,False,1,0,
Twitch streamer starts to fall asleep while driving....mp4,True,43.9,0.4646,0.0934,0.1313,0.0057,0.0,False,gaze_stable,head_pose_only,-7.95,35.69,8.66,-7.958,15.752,-15.647,False,0.0,False,False,not_tired,False,sleep_pose_counting,True,0.267,True,False,False,0.267,forward,head_pose_only,False,False,False,1,0,
Twitch streamer starts to fall asleep while driving....mp4,True,43.933,0.4488,0.3154,0.1312,0.0044,0.0,False,gaze_stable,head_pose_only,-6.89,33.31,11.3,-7.503,14.278,-15.108,False,0.0,False,False,not_tired,False,sleep_pose_counting,True,0.3,True,False,False,0.3,forward,head_pose_only,False,False,False,1,0,
Twitch streamer starts to fall asleep while driving....mp4,True,43.967,0.4579,0.229,0.1311,0.0038,0.0,False,gaze_stable,head_pose_only,-7.32,30.58,10.23,-7.313,12.428,-15.051,False,0.0,False,False,not_tired,False,sleep_pose_counting,True,0.333,True,False,False,0.333,forward,head_pose_only,False,False,False,1,0,
Twitch streamer starts to fall asleep while driving....mp4,True,44.0,0.4449,0.6434,0.131,0.0042,0.0042,True,gaze_stable,gaze_plus_head_pose,-6.14,29.76,12.23,-6.826,10.887,-14.412,False,0.0,False,False,not_tired,False,sleep_pose_counting,True,0.367,True,False,False,0.367,forward,gaze_or_head_pose,False,False,False,1,0,
Twitch streamer starts to fall asleep while driving....mp4,True,44.033,0.479,0.7963,0.1309,0.0048,0.0048,True,gaze_stable,gaze_plus_head_pose,-7.37,27.0,10.02,-6.854,8.98,-14.627,False,0.0,False,False,not_tired,False,sleep_pose_counting,True,0.4,True,False,False,0.4,forward,gaze_or_head_pose,False,False,False,1,0,
Twitch streamer starts to fall asleep while driving....mp4,True,44.067,0.499,1.0249,0.1308,0.0047,0.0047,True,gaze_stable,gaze_plus_head_pose,-7.1,25.69,10.37,-6.793,7.252,-14.673,False,0.0,False,False,not_tired,False,not_asleep,False,0.0,True,False,False,0.433,forward,gaze_or_head_pose,False,False,False,1,0,
Twitch streamer starts to fall asleep while driving....mp4,True,44.1,0.534,1.0453,0.1307,0.0046,0.0046,True,gaze_stable,gaze_plus_head_pose,-7.22,25.55,7.51,-6.786,6.0,-15.563,False,0.0,False,False,not_tired,False,not_asleep,False,0.0,True,False,False,0.467,forward,gaze_or_head_pose,False,False,False,1,0,
Twitch streamer starts to fall asleep while driving....mp4,True,44.133,0.5077,0.7048,0.1306,0.0041,0.0041,True,gaze_stable,gaze_plus_head_pose,-7.44,24.6,9.11,-6.847,4.839,-15.706,False,0.0,False,False,not_tired,False,not_asleep,False,0.0,True,False,False,0.5,forward,gaze_or_head_pose,False,False,False,1,0,
Twitch streamer starts to fall asleep while driving....mp4,True,44.167,0.5346,0.6957,0.1305,0.0049,0.0049,True,gaze_stable,gaze_plus_head_pose,-7.15,23.51,8.95,-6.803,3.699,-15.854,False,0.0,False,False,not_tired,False,not_asleep,False,0.0,False,False,False,0.0,forward,gaze_or_head_pose,False,False,False,1,0,
Twitch streamer starts to fall asleep while driving....mp4,True,44.2,0.5393,0.9765,0.1304,0.0048,0.0048,True,gaze_stable,gaze_plus_head_pose,-7.33,22.76,8.48,-6.826,2.677,-16.099,False,0.0,False,False,not_tired,False,not_asleep,False,0.0,False,False,False,0.0,forward,gaze_or_head_pose,False,False,False,1,0,
Twitch streamer starts to fall asleep while driving....mp4,True,44.233,0.5227,0.6392,0.1303,0.0045,0.0045,True,gaze_stable,gaze_plus_head_pose,-7.34,21.8,10.23,-6.845,1.673,-15.745,False,0.0,False,False,not_tired,False,not_asleep,False,0.0,False,False,False,0.0,forward,gaze_or_head_pose,False,False,False,1,0,
Twitch streamer starts to fall asleep while driving....mp4,True,44.267,0.5303,0.9816,0.1302,0.005,0.005,True,gaze_stable,gaze_plus_head_pose,-7.59,19.89,9.25,-6.934,0.397,-15.792,False,0.0,False,False,not_tired,False,not_asleep,False,0.0,False,False,False,0.0,forward,gaze_or_head_pose,False,False,False,1,0,
Twitch streamer starts to fall asleep while driving....mp4,True,44.3,0.5168,1.0261,0.1301,0.0039,0.0039,True,gaze_stable,gaze_plus_head_pose,-7.12,21.59,9.62,-6.855,0.014,-15.713,False,0.0,False,False,not_tired,False,not_asleep,False,0.0,False,False,False,0.0,forward,gaze_or_head_pose,False,False,False,1,0,
Twitch streamer starts to fall asleep while driving....mp4,True,44.333,0.5735,0.8981,0.13,0.0045,0.0045,True,gaze_stable,gaze_plus_head_pose,-7.02,21.03,8.29,-6.769,-0.422,-16.057,False,0.0,False,False,not_tired,False,not_asleep,False,0.0,False,False,False,0.0,forward,gaze_or_head_pose,False,False,False,1,0,
Twitch streamer starts to fall asleep while driving....mp4,True,44.367,0.5365,1.026,0.1299,0.0041,0.0041,True,gaze_stable,gaze_plus_head_pose,-7.08,21.37,9.32,-6.727,-0.626,-15.989,False,0.0,False,False,not_tired,False,not_asleep,False,0.0,False,False,False,0.0,forward,gaze_or_head_pose,False,False,False,1,0,
Twitch streamer starts to fall asleep while driving....mp4,True,44.4,0.552,0.6626,0.1298,0.0043,0.0043,True,gaze_stable,gaze_plus_head_pose,-7.64,20.22,7.49,-6.866,-1.113,-16.49,False,0.0,False,False,not_tired,False,not_asleep,False,0.0,False,False,False,0.0,forward,gaze_or_head_pose,False,False,False,1,0,
Twitch streamer starts to fall asleep while driving....mp4,True,44.433,0.5339,0.9265,0.1297,0.0038,0.0038,True,gaze_stable,gaze_plus_head_pose,-8.01,20.9,7.51,-7.074,-1.25,-16.835,False,0.0,False,False,not_tired,False,not_asleep,False,0.0,False,False,False,0.0,forward,gaze_or_head_pose,False,False,False,1,0,
Twitch streamer starts to fall asleep while driving....mp4,True,44.467,0.4944,0.8213,0.1296,0.0042,0.0042,True,gaze_stable,gaze_plus_head_pose,-8.13,21.78,7.04,-7.256,-1.082,-17.218,False,0.0,False,False,not_tired,False,not_asleep,False,0.0,False,False,False,0.0,forward,gaze_or_head_pose,False,False,False,1,0,
Twitch streamer starts to fall asleep while driving....mp4,True,44.5,0.5489,1.0362,0.1295,0.0039,0.0039,True,gaze_stable,gaze_plus_head_pose,-8.83,20.8,7.23,-7.593,-1.258,-17.428,False,0.0,False,False,not_tired,False,not_asleep,False,0.0,False,False,False,0.0,forward,gaze_or_head_pose,False,False,False,1,0,
Twitch streamer starts to fall asleep while driving....mp4,True,44.533,0.5653,0.8993,0.1294,0.0042,0.0042,True,gaze_stable,gaze_plus_head_pose,-8.89,21.54,7.74,-7.847,-1.16,-17.423,False,0.0,False,False,not_tired,False,not_asleep,False,0.0,False,False,False,0.0,forward,gaze_or_head_pose,False,False,False,1,0,
Twitch streamer starts to fall asleep while driving....mp4,True,44.567,0.5482,0.894,0.1293,0.0038,0.0038,True,gaze_stable,gaze_plus_head_pose,-9.63,18.18,6.27,-8.247,-2.099,-17.86,False,0.0,False,False,not_tired,False,not_asleep,False,0.0,False,False,False,0.0,forward,gaze_or_head_pose,False,False,False,1,0,
Twitch streamer starts to fall asleep while driving....mp4,True,44.6,0.5544,1.0506,0.1292,0.0039,0.0039,True,gaze_stable,gaze_plus_head_pose,-9.55,21.12,5.83,-8.503,-1.874,-18.298,False,0.0,False,False,not_tired,False,not_asleep,False,0.0,False,False,False,0.0,forward,gaze_or_head_pose,False,False,False,1,0,
Twitch streamer starts to fall asleep while driving....mp4,True,44.633,0.5442,1.1648,0.1291,0.0042,0.0042,True,gaze_stable,gaze_plus_head_pose,-10.06,18.2,7.11,-8.835,-2.593,-18.221,False,0.0,False,False,not_tired,False,not_asleep,False,0.0,False,False,False,0.0,forward,gaze_or_head_pose,False,False,False,1,0,
Twitch streamer starts to fall asleep while driving....mp4,True,44.667,0.5341,0.9956,0.129,0.0036,0.0036,True,gaze_stable,gaze_plus_head_pose,-9.72,21.04,6.25,-8.966,-2.244,-18.424,False,0.0,False,False,not_tired,False,not_asleep,False,0.0,False,False,False,0.0,forward,gaze_or_head_pose,False,False,False,1,0,
Twitch streamer starts to fall asleep while driving....mp4,True,44.7,0.5305,1.1347,0.1289,0.0041,0.0041,True,gaze_stable,gaze_plus_head_pose,-10.22,18.96,7.12,-9.207,-2.624,-18.306,False,0.0,False,False,not_tired,False,not_asleep,False,0.0,False,False,False,0.0,forward,gaze_or_head_pose,False,False,False,1,0,
Twitch streamer starts to fall asleep while driving....mp4,True,44.733,0.535,0.9356,0.1288,0.0041,0.0041,True,gaze_stable,gaze_plus_head_pose,-10.12,19.86,7.31,-9.346,-2.62,-18.166,False,0.0,False,False,not_tired,False,not_asleep,False,0.0,False,False,False,0.0,forward,gaze_or_head_pose,False,False,False,1,0,
Twitch streamer starts to fall asleep while driving....mp4,True,44.767,0.5197,1.0166,0.1287,0.0038,0.0038,True,gaze_stable,gaze_plus_head_pose,-10.15,19.43,7.15,-9.452,-2.746,-18.116,False,0.0,False,False,not_tired,False,not_asleep,False,0.0,False,False,False,0.0,forward,gaze_or_head_pose,False,False,False,1,0,
Twitch streamer starts to fall asleep while driving....mp4,True,44.8,0.5183,0.8657,0.1286,0.0042,0.0042,True,gaze_stable,gaze_plus_head_pose,-10.04,17.8,8.08,-9.493,-3.323,-17.802,False,0.0,False,False,not_tired,False,not_asleep,False,0.0,False,False,False,0.0,forward,gaze_or_head_pose,False,False,False,1,0,
Twitch streamer starts to fall asleep while driving....mp4,True,44.833,0.5405,0.8023,0.1285,0.0042,0.0042,True,gaze_stable,gaze_plus_head_pose,-10.03,18.9,8.29,-9.519,-3.397,-17.52,False,0.0,False,False,not_tired,False,not_asleep,False,0.0,False,False,False,0.0,forward,gaze_or_head_pose,False,False,False,1,0,
Twitch streamer starts to fall asleep while driving....mp4,True,44.867,0.5295,0.8389,0.1284,0.0042,0.0042,True,gaze_stable,gaze_plus_head_pose,-10.04,19.42,8.96,-9.541,-3.293,-17.121,False,0.0,False,False,not_tired,False,not_asleep,False,0.0,False,False,False,0.0,forward,gaze_or_head_pose,False,False,False,1,0,
Twitch streamer starts to fall asleep while driving....mp4,True,44.9,0.5112,0.7095,0.1283,0.0046,0.0046,True,gaze_stable,gaze_plus_head_pose,-9.38,19.27,9.66,-9.357,-3.265,-16.632,False,0.0,False,False,not_tired,False,not_asleep,False,0.0,False,False,False,0.0,forward,gaze_or_head_pose,False,False,False,1,0,
Twitch streamer starts to fall asleep while driving....mp4,True,44.933,0.5168,0.9524,0.1282,0.0039,0.0039,True,gaze_stable,gaze_plus_head_pose,-9.32,20.77,9.15,-9.211,-2.796,-16.442,False,0.0,False,False,not_tired,False,not_asleep,False,0.0,False,False,False,0.0,forward,gaze_or_head_pose,False,False,False,1,0,
Twitch streamer starts to fall asleep while driving....mp4,True,44.967,0.5334,0.8053,0.1281,0.0039,0.0039,True,gaze_stable,gaze_plus_head_pose,-8.62,20.43,10.17,-8.899,-2.569,-16.003,False,0.0,False,False,not_tired,False,not_asleep,False,0.0,False,False,False,0.0,forward,gaze_or_head_pose,False,False,False,1,0,
Twitch streamer starts to fall asleep while driving....mp4,True,45.0,0.53,0.9586,0.1281,0.0043,0.0043,True,gaze_stable,gaze_plus_head_pose,-7.85,19.4,10.52,-8.449,-2.719,-15.591,False,0.0,False,False,not_tired,False,not_asleep,False,0.0,False,False,False,0.0,forward,gaze_or_head_pose,False,False,False,1,0,
Twitch streamer starts to fall asleep while driving....mp4,True,45.033,0.536,0.7815,0.128,0.0042,0.0042,True,gaze_stable,gaze_plus_head_pose,-7.74,20.0,9.15,-8.101,-2.644,-15.714,False,0.0,False,False,not_tired,False,not_asleep,False,0.0,False,False,False,0.0,forward,gaze_or_head_pose,False,False,False,1,0,
Twitch streamer starts to fall asleep while driving....mp4,True,45.067,0.5417,0.9406,0.1279,0.0044,0.0044,True,gaze_stable,gaze_plus_head_pose,-7.2,19.65,10.19,-7.696,-2.697,-15.488,False,0.0,False,False,not_tired,False,not_asleep,False,0.0,False,False,False,0.0,forward,gaze_or_head_pose,False,False,False,1,0,
Twitch streamer starts to fall asleep while driving....mp4,True,45.1,0.529,0.6954,0.1278,0.0042,0.0042,True,gaze_stable,gaze_plus_head_pose,-7.43,17.65,10.93,-7.481,-3.334,-15.107,False,0.0,False,False,not_tired,False,not_asleep,False,0.0,False,False,False,0.0,forward,gaze_or_head_pose,False,False,False,1,0,
Twitch streamer starts to fall asleep while driving....mp4,True,45.133,0.5358,0.5463,0.1277,0.0044,0.0044,True,gaze_stable,gaze_plus_head_pose,-7.5,18.1,10.63,-7.352,-3.645,-14.931,False,0.0,False,False,not_tired,False,not_asleep,False,0.0,False,False,False,0.0,forward,gaze_or_head_pose,False,False,False,1,0,
Twitch streamer starts to fall asleep while driving....mp4,True,45.167,0.5423,0.71,0.1276,0.0041,0.0041,True,gaze_stable,gaze_plus_head_pose,-7.74,15.54,11.19,-7.333,-4.63,-14.64,False,0.0,False,False,not_tired,False,not_asleep,False,0.0,False,False,False,0.0,forward,gaze_or_head_pose,False,False,False,1,0,
Twitch streamer starts to fall asleep while driving....mp4,True,45.2,0.5247,0.4833,0.1275,0.0041,0.0041,True,gaze_stable,gaze_plus_head_pose,-7.57,14.69,10.42,-7.269,-5.575,-14.667,False,0.0,False,False,not_tired,False,not_asleep,False,0.0,False,False,False,0.0,forward,gaze_or_head_pose,False,False,False,1,0,
Twitch streamer starts to fall asleep while driving....mp4,True,45.233,0.5326,0.4717,0.1274,0.0048,0.0048,True,gaze_stable,gaze_plus_head_pose,-8.02,12.97,12.2,-7.36,-6.753,-14.152,False,0.0,False,False,not_tired,False,not_asleep,False,0.0,False,False,False,0.0,forward,gaze_or_head_pose,False,False,False,1,0,
Twitch streamer starts to fall asleep while driving....mp4,True,45.267,0.4923,0.5581,0.1273,0.0048,0.0048,True,gaze_stable,gaze_plus_head_pose,-7.78,12.37,11.34,-7.351,-7.757,-14.049,False,0.0,False,False,not_tired,False,not_asleep,False,0.0,False,False,False,0.0,forward,gaze_or_head_pose,False,False,False,1,0,
Twitch streamer starts to fall asleep while driving....mp4,True,45.3,0.5014,0.346,0.1272,0.0045,0.0045,True,gaze_stable,gaze_plus_head_pose,-7.81,11.05,11.39,-7.353,-8.856,-13.962,False,0.0,False,False,not_tired,False,not_asleep,False,0.0,False,False,False,0.0,forward,gaze_or_head_pose,False,False,False,1,0,
Twitch streamer starts to fall asleep while driving....mp4,True,45.333,0.5112,0.3644,0.1271,0.0046,0.0046,True,gaze_stable,gaze_plus_head_pose,-8.29,9.52,10.51,-7.499,-10.084,-14.166,False,0.0,False,False,not_tired,False,not_asleep,False,0.0,False,False,False,0.0,forward,gaze_or_head_pose,False,False,False,1,0,
Twitch streamer starts to fall asleep while driving....mp4,True,45.367,0.4796,0.4614,0.127,0.0045,0.0045,True,gaze_stable,gaze_plus_head_pose,-8.43,8.55,10.63,-7.644,-11.235,-14.272,False,0.0,False,False,not_tired,False,not_asleep,False,0.0,False,False,False,0.0,forward,gaze_or_head_pose,False,False,False,1,0,
Twitch streamer starts to fall asleep while driving....mp4,True,45.4,0.5081,0.3953,0.1269,0.0048,0.0048,True,gaze_stable,gaze_plus_head_pose,-9.02,7.56,10.14,-7.922,-12.337,-14.493,False,0.0,False,False,not_tired,False,not_asleep,False,0.0,False,False,False,0.0,forward,gaze_or_head_pose,False,False,False,1,0,
Twitch streamer starts to fall asleep while driving....mp4,True,45.433,0.4979,0.4542,0.1268,0.0038,0.0038,True,gaze_stable,gaze_plus_head_pose,-9.18,7.82,10.13,-8.164,-13.031,-14.651,False,0.0,False,False,not_tired,False,not_asleep,False,0.0,False,False,False,0.0,forward,gaze_or_head_pose,False,False,False,1,0,
Twitch streamer starts to fall asleep while driving....mp4,True,45.467,0.5236,0.4621,0.1267,0.0047,0.0047,True,gaze_stable,gaze_plus_head_pose,-9.82,7.4,10.79,-8.526,-13.643,-14.564,False,0.0,False,False,not_tired,False,not_asleep,False,0.0,False,False,False,0.0,forward,gaze_or_head_pose,False,False,False,1,0,
Twitch streamer starts to fall asleep while driving....mp4,True,45.5,0.5066,0.4708,0.1266,0.0052,0.0052,True,gaze_stable,gaze_plus_head_pose,-9.87,8.93,9.7,-8.794,-13.612,-14.83,False,0.0,False,False,not_tired,False,not_asleep,False,0.0,False,False,False,0.0,forward,gaze_or_head_pose,False,False,False,1,0,
Twitch streamer starts to fall asleep while driving....mp4,True,45.533,0.4985,0.4596,0.1266,0.0047,0.0047,True,gaze_stable,gaze_plus_head_pose,-9.87,8.17,9.12,-8.982,-13.818,-15.19,False,0.0,False,False,not_tired,False,not_asleep,False,0.0,False,False,False,0.0,forward,gaze_or_head_pose,False,False,False,1,0,
Twitch streamer starts to fall asleep while driving....mp4,True,45.567,0.4979,0.6263,0.1265,0.0047,0.0047,True,gaze_stable,gaze_plus_head_pose,-9.54,8.75,9.26,-9.014,-13.789,-15.4,False,0.0,False,False,not_tired,False,not_asleep,False,0.0,False,False,False,0.0,forward,gaze_or_head_pose,False,False,False,1,0,
Twitch streamer starts to fall asleep while driving....mp4,True,45.6,0.523,0.4842,0.1264,0.0045,0.0045,True,gaze_stable,gaze_plus_head_pose,-9.54,8.45,8.2,-9.037,-13.858,-15.865,False,0.0,False,False,not_tired,False,not_asleep,False,0.0,False,False,False,0.0,forward,gaze_or_head_pose,False,False,False,1,0,
Twitch streamer starts to fall asleep while driving....mp4,True,45.633,0.5029,0.4327,0.1263,0.0044,0.0044,True,gaze_stable,gaze_plus_head_pose,-9.26,9.46,9.18,-8.969,-13.604,-15.896,False,0.0,False,False,not_tired,False,not_asleep,False,0.0,False,False,False,0.0,forward,gaze_or_head_pose,False,False,False,1,0,
Twitch streamer starts to fall asleep while driving....mp4,True,45.667,0.5284,0.362,0.1262,0.0044,0.0044,True,gaze_stable,gaze_plus_head_pose,-8.95,8.93,8.42,-8.828,-13.585,-16.147,False,0.0,False,False,not_tired,False,not_asleep,False,0.0,False,False,False,0.0,forward,gaze_or_head_pose,False,False,False,1,0,
Twitch streamer starts to fall asleep while driving....mp4,True,45.7,0.5187,0.4588,0.1261,0.0046,0.0046,True,gaze_stable,gaze_plus_head_pose,-9.01,9.39,9.56,-8.748,-13.433,-15.98,False,0.0,False,False,not_tired,False,not_asleep,False,0.0,False,False,False,0.0,forward,gaze_or_head_pose,False,False,False,1,0,
Twitch streamer starts to fall asleep while driving....mp4,True,45.733,0.5255,0.4146,0.126,0.0045,0.0045,True,gaze_stable,gaze_plus_head_pose,-8.86,9.31,8.46,-8.646,-13.351,-16.193,False,0.0,False,False,not_tired,False,not_asleep,False,0.0,False,False,False,0.0,forward,gaze_or_head_pose,False,False,False,1,0,
Twitch streamer starts to fall asleep while driving....mp4,True,45.767,0.5227,0.4396,0.1259,0.0048,0.0048,True,gaze_stable,gaze_plus_head_pose,-8.96,10.19,7.87,-8.606,-13.03,-16.519,False,0.0,False,False,not_tired,False,not_asleep,False,0.0,False,False,False,0.0,forward,gaze_or_head_pose,False,False,False,1,0,
Twitch streamer starts to fall asleep while driving....mp4,True,45.8,0.5154,0.4983,0.1258,0.004,0.004,True,gaze_stable,gaze_plus_head_pose,-8.56,9.95,9.63,-8.457,-12.877,-16.219,False,0.0,False,False,not_tired,False,not_asleep,False,0.0,False,False,False,0.0,forward,gaze_or_head_pose,False,False,False,1,0,
Twitch streamer starts to fall asleep while driving....mp4,True,45.833,0.5283,0.5698,0.1257,0.0043,0.0043,True,gaze_stable,gaze_plus_head_pose,-8.48,10.91,9.46,-8.329,-12.482,-16.06,False,0.0,False,False,not_tired,False,not_asleep,False,0.0,False,False,False,0.0,forward,gaze_or_head_pose,False,False,False,1,0,
Twitch streamer starts to fall asleep while driving....mp4,True,45.867,0.5323,0.4704,0.1256,0.0038,0.0038,True,gaze_stable,gaze_plus_head_pose,-7.91,10.89,10.04,-8.068,-12.211,-15.775,False,0.0,False,False,not_tired,False,not_asleep,False,0.0,False,False,False,0.0,forward,gaze_or_head_pose,False,False,False,1,0,
Twitch streamer starts to fall asleep while driving....mp4,True,45.9,0.5444,0.4867,0.1255,0.0048,0.0048,True,gaze_stable,gaze_plus_head_pose,-7.94,10.8,10.5,-7.895,-12.049,-15.438,False,0.0,False,False,not_tired,False,not_asleep,False,0.0,False,False,False,0.0,forward,gaze_or_head_pose,False,False,False,1,0,
Twitch streamer starts to fall asleep while driving....mp4,True,45.933,0.5201,0.5447,0.1255,0.0042,0.0042,True,gaze_stable,gaze_plus_head_pose,-7.32,11.36,10.16,-7.587,-11.767,-15.303,False,0.0,False,False,not_tired,False,not_asleep,False,0.0,False,False,False,0.0,forward,gaze_or_head_pose,False,False,False,1,0,
Twitch streamer starts to fall asleep while driving....mp4,True,45.967,0.5321,0.5201,0.1254,0.0047,0.0047,True,gaze_stable,gaze_plus_head_pose,-7.6,10.86,10.95,-7.456,-11.72,-14.972,False,0.0,False,False,not_tired,False,not_asleep,False,0.0,False,False,False,0.0,forward,gaze_or_head_pose,False,False,False,1,0,
Twitch streamer starts to fall asleep while driving....mp4,True,46.0,0.5211,0.5333,0.1253,0.0045,0.0045,True,gaze_stable,gaze_plus_head_pose,-7.38,11.33,10.35,-7.298,-11.546,-14.921,False,0.0,False,False,not_tired,False,not_asleep,False,0.0,False,False,False,0.0,forward,gaze_or_head_pose,False,False,False,1,0,
Twitch streamer starts to fall asleep while driving....mp4,True,46.033,0.5513,0.4745,0.1252,0.0042,0.0042,True,gaze_stable,gaze_plus_head_pose,-7.43,11.4,11.24,-7.203,-11.403,-14.617,False,0.0,False,False,not_tired,False,not_asleep,False,0.0,False,False,False,0.0,forward,gaze_or_head_pose,False,False,False,1,0,
Twitch streamer starts to fall asleep while driving....mp4,True,46.067,0.5396,0.4895,0.1251,0.0047,0.0047,True,gaze_stable,gaze_plus_head_pose,-7.61,12.15,12.1,-7.19,-11.078,-14.147,False,0.0,False,False,not_tired,False,not_asleep,False,0.0,False,False,False,0.0,forward,gaze_or_head_pose,False,False,False,1,0,
Twitch streamer starts to fall asleep while driving....mp4,True,46.1,0.5469,0.5401,0.125,0.0039,0.0039,True,gaze_stable,gaze_plus_head_pose,-7.23,12.55,11.43,-7.067,-10.731,-14.019,False,0.0,False,False,not_tired,False,not_asleep,False,0.0,False,False,False,0.0,forward,gaze_or_head_pose,False,False,False,1,0,
Twitch streamer starts to fall asleep while driving....mp4,True,46.133,0.5746,0.5087,0.1249,0.0047,0.0047,True,gaze_stable,gaze_plus_head_pose,-7.69,11.47,12.48,-7.119,-10.812,-13.614,False,0.0,False,False,not_tired,False,not_asleep,False,0.0,False,False,False,0.0,forward,gaze_or_head_pose,False,False,False,1,0,
Twitch streamer starts to fall asleep while driving....mp4,True,46.167,0.5436,0.5505,0.1248,0.0041,0.0041,True,gaze_stable,gaze_plus_head_pose,-7.49,11.76,11.29,-7.095,-10.781,-13.688,False,0.0,False,False,not_tired,False,not_asleep,False,0.0,False,False,False,0.0,forward,gaze_or_head_pose,False,False,False,1,0,
Twitch streamer starts to fall asleep while driving....mp4,True,46.2,0.5427,0.5673,0.1247,0.0037,0.0037,True,gaze_stable,gaze_plus_head_pose,-7.59,11.8,11.66,-7.109,-10.748,-13.629,False,0.0,False,False,not_tired,False,not_asleep,False,0.0,False,False,False,0.0,forward,gaze_or_head_pose,False,False,False,1,0,
Twitch streamer starts to fall asleep while driving....mp4,True,46.233,0.5174,0.5074,0.1246,0.0046,0.0046,True,gaze_stable,gaze_plus_head_pose,-7.77,11.78,11.3,-7.172,-10.73,-13.695,False,0.0,False,False,not_tired,False,not_asleep,False,0.0,False,False,False,0.0,forward,gaze_or_head_pose,False,False,False,1,0,
Twitch streamer starts to fall asleep while driving....mp4,True,46.267,0.5168,0.483,0.1246,0.0041,0.0041,True,gaze_stable,gaze_plus_head_pose,-7.76,12.26,9.58,-7.213,-10.574,-14.258,False,0.0,False,False,not_tired,False,not_asleep,False,0.0,False,False,False,0.0,forward,gaze_or_head_pose,False,False,False,1,0,
Twitch streamer starts to fall asleep while driving....mp4,True,46.3,0.5203,0.4958,0.1245,0.0045,0.0045,True,gaze_stable,gaze_plus_head_pose,-8.45,12.48,9.55,-7.449,-10.399,-14.66,False,0.0,False,False,not_tired,False,not_asleep,False,0.0,False,False,False,0.0,forward,gaze_or_head_pose,False,False,False,1,0,
Twitch streamer starts to fall asleep while driving....mp4,True,46.333,0.5169,0.4235,0.1244,0.0052,0.0052,True,gaze_stable,gaze_plus_head_pose,-9.06,12.54,7.85,-7.798,-10.258,-15.452,False,0.0,False,False,not_tired,False,not_asleep,False,0.0,False,False,False,0.0,forward,gaze_or_head_pose,False,False,False,1,0,
Twitch streamer starts to fall asleep while driving....mp4,True,46.367,0.519,0.4969,0.1243,0.0048,0.0048,True,gaze_stable,gaze_plus_head_pose,-9.62,13.03,7.77,-8.209,-10.013,-16.031,False,0.0,False,False,not_tired,False,not_asleep,False,0.0,False,False,False,0.0,forward,gaze_or_head_pose,False,False,False,1,0,
Twitch streamer starts to fall asleep while driving....mp4,True,46.4,0.5396,0.5046,0.1242,0.0046,0.0046,True,gaze_stable,gaze_plus_head_pose,-9.2,12.78,7.6,-8.372,-9.916,-16.486,False,0.0,False,False,not_tired,False,not_asleep,False,0.0,False,False,False,0.0,forward,gaze_or_head_pose,False,False,False,1,0,
Twitch streamer starts to fall asleep while driving....mp4,True,46.433,0.5287,0.4172,0.1241,0.0045,0.0045,True,gaze_stable,gaze_plus_head_pose,-10.27,13.37,7.32,-8.806,-9.671,-16.889,False,0.0,False,False,not_tired,False,not_asleep,False,0.0,False,False,False,0.0,forward,gaze_or_head_pose,False,False,False,1,0,
Twitch streamer starts to fall asleep while driving....mp4,True,46.467,0.4225,0.4434,0.124,0.0045,0.0045,True,gaze_stable,gaze_plus_head_pose,-9.55,13.62,7.3,-8.894,-9.425,-17.178,False,0.0,False,False,not_tired,False,not_asleep,False,0.0,False,False,False,0.0,forward,gaze_or_head_pose,False,False,False,1,0,
Twitch streamer starts to fall asleep while driving....mp4,True,46.5,0.4216,0.4329,0.1239,0.0045,0.0045,True,gaze_stable,gaze_plus_head_pose,-10.02,13.22,5.71,-9.097,-9.372,-17.856,False,0.0,False,False,not_tired,False,not_asleep,False,0.0,False,False,False,0.0,forward,gaze_or_head_pose,False,False,False,1,0,
Twitch streamer starts to fall asleep while driving....mp4,True,46.533,0.3878,0.4326,0.1238,0.0039,0.0039,True,gaze_stable,gaze_plus_head_pose,-9.65,13.44,6.03,-9.128,-9.27,-18.235,False,0.0,False,False,not_tired,False,not_asleep,False,0.0,False,False,False,0.0,forward,gaze_or_head_pose,False,False,False,1,0,
Twitch streamer starts to fall asleep while driving....mp4,True,46.567,0.3688,0.4049,0.1237,0.0041,0.0041,True,gaze_stable,gaze_plus_head_pose,-9.33,10.0,4.09,-9.054,-10.23,-19.083,False,0.0,False,False,not_tired,False,not_asleep,False,0.0,False,False,False,0.0,forward,gaze_or_head_pose,False,False,False,1,0,
Twitch streamer starts to fall asleep while driving....mp4,True,46.6,0.3439,0.4262,0.1237,0.0042,0.0042,True,gaze_stable,gaze_plus_head_pose,-9.73,9.18,2.58,-9.28,-13.29,-22.57,False,0.0,False,False,not_tired,False,not_asleep,False,0.0,True,False,False,0.0,head_away,gaze_or_head_pose,False,False,False,1,0,
Twitch streamer starts to fall asleep while driving....mp4,True,46.633,0.3276,0.6091,0.1236,0.0034,0.0034,True,gaze_stable,gaze_plus_head_pose,-8.94,8.54,2.3,-8.49,-13.93,-22.85,False,0.0,False,False,not_tired,False,not_asleep,False,0.0,True,False,False,0.033,head_away,gaze_or_head_pose,False,False,False,1,0,
Twitch streamer starts to fall asleep while driving....mp4,True,46.667,0.3156,0.4558,0.1235,0.0042,0.0042,True,gaze_stable,gaze_plus_head_pose,-8.67,6.77,2.53,-8.22,-15.7,-22.62,False,0.0,False,False,not_tired,False,not_asleep,False,0.0,True,False,False,0.067,head_away,gaze_or_head_pose,False,False,False,1,0,
Twitch streamer starts to fall asleep while driving....mp4,True,46.7,0.2912,0.4902,0.1234,0.0054,0.0054,True,gaze_stable,gaze_plus_head_pose,-8.0,3.99,2.29,-7.55,-18.48,-22.86,False,0.0,False,False,not_tired,False,sleep_pose_counting,True,0.0,True,False,False,0.1,head_away,gaze_or_head_pose,False,False,False,1,0,
Twitch streamer starts to fall asleep while driving....mp4,True,46.733,0.2858,0.475,0.1233,0.0049,0.0049,True,gaze_stable,gaze_plus_head_pose,-7.94,4.54,1.6,-7.49,-17.93,-23.55,False,0.0,False,False,not_tired,False,sleep_pose_counting,True,0.033,True,False,False,0.133,head_away,gaze_or_head_pose,False,False,False,1,0,
Twitch streamer starts to fall asleep while driving....mp4,True,46.767,0.294,0.4665,0.1232,0.0046,0.0046,True,gaze_stable,gaze_plus_head_pose,-8.28,4.12,2.57,-7.83,-18.35,-22.58,False,0.0,False,False,not_tired,False,sleep_pose_counting,True,0.067,True,False,False,0.167,head_away,gaze_or_head_pose,False,False,False,1,0,
Twitch streamer starts to fall asleep while driving....mp4,True,46.8,0.2943,0.4497,0.1231,0.0039,0.0039,True,gaze_stable,gaze_plus_head_pose,-7.59,2.82,2.68,-7.14,-19.65,-22.47,False,0.0,False,False,not_tired,False,sleep_pose_counting,True,0.1,True,False,False,0.2,head_away,gaze_or_head_pose,False,False,False,1,0,
Twitch streamer starts to fall asleep while driving....mp4,True,46.833,0.295,0.4838,0.123,0.0049,0.0049,True,gaze_stable,gaze_plus_head_pose,-7.59,1.29,2.91,-7.14,-21.18,-22.24,False,0.0,False,False,not_tired,False,sleep_pose_counting,True,0.133,True,False,False,0.233,head_away,gaze_or_head_pose,False,False,False,1,0,
Twitch streamer starts to fall asleep while driving....mp4,True,46.867,0.2478,0.4912,0.123,0.0045,0.0045,True,gaze_stable,gaze_plus_head_pose,-7.3,1.44,2.79,-6.85,-21.03,-22.36,False,0.0,False,False,not_tired,False,sleep_pose_counting,True,0.167,True,False,False,0.267,head_away,gaze_or_head_pose,False,False,False,1,0,
Twitch streamer starts to fall asleep while driving....mp4,True,46.9,0.3382,0.5012,0.1229,0.0051,0.0051,True,gaze_stable,gaze_plus_head_pose,-7.02,-0.22,3.42,-6.57,-22.69,-21.73,False,0.0,False,False,not_tired,False,sleep_pose_counting,True,0.2,True,False,False,0.3,head_away,gaze_or_head_pose,False,False,False,1,0,
Twitch streamer starts to fall asleep while driving....mp4,True,46.933,0.3128,0.5243,0.1228,0.0048,0.0048,True,gaze_stable,gaze_plus_head_pose,-6.79,0.56,3.12,-6.34,-21.91,-22.03,False,0.0,False,False,not_tired,False,sleep_pose_counting,True,0.233,True,False,False,0.333,head_away,gaze_or_head_pose,False,False,False,1,0,
Twitch streamer starts to fall asleep while driving....mp4,True,46.967,0.2864,0.4905,0.1227,0.005,0.005,True,gaze_stable,gaze_plus_head_pose,-6.58,0.23,3.35,-6.13,-22.24,-21.8,False,0.0,False,False,not_tired,False,sleep_pose_counting,True,0.267,True,False,False,0.367,head_away,gaze_or_head_pose,False,False,False,1,0,
Twitch streamer starts to fall asleep while driving....mp4,True,47.0,0.3049,0.4887,0.1226,0.0043,0.0043,True,gaze_stable,gaze_plus_head_pose,-6.57,-0.06,3.49,-6.12,-22.53,-21.66,False,0.0,False,False,not_tired,False,sleep_pose_counting,True,0.3,True,False,False,0.4,head_away,gaze_or_head_pose,False,False,False,1,0,
Twitch streamer starts to fall asleep while driving....mp4,True,47.033,0.2585,0.4564,0.1225,0.0043,0.0043,True,gaze_stable,gaze_plus_head_pose,-6.23,1.52,2.93,-5.78,-20.95,-22.22,False,0.0,False,False,not_tired,False,sleep_pose_counting,True,0.333,True,False,False,0.433,head_away,gaze_or_head_pose,False,False,False,1,0,
Twitch streamer starts to fall asleep while driving....mp4,True,47.067,0.3033,0.4762,0.1224,0.0044,0.0044,True,gaze_stable,gaze_plus_head_pose,-6.72,0.97,3.01,-6.27,-21.5,-22.14,False,0.0,False,False,not_tired,False,sleep_pose_counting,True,0.367,True,False,False,0.467,head_away,gaze_or_head_pose,False,False,False,1,0,
Twitch streamer starts to fall asleep while driving....mp4,True,47.1,0.3215,0.4802,0.1223,0.0046,0.0046,True,gaze_stable,gaze_plus_head_pose,-6.35,1.25,2.82,-5.9,-21.22,-22.33,False,0.0,False,False,not_tired,False,sleep_pose_counting,True,0.4,True,False,False,0.5,head_away,gaze_or_head_pose,False,False,False,1,0,
Twitch streamer starts to fall asleep while driving....mp4,True,47.133,0.2614,0.4695,0.1223,0.0045,0.0045,True,gaze_stable,gaze_plus_head_pose,-6.55,1.24,2.96,-6.1,-21.23,-22.19,False,0.0,False,False,not_tired,False,sleep_pose_counting,True,0.433,True,False,False,0.533,head_away,gaze_or_head_pose,False,False,False,1,0,
Twitch streamer starts to fall asleep while driving....mp4,True,47.167,0.3216,0.4802,0.1222,0.0043,0.0043,True,gaze_stable,gaze_plus_head_pose,-6.35,0.62,2.94,-5.9,-21.85,-22.21,False,0.0,False,False,not_tired,False,sleep_pose_counting,True,0.467,True,False,False,0.567,head_away,gaze_or_head_pose,False,False,False,1,0,
Twitch streamer starts to fall asleep while driving....mp4,True,47.2,0.2912,0.4793,0.1221,0.0041,0.0041,True,gaze_stable,gaze_plus_head_pose,-6.66,1.28,3.58,-6.21,-21.19,-21.57,False,0.0,False,False,not_tired,False,sleep_pose_counting,True,0.5,True,False,False,0.6,head_away,gaze_or_head_pose,False,False,False,1,0,
Twitch streamer starts to fall asleep while driving....mp4,True,47.233,0.2484,0.4865,0.122,0.0045,0.0045,True,gaze_stable,gaze_plus_head_pose,-6.09,2.03,3.41,-5.64,-20.44,-21.74,False,0.0,False,False,not_tired,False,sleep_pose_counting,True,0.533,True,False,False,0.633,head_away,gaze_or_head_pose,False,False,False,1,0,
Twitch streamer starts to fall asleep while driving....mp4,True,47.267,0.2293,0.4734,0.1219,0.0045,0.0045,True,gaze_stable,gaze_plus_head_pose,-5.78,2.31,5.27,-5.33,-20.16,-19.88,False,0.0,False,False,not_tired,False,sleep_pose_counting,True,0.567,True,False,False,0.667,head_away,gaze_or_head_pose,False,False,False,1,0,
Twitch streamer starts to fall asleep while driving....mp4,True,47.3,0.2395,0.4776,0.1218,0.0043,0.0043,True,gaze_stable,gaze_plus_head_pose,-5.65,3.26,4.74,-5.2,-19.21,-20.41,False,0.0,False,False,not_tired,False,sleep_pose_counting,True,0.6,True,False,False,0.7,head_away,gaze_or_head_pose,False,False,False,1,0,
Twitch streamer starts to fall asleep while driving....mp4,True,47.333,0.2586,0.5062,0.1217,0.004,0.004,True,gaze_stable,gaze_plus_head_pose,-5.49,3.59,6.93,-5.04,-18.88,-18.22,False,0.0,False,False,not_tired,False,sleep_pose_counting,True,0.633,True,False,False,0.733,head_away,gaze_or_head_pose,False,False,False,1,0,
Twitch streamer starts to fall asleep while driving....mp4,True,47.367,0.1312,0.056,0.1224,0.0025,0.0,False,eyes_too_closed,head_pose_only,-6.3,5.17,6.54,-5.283,-18.406,-18.337,True,0.0,False,False,not_tired,False,sleep_pose_counting,True,0.667,True,False,False,0.767,head_away,head_pose_only,False,False,False,1,0,
Twitch streamer starts to fall asleep while driving....mp4,True,47.4,0.195,0.6964,0.123,0.0043,0.0,False,gaze_stable,head_pose_only,-5.79,5.7,7.63,-5.3,-17.915,-18.092,True,0.033,False,False,not_tired,False,sleep_pose_counting,True,0.7,True,False,False,0.8,forward,head_pose_only,False,False,False,1,0,
Twitch streamer starts to fall asleep while driving....mp4,True,47.433,0.1716,0.6194,0.1236,0.0044,0.0,False,eyes_too_closed,head_pose_only,-5.99,5.58,7.4,-5.372,-17.608,-17.989,True,0.067,False,False,not_tired,False,sleep_pose_counting,True,0.733,True,False,False,0.833,forward,head_pose_only,False,False,False,1,0,
Twitch streamer starts to fall asleep while driving....mp4,True,47.467,0.208,0.5404,0.1242,0.0035,0.0,False,gaze_stable,head_pose_only,-6.23,6.09,7.41,-5.494,-17.239,-17.915,True,0.1,False,False,not_tired,False,sleep_pose_counting,True,0.767,True,False,False,0.867,forward,head_pose_only,False,False,False,1,0,
Twitch streamer starts to fall asleep while driving....mp4,True,47.5,0.2481,0.5441,0.1241,0.0042,0.0,False,gaze_stable,head_pose_only,-6.18,5.84,7.73,-5.565,-17.057,-17.766,True,0.133,False,False,not_tired,False,sleep_pose_counting,True,0.8,True,False,False,0.9,forward,head_pose_only,False,False,False,1,0,
Twitch streamer starts to fall asleep while driving....mp4,True,47.533,0.2275,0.7035,0.124,0.0044,0.0,False,gaze_stable,head_pose_only,-6.61,7.73,8.24,-5.744,-16.362,-17.509,True,0.167,False,False,not_tired,False,sleep_pose_counting,True,0.833,True,False,False,0.933,forward,head_pose_only,False,False,False,1,0,
Twitch streamer starts to fall asleep while driving....mp4,True,47.567,0.2853,0.5881,0.1239,0.0054,0.0,False,gaze_stable,head_pose_only,-7.02,7.95,8.76,-5.992,-15.809,-17.174,True,0.2,False,False,not_tired,False,sleep_pose_counting,True,0.867,True,False,False,0.967,forward,head_pose_only,False,False,False,1,0,
Twitch streamer starts to fall asleep while driving....mp4,True,47.6,0.2944,0.5786,0.1239,0.0057,0.0,False,gaze_stable,head_pose_only,-6.86,10.55,8.72,-6.117,-14.642,-16.95,True,0.233,False,False,not_tired,False,sleep_pose_counting,True,0.9,True,False,False,1.0,forward,head_pose_only,False,False,False,1,0,
Twitch streamer starts to fall asleep while driving....mp4,True,47.633,0.2845,0.6113,0.1238,0.0055,0.0,False,gaze_stable,head_pose_only,-6.77,9.67,9.08,-6.178,-14.09,-16.686,False,0.0,False,False,not_tired,False,not_asleep,False,0.0,True,False,False,1.033,forward,head_pose_only,False,False,False,1,0,
Twitch streamer starts to fall asleep while driving....mp4,True,47.667,0.2852,0.5969,0.1237,0.0053,0.0,False,gaze_stable,head_pose_only,-6.48,10.72,9.52,-6.134,-13.388,-16.369,False,0.0,False,False,not_tired,False,not_asleep,False,0.0,True,False,False,1.067,forward,head_pose_only,False,False,False,1,0,
Twitch streamer starts to fall asleep while driving....mp4,True,47.7,0.377,0.5124,0.1236,0.0054,0.0054,True,gaze_stable,gaze_plus_head_pose,-5.98,11.43,10.43,-5.952,-12.683,-15.875,False,0.0,False,False,not_tired,False,not_asleep,False,0.0,True,False,False,1.1,forward,gaze_or_head_pose,False,False,False,1,0,
Twitch streamer starts to fall asleep while driving....mp4,True,47.733,0.3994,0.574,0.1235,0.005,0.005,True,gaze_stable,gaze_plus_head_pose,-6.44,11.52,9.45,-5.964,-12.163,-15.822,False,0.0,False,False,not_tired,False,not_asleep,False,0.0,False,False,False,0.0,forward,gaze_or_head_pose,False,False,False,1,0,
Twitch streamer starts to fall asleep while driving....mp4,True,47.767,0.4562,0.6119,0.1234,0.0052,0.0052,True,gaze_stable,gaze_plus_head_pose,-5.79,11.91,9.59,-5.777,-11.682,-15.744,False,0.0,False,False,not_tired,False,not_asleep,False,0.0,False,False,False,0.0,forward,gaze_or_head_pose,False,False,False,1,0,
Twitch streamer starts to fall asleep while driving....mp4,True,47.8,0.4338,0.6336,0.1233,0.0053,0.0053,True,gaze_stable,gaze_plus_head_pose,-6.28,12.32,9.65,-5.793,-11.223,-15.67,False,0.0,False,False,not_tired,False,not_asleep,False,0.0,False,False,False,0.0,forward,gaze_or_head_pose,False,False,False,1,0,
Twitch streamer starts to fall asleep while driving....mp4,True,47.833,0.4434,0.5082,0.1233,0.0057,0.0057,True,gaze_stable,gaze_plus_head_pose,-6.31,11.44,10.26,-5.813,-11.165,-15.436,False,0.0,False,False,not_tired,False,not_asleep,False,0.0,False,False,False,0.0,forward,gaze_or_head_pose,False,False,False,1,0,
Twitch streamer starts to fall asleep while driving....mp4,True,47.867,0.4872,0.6117,0.1232,0.0041,0.0041,True,gaze_stable,gaze_plus_head_pose,-5.27,12.62,10.04,-5.515,-10.77,-15.338,False,0.0,False,False,not_tired,False,not_asleep,False,0.0,False,False,False,0.0,forward,gaze_or_head_pose,False,False,False,1,0,
Twitch streamer starts to fall asleep while driving....mp4,True,47.9,0.4707,0.5275,0.1231,0.005,0.005,True,gaze_stable,gaze_plus_head_pose,-5.08,11.66,11.77,-5.249,-10.782,-14.751,False,0.0,False,False,not_tired,False,not_asleep,False,0.0,False,False,False,0.0,forward,gaze_or_head_pose,False,False,False,1,0,
Twitch streamer starts to fall asleep while driving....mp4,True,47.933,0.4803,0.5721,0.123,0.0045,0.0045,True,gaze_stable,gaze_plus_head_pose,-4.43,12.5,11.39,-4.869,-10.539,-14.454,False,0.0,False,False,not_tired,False,not_asleep,False,0.0,False,False,False,0.0,forward,gaze_or_head_pose,False,False,False,1,0,
Twitch streamer starts to fall asleep while driving....mp4,True,47.967,0.4807,0.522,0.1229,0.0053,0.0053,True,gaze_stable,gaze_plus_head_pose,-4.36,12.21,12.19,-4.581,-10.455,-14.006,False,0.0,False,False,not_tired,False,not_asleep,False,0.0,False,False,False,0.0,forward,gaze_or_head_pose,False,False,False,1,0,
Twitch streamer starts to fall asleep while driving....mp4,True,48.0,0.5069,0.5052,0.1228,0.0047,0.0047,True,gaze_stable,gaze_plus_head_pose,-3.79,12.43,11.88,-4.209,-10.331,-13.785,False,0.0,False,False,not_tired,False,not_asleep,False,0.0,False,False,False,0.0,forward,gaze_or_head_pose,False,False,False,1,0,
Twitch streamer starts to fall asleep while driving....mp4,True,48.033,0.5518,0.5466,0.1227,0.0038,0.0038,True,gaze_stable,gaze_plus_head_pose,-3.63,12.41,11.61,-3.9,-10.249,-13.711,False,0.0,False,False,not_tired,False,not_asleep,False,0.0,False,False,False,0.0,forward,gaze_or_head_pose,False,False,False,1,0,
Twitch streamer starts to fall asleep while driving....mp4,True,48.067,0.5465,0.4537,0.1227,0.0045,0.0045,True,gaze_stable,gaze_plus_head_pose,-3.92,11.68,11.17,-3.771,-10.412,-13.792,False,0.0,False,False,not_tired,False,not_asleep,False,0.0,False,False,False,0.0,forward,gaze_or_head_pose,False,False,False,1,0,
Twitch streamer starts to fall asleep while driving....mp4,True,48.1,0.5835,0.4609,0.1226,0.0045,0.0045,True,gaze_stable,gaze_plus_head_pose,-4.16,11.87,11.92,-3.753,-10.468,-13.623,False,0.0,False,False,not_tired,False,not_asleep,False,0.0,False,False,False,0.0,forward,gaze_or_head_pose,False,False,False,1,0,
Twitch streamer starts to fall asleep while driving....mp4,True,48.133,0.578,0.4656,0.1225,0.0039,0.0039,True,gaze_stable,gaze_plus_head_pose,-4.32,12.22,11.45,-3.788,-10.403,-13.646,False,0.0,False,False,not_tired,False,not_asleep,False,0.0,False,False,False,0.0,forward,gaze_or_head_pose,False,False,False,1,0,
Twitch streamer starts to fall asleep while driving....mp4,True,48.167,0.5468,0.499,0.1224,0.0038,0.0038,True,gaze_stable,gaze_plus_head_pose,-4.82,12.66,11.33,-3.963,-10.225,-13.698,False,0.0,False,False,not_tired,False,not_asleep,False,0.0,False,False,False,0.0,forward,gaze_or_head_pose,False,False,False,1,0,
Twitch streamer starts to fall asleep while driving....mp4,True,48.2,0.585,0.573,0.1223,0.0045,0.0045,True,gaze_stable,gaze_plus_head_pose,-4.4,12.54,11.79,-3.959,-10.136,-13.597,False,0.0,False,False,not_tired,False,not_asleep,False,0.0,False,False,False,0.0,forward,gaze_or_head_pose,False,False,False,1,0,
Twitch streamer starts to fall asleep while driving....mp4,True,48.233,0.5463,0.4881,0.1222,0.0038,0.0038,True,gaze_stable,gaze_plus_head_pose,-4.98,12.82,11.44,-4.13,-9.99,-13.631,False,0.0,False,False,not_tired,False,not_asleep,False,0.0,False,False,False,0.0,forward,gaze_or_head_pose,False,False,False,1,0,
Twitch streamer starts to fall asleep while driving....mp4,True,48.267,0.5405,0.5788,0.1222,0.0043,0.0043,True,gaze_stable,gaze_plus_head_pose,-4.58,13.73,12.07,-4.13,-9.615,-13.466,False,0.0,False,False,not_tired,False,not_asleep,False,0.0,False,False,False,0.0,forward,gaze_or_head_pose,False,False,False,1,0,
Twitch streamer starts to fall asleep while driving....mp4,True,48.3,0.5763,0.5317,0.1221,0.0044,0.0044,True,gaze_stable,gaze_plus_head_pose,-5.02,13.36,12.71,-4.262,-9.464,-13.158,False,0.0,False,False,not_tired,False,not_asleep,False,0.0,False,False,False,0.0,forward,gaze_or_head_pose,False,False,False,1,0,
Twitch streamer starts to fall asleep while driving....mp4,True,48.333,0.5527,0.4962,0.122,0.0041,0.0041,True,gaze_stable,gaze_plus_head_pose,-5.09,13.18,12.59,-4.375,-9.412,-12.979,False,0.0,False,False,not_tired,False,not_asleep,False,0.0,False,False,False,0.0,forward,gaze_or_head_pose,False,False,False,1,0,
Twitch streamer starts to fall asleep while driving....mp4,True,48.367,0.548,0.5138,0.1219,0.0042,0.0042,True,gaze_stable,gaze_plus_head_pose,-5.65,13.03,12.11,-4.623,-9.42,-12.997,False,0.0,False,False,not_tired,False,not_asleep,False,0.0,False,False,False,0.0,forward,gaze_or_head_pose,False,False,False,1,0,
Twitch streamer starts to fall asleep while driving....mp4,True,48.4,0.5396,0.514,0.1218,0.0049,0.0049,True,gaze_stable,gaze_plus_head_pose,-5.99,11.38,12.96,-4.898,-9.921,-12.755,False,0.0,False,False,not_tired,False,not_asleep,False,0.0,False,False,False,0.0,forward,gaze_or_head_pose,False,False,False,1,0,
Twitch streamer starts to fall asleep while driving....mp4,True,48.433,0.5309,0.4975,0.1217,0.0046,0.0046,True,gaze_stable,gaze_plus_head_pose,-6.05,13.91,11.87,-5.109,-9.513,-12.912,False,0.0,False,False,not_tired,False,not_asleep,False,0.0,False,False,False,0.0,forward,gaze_or_head_pose,False,False,False,1,0,
Twitch streamer starts to fall asleep while driving....mp4,True,48.467,0.5587,0.5149,0.1216,0.0037,0.0037,True,gaze_stable,gaze_plus_head_pose,-6.27,11.53,13.07,-5.322,-9.941,-12.663,False,0.0,False,False,not_tired,False,not_asleep,False,0.0,False,False,False,0.0,forward,gaze_or_head_pose,False,False,False,1,0,
Twitch streamer starts to fall asleep while driving....mp4,True,48.5,0.5493,0.5352,0.1216,0.0043,0.0043,True,gaze_stable,gaze_plus_head_pose,-6.29,13.42,13.25,-5.477,-9.674,-12.434,False,0.0,False,False,not_tired,False,not_asleep,False,0.0,False,False,False,0.0,forward,gaze_or_head_pose,False,False,False,1,0,
Twitch streamer starts to fall asleep while driving....mp4,True,48.533,0.5725,0.6632,0.1215,0.005,0.005,True,gaze_stable,gaze_plus_head_pose,-5.7,13.55,13.29,-5.409,-9.448,-12.262,False,0.0,False,False,not_tired,False,not_asleep,False,0.0,False,False,False,0.0,forward,gaze_or_head_pose,False,False,False,1,0,
Twitch streamer starts to fall asleep while driving....mp4,True,48.567,0.5569,0.5894,0.1214,0.0045,0.0045,True,gaze_stable,gaze_plus_head_pose,-5.59,13.97,13.06,-5.328,-9.163,-12.21,False,0.0,False,False,not_tired,False,not_asleep,False,0.0,False,False,False,0.0,forward,gaze_or_head_pose,False,False,False,1,0,
Twitch streamer starts to fall asleep while driving....mp4,True,48.6,0.5809,0.6253,0.1213,0.0041,0.0041,True,gaze_stable,gaze_plus_head_pose,-5.26,13.58,13.75,-5.173,-9.081,-11.967,False,0.0,False,False,not_tired,False,not_asleep,False,0.0,False,False,False,0.0,forward,gaze_or_head_pose,False,False,False,1,0,
Twitch streamer starts to fall asleep while driving....mp4,True,48.633,0.6073,0.5289,0.1212,0.0042,0.0042,True,gaze_stable,gaze_plus_head_pose,-4.66,13.22,14.71,-4.884,-9.132,-11.509,False,0.0,False,False,not_tired,False,not_asleep,False,0.0,False,False,False,0.0,forward,gaze_or_head_pose,False,False,False,1,0,
Twitch streamer starts to fall asleep while driving....mp4,True,48.667,0.5506,0.4498,0.1211,0.0042,0.0042,True,gaze_stable,gaze_plus_head_pose,-4.69,13.27,14.42,-4.691,-9.152,-11.275,False,0.0,False,False,not_tired,False,not_asleep,False,0.0,False,False,False,0.0,forward,gaze_or_head_pose,False,False,False,1,0,
Twitch streamer starts to fall asleep while driving....mp4,True,48.7,0.5737,0.4809,0.1211,0.0042,0.0042,True,gaze_stable,gaze_plus_head_pose,-4.58,13.11,14.36,-4.523,-9.215,-11.13,False,0.0,False,False,not_tired,False,not_asleep,False,0.0,False,False,False,0.0,forward,gaze_or_head_pose,False,False,False,1,0,
Twitch streamer starts to fall asleep while driving....mp4,True,48.733,0.5593,0.5943,0.121,0.0047,0.0047,True,gaze_stable,gaze_plus_head_pose,-5.03,13.81,13.24,-4.54,-9.048,-11.364,False,0.0,False,False,not_tired,False,not_asleep,False,0.0,False,False,False,0.0,forward,gaze_or_head_pose,False,False,False,1,0,
Twitch streamer starts to fall asleep while driving....mp4,True,48.767,0.5679,0.5012,0.1209,0.0043,0.0043,True,gaze_stable,gaze_plus_head_pose,-5.14,12.78,13.57,-4.585,-9.241,-11.429,False,0.0,False,False,not_tired,False,not_asleep,False,0.0,False,False,False,0.0,forward,gaze_or_head_pose,False,False,False,1,0,
Twitch streamer starts to fall asleep while driving....mp4,True,48.8,0.5597,0.6833,0.1208,0.0041,0.0041,True,gaze_stable,gaze_plus_head_pose,-5.1,14.39,12.0,-4.604,-8.893,-11.945,False,0.0,False,False,not_tired,False,not_asleep,False,0.0,False,False,False,0.0,forward,gaze_or_head_pose,False,False,False,1,0,
Twitch streamer starts to fall asleep while driving....mp4,True,48.833,0.5703,0.4544,0.1207,0.0042,0.0042,True,gaze_stable,gaze_plus_head_pose,-5.31,13.44,12.68,-4.681,-8.934,-12.103,False,0.0,False,False,not_tired,False,not_asleep,False,0.0,False,False,False,0.0,forward,gaze_or_head_pose,False,False,False,1,0,
Twitch streamer starts to fall asleep while driving....mp4,True,48.867,0.5643,0.6089,0.1207,0.0034,0.0034,True,gaze_stable,gaze_plus_head_pose,-5.41,13.4,10.61,-4.765,-8.975,-12.834,False,0.0,False,False,not_tired,False,not_asleep,False,0.0,False,False,False,0.0,forward,gaze_or_head_pose,False,False,False,1,0,
Twitch streamer starts to fall asleep while driving....mp4,True,48.9,0.6163,0.5185,0.1206,0.0047,0.0047,True,gaze_stable,gaze_plus_head_pose,-6.25,12.68,11.64,-5.075,-9.219,-13.037,False,0.0,False,False,not_tired,False,not_asleep,False,0.0,False,False,False,0.0,forward,gaze_or_head_pose,False,False,False,1,0,
Twitch streamer starts to fall asleep while driving....mp4,True,48.933,0.5775,0.4805,0.1205,0.0047,0.0047,True,gaze_stable,gaze_plus_head_pose,-6.16,13.3,9.92,-5.266,-9.204,-13.695,False,0.0,False,False,not_tired,False,not_asleep,False,0.0,False,False,False,0.0,forward,gaze_or_head_pose,False,False,False,1,0,
Twitch streamer starts to fall asleep while driving....mp4,True,48.967,0.5513,0.5579,0.1204,0.0044,0.0044,True,gaze_stable,gaze_plus_head_pose,-6.5,14.13,8.43,-5.501,-8.945,-14.602,False,0.0,False,False,not_tired,False,not_asleep,False,0.0,False,False,False,0.0,forward,gaze_or_head_pose,False,False,False,1,0,
Twitch streamer starts to fall asleep while driving....mp4,True,49.0,0.5598,0.4881,0.1203,0.0035,0.0035,True,gaze_stable,gaze_plus_head_pose,-6.86,12.62,8.24,-5.774,-9.217,-15.295,False,0.0,False,False,not_tired,False,not_asleep,False,0.0,False,False,False,0.0,forward,gaze_or_head_pose,False,False,False,1,0,
Twitch streamer starts to fall asleep while driving....mp4,True,49.033,0.5234,0.4844,0.1202,0.0038,0.0038,True,gaze_stable,gaze_plus_head_pose,-7.53,13.72,6.08,-6.166,-9.077,-16.427,False,0.0,False,False,not_tired,False,not_asleep,False,0.0,False,False,False,0.0,forward,gaze_or_head_pose,False,False,False,1,0,
Twitch streamer starts to fall asleep while driving....mp4,True,49.067,0.4345,0.4545,0.1202,0.0036,0.0036,True,gaze_stable,gaze_plus_head_pose,-7.96,13.14,5.11,-6.569,-9.153,-17.511,False,0.0,False,False,not_tired,False,not_asleep,False,0.0,False,False,False,0.0,forward,gaze_or_head_pose,False,False,False,1,0,
Twitch streamer starts to fall asleep while driving....mp4,True,49.1,0.4047,0.4874,0.1201,0.0036,0.0036,True,gaze_stable,gaze_plus_head_pose,-8.07,10.15,4.52,-6.884,-10.103,-18.447,False,0.0,False,False,not_tired,False,not_asleep,False,0.0,False,False,False,0.0,forward,gaze_or_head_pose,False,False,False,1,0,
Twitch streamer starts to fall asleep while driving....mp4,True,49.133,0.3187,0.5106,0.12,0.005,0.005,True,gaze_stable,gaze_plus_head_pose,-7.74,10.1,5.13,-7.006,-10.783,-18.919,False,0.0,False,False,not_tired,False,not_asleep,False,0.0,False,False,False,0.0,forward,gaze_or_head_pose,False,False,False,1,0,
Twitch streamer starts to fall asleep while driving....mp4,True,49.167,0.2779,0.5696,0.1199,0.0048,0.0048,True,gaze_stable,gaze_plus_head_pose,-7.61,7.29,3.93,-7.052,-12.102,-19.609,False,0.0,False,False,not_tired,False,not_asleep,False,0.0,False,False,False,0.0,forward,gaze_or_head_pose,False,False,False,1,0,
Twitch streamer starts to fall asleep while driving....mp4,True,49.2,0.3144,0.4117,0.1198,0.0042,0.0042,True,gaze_stable,gaze_plus_head_pose,-7.35,7.24,4.81,-7.007,-13.04,-19.828,False,0.0,False,False,not_tired,False,not_asleep,False,0.0,False,False,False,0.0,forward,gaze_or_head_pose,False,False,False,1,0,
Twitch streamer starts to fall asleep while driving....mp4,True,49.233,0.3008,0.4783,0.1198,0.0043,0.0043,True,gaze_stable,gaze_plus_head_pose,-6.89,6.66,4.83,-6.837,-13.871,-19.976,False,0.0,False,False,not_tired,False,not_asleep,False,0.0,False,False,False,0.0,forward,gaze_or_head_pose,False,False,False,1,0,
Twitch streamer starts to fall asleep while driving....mp4,True,49.267,0.2868,0.4344,0.1197,0.0039,0.0039,True,gaze_stable,gaze_plus_head_pose,-6.75,5.27,4.87,-6.676,-14.87,-20.067,False,0.0,False,False,not_tired,False,not_asleep,False,0.0,False,False,False,0.0,forward,gaze_or_head_pose,False,False,False,1,0,
Twitch streamer starts to fall asleep while driving....mp4,True,49.3,0.3047,0.4307,0.1196,0.0045,0.0045,True,gaze_stable,gaze_plus_head_pose,-6.54,4.83,4.61,-6.5,-15.701,-20.209,False,0.0,False,False,not_tired,False,not_asleep,False,0.0,False,False,False,0.0,forward,gaze_or_head_pose,False,False,False,1,0,
Twitch streamer starts to fall asleep while driving....mp4,True,49.333,0.3019,0.4487,0.1195,0.0041,0.0041,True,gaze_stable,gaze_plus_head_pose,-5.82,4.35,4.92,-5.37,-18.12,-20.23,False,0.0,False,False,not_tired,False,sleep_pose_counting,True,0.0,True,False,False,0.0,head_away,gaze_or_head_pose,False,False,False,1,0,
Twitch streamer starts to fall asleep while driving....mp4,True,49.367,0.277,0.4447,0.1194,0.0044,0.0044,True,gaze_stable,gaze_plus_head_pose,-6.19,3.6,5.73,-5.74,-18.87,-19.42,False,0.0,False,False,not_tired,False,sleep_pose_counting,True,0.033,True,False,False,0.033,head_away,gaze_or_head_pose,False,False,False,1,0,
Twitch streamer starts to fall asleep while driving....mp4,True,49.4,0.2456,0.4359,0.1194,0.0041,0.0041,True,gaze_stable,gaze_plus_head_pose,-5.59,3.05,5.28,-5.14,-19.42,-19.87,False,0.0,False,False,not_tired,False,sleep_pose_counting,True,0.067,True,False,False,0.067,head_away,gaze_or_head_pose,False,False,False,1,0,
Twitch streamer starts to fall asleep while driving....mp4,True,49.433,0.2298,0.4587,0.1193,0.0038,0.0038,True,gaze_stable,gaze_plus_head_pose,-5.65,1.41,6.31,-5.2,-21.06,-18.84,False,0.0,False,False,not_tired,False,sleep_pose_counting,True,0.1,True,False,False,0.1,head_away,gaze_or_head_pose,False,False,False,1,0,
Twitch streamer starts to fall asleep while driving....mp4,True,49.467,0.2165,0.4695,0.1199,0.0039,0.0039,True,gaze_stable,gaze_plus_head_pose,-5.15,0.64,5.2,-4.7,-21.83,-19.95,True,0.0,False,False,not_tired,False,sleep_pose_counting,True,0.133,True,False,False,0.133,head_away,gaze_or_head_pose,False,False,False,1,0,
Twitch streamer starts to fall asleep while driving....mp4,True,49.5,0.2371,0.5017,0.1198,0.0044,0.0044,True,gaze_stable,gaze_plus_head_pose,-5.27,0.1,5.52,-4.82,-22.37,-19.63,True,0.033,False,False,not_tired,False,sleep_pose_counting,True,0.167,True,False,False,0.167,head_away,gaze_or_head_pose,False,False,False,1,0,
Twitch streamer starts to fall asleep while driving....mp4,True,49.533,0.2142,0.5043,0.1204,0.0035,0.0035,True,gaze_stable,gaze_plus_head_pose,-5.3,0.64,5.62,-4.85,-21.83,-19.53,True,0.067,False,False,not_tired,False,sleep_pose_counting,True,0.2,True,False,False,0.2,head_away,gaze_or_head_pose,False,False,False,1,0,
Twitch streamer starts to fall asleep while driving....mp4,True,49.567,0.274,0.4962,0.1203,0.0041,0.0041,True,gaze_stable,gaze_plus_head_pose,-5.39,-0.65,5.07,-4.94,-23.12,-20.08,True,0.1,False,False,not_tired,False,sleep_pose_counting,True,0.233,True,False,False,0.233,head_away,gaze_or_head_pose,False,False,False,1,0,
Twitch streamer starts to fall asleep while driving....mp4,True,49.6,0.1805,0.451,0.1209,0.0035,0.0035,True,gaze_stable,gaze_plus_head_pose,-5.87,-0.18,6.28,-5.42,-22.65,-18.87,True,0.133,False,False,not_tired,False,sleep_pose_counting,True,0.267,True,False,False,0.267,head_away,gaze_or_head_pose,False,False,False,1,0,
Twitch streamer starts to fall asleep while driving....mp4,True,49.633,0.2043,0.4785,0.1215,0.0038,0.0038,True,gaze_stable,gaze_plus_head_pose,-5.81,-1.03,5.22,-5.36,-23.5,-19.93,True,0.167,False,False,not_tired,False,sleep_pose_counting,True,0.3,True,False,False,0.3,head_away,gaze_or_head_pose,False,False,False,1,0,
Twitch streamer starts to fall asleep while driving....mp4,True,49.667,0.197,0.4415,0.1221,0.0043,0.0043,True,gaze_stable,gaze_plus_head_pose,-5.94,-0.9,4.88,-5.49,-23.37,-20.27,True,0.2,False,False,not_tired,False,sleep_pose_counting,True,0.333,True,False,False,0.333,head_away,gaze_or_head_pose,False,False,False,1,0,
Twitch streamer starts to fall asleep while driving....mp4,True,49.7,0.1722,0.4648,0.1227,0.0038,0.0,False,eyes_too_closed,head_pose_only,-6.17,-1.59,5.04,-5.72,-24.06,-20.11,True,0.233,False,False,not_tired,False,sleep_pose_counting,True,0.367,True,False,False,0.367,head_away,head_pose_only,False,False,False,1,0,
Twitch streamer starts to fall asleep while driving....mp4,True,49.733,0.1973,0.4696,0.1232,0.0042,0.0,False,gaze_stable,head_pose_only,-6.31,-1.76,4.51,-5.86,-24.23,-20.64,True,0.267,False,False,not_tired,False,sleep_pose_counting,True,0.4,True,False,False,0.4,head_away,head_pose_only,False,False,False,1,0,
Twitch streamer starts to fall asleep while driving....mp4,True,49.767,0.162,0.5054,0.1238,0.0023,0.0,False,eyes_too_closed,head_pose_only,-6.15,-1.46,4.24,-5.7,-23.93,-20.91,True,0.3,False,False,not_tired,False,sleep_pose_counting,True,0.433,True,False,False,0.433,head_away,head_pose_only,False,False,False,1,0,
Twitch streamer starts to fall asleep while driving....mp4,True,49.8,0.196,0.4405,0.1244,0.0043,0.0,False,gaze_stable,head_pose_only,-6.54,-1.27,4.05,-6.09,-23.74,-21.1,True,0.333,False,False,not_tired,False,sleep_pose_counting,True,0.467,True,False,False,0.467,head_away,head_pose_only,False,False,False,1,0,
Twitch streamer starts to fall asleep while driving....mp4,True,49.833,0.2091,0.5045,0.125,0.0042,0.0,False,gaze_stable,head_pose_only,-6.45,-1.0,3.83,-6.0,-23.47,-21.32,True,0.367,False,False,not_tired,False,sleep_pose_counting,True,0.5,True,False,False,0.5,head_away,head_pose_only,False,False,False,1,0,
Twitch streamer starts to fall asleep while driving....mp4,True,49.867,0.1745,0.4726,0.1256,0.0033,0.0,False,eyes_too_closed,head_pose_only,-6.53,-1.21,3.37,-6.08,-23.68,-21.78,True,0.4,False,False,not_tired,False,sleep_pose_counting,True,0.533,True,False,False,0.533,head_away,head_pose_only,False,False,False,1,0,
Twitch streamer starts to fall asleep while driving....mp4,True,49.9,0.2116,0.4379,0.1262,0.0032,0.0,False,gaze_stable,head_pose_only,-6.44,-1.62,3.85,-5.99,-24.09,-21.3,True,0.433,False,False,not_tired,False,sleep_pose_counting,True,0.567,True,False,False,0.567,head_away,head_pose_only,False,False,False,1,0,
Twitch streamer starts to fall asleep while driving....mp4,True,49.933,0.1935,0.4608,0.1268,0.0039,0.0,False,gaze_stable,head_pose_only,-6.46,-0.91,3.82,-6.01,-23.38,-21.33,True,0.467,False,False,not_tired,False,sleep_pose_counting,True,0.6,True,False,False,0.6,head_away,head_pose_only,False,False,False,1,0,
Twitch streamer starts to fall asleep while driving....mp4,True,49.967,0.1955,0.4381,0.1273,0.004,0.0,False,gaze_stable,head_pose_only,-6.75,-0.39,3.24,-6.3,-22.86,-21.91,True,0.5,False,False,not_tired,False,sleep_pose_counting,True,0.633,True,False,False,0.633,head_away,head_pose_only,False,False,False,1,0,
Twitch streamer starts to fall asleep while driving....mp4,True,50.0,0.1843,0.4507,0.1279,0.0031,0.0,False,gaze_stable,head_pose_only,-7.01,-0.65,3.68,-6.56,-23.12,-21.47,True,0.533,False,False,not_tired,False,sleep_pose_counting,True,0.667,True,False,False,0.667,head_away,head_pose_only,False,False,False,1,0,
Twitch streamer starts to fall asleep while driving....mp4,True,50.033,0.2173,0.4504,0.1285,0.0035,0.0,False,gaze_stable,head_pose_only,-7.1,-1.02,3.75,-6.65,-23.49,-21.4,True,0.567,False,True,slow_eye_closure,False,sleep_pose_counting,True,0.7,True,False,False,0.7,head_away,head_pose_only,False,False,False,1,0,
Twitch streamer starts to fall asleep while driving....mp4,True,50.067,0.2585,0.4745,0.1284,0.0044,0.0,False,gaze_stable,head_pose_only,-7.28,-0.21,3.84,-6.83,-22.68,-21.31,True,0.6,False,True,slow_eye_closure,False,sleep_pose_counting,True,0.733,True,False,False,0.733,head_away,head_pose_only,False,False,False,1,0,
Twitch streamer starts to fall asleep while driving....mp4,True,50.1,0.2911,0.5474,0.1283,0.0051,0.0,False,gaze_stable,head_pose_only,-7.32,0.51,4.02,-6.87,-21.96,-21.13,True,0.633,False,True,slow_eye_closure,False,sleep_pose_counting,True,0.767,True,False,False,0.767,head_away,head_pose_only,False,False,False,1,0,
Twitch streamer starts to fall asleep while driving....mp4,True,50.133,0.325,0.5212,0.1282,0.0054,0.0054,True,gaze_stable,gaze_plus_head_pose,-7.12,1.42,4.43,-6.67,-21.05,-20.72,True,0.667,False,True,slow_eye_closure,False,sleep_pose_counting,True,0.8,True,False,False,0.8,head_away,gaze_or_head_pose,False,False,False,1,0,
Twitch streamer starts to fall asleep while driving....mp4,True,50.167,0.3947,0.4968,0.1282,0.0048,0.0048,True,gaze_stable,gaze_plus_head_pose,-7.76,1.96,4.3,-7.31,-20.51,-20.85,True,0.7,False,True,slow_eye_closure,False,sleep_pose_counting,True,0.833,True,False,False,0.833,head_away,gaze_or_head_pose,False,False,False,1,0,
Twitch streamer starts to fall asleep while driving....mp4,True,50.2,0.4796,0.5038,0.1281,0.005,0.005,True,gaze_stable,gaze_plus_head_pose,-7.74,2.46,4.01,-7.29,-20.01,-21.14,False,0.0,False,True,slow_eye_closure,False,sleep_pose_counting,True,0.867,True,False,False,0.867,head_away,gaze_or_head_pose,False,False,False,1,0,
Twitch streamer starts to fall asleep while driving....mp4,True,50.233,0.5311,0.4659,0.128,0.0049,0.0049,True,gaze_stable,gaze_plus_head_pose,-7.8,4.73,5.5,-7.308,-19.329,-20.693,False,0.0,False,True,slow_eye_closure,False,sleep_pose_counting,True,0.9,True,False,False,0.9,head_away,gaze_or_head_pose,False,False,False,1,0,
Twitch streamer starts to fall asleep while driving....mp4,True,50.267,0.516,0.4821,0.1279,0.0047,0.0047,True,gaze_stable,gaze_plus_head_pose,-7.22,5.23,5.4,-7.147,-18.702,-20.41,False,0.0,False,True,slow_eye_closure,False,sleep_pose_counting,True,0.933,True,False,False,0.933,head_away,gaze_or_head_pose,False,False,False,1,0,
Twitch streamer starts to fall asleep while driving....mp4,True,50.3,0.5548,0.4871,0.1278,0.0047,0.0047,True,gaze_stable,gaze_plus_head_pose,-6.89,6.6,6.44,-6.935,-17.853,-19.9,False,0.0,False,True,slow_eye_closure,False,sleep_pose_counting,True,0.967,True,False,False,0.967,forward,gaze_or_head_pose,False,False,False,1,0,
Twitch streamer starts to fall asleep while driving....mp4,True,50.333,0.5614,0.5189,0.1277,0.0045,0.0045,True,gaze_stable,gaze_plus_head_pose,-6.11,7.75,6.84,-6.552,-16.913,-19.423,False,0.0,False,True,slow_eye_closure,False,sleep_pose_counting,True,1.0,True,False,False,1.0,forward,gaze_or_head_pose,False,False,False,1,0,
Twitch streamer starts to fall asleep while driving....mp4,True,50.367,0.5507,0.3936,0.1276,0.0043,0.0043,True,gaze_stable,gaze_plus_head_pose,-6.34,8.74,6.87,-6.354,-15.958,-19.08,False,0.0,False,True,slow_eye_closure,False,sleep_pose_counting,True,1.033,True,False,False,1.033,forward,gaze_or_head_pose,False,False,False,1,0,
Twitch streamer starts to fall asleep while driving....mp4,True,50.4,0.5451,0.5057,0.1276,0.0047,0.0047,True,gaze_stable,gaze_plus_head_pose,-5.81,9.56,7.4,-6.055,-15.044,-18.681,False,0.0,False,True,slow_eye_closure,False,sleep_pose_counting,True,1.067,True,False,False,1.067,forward,gaze_or_head_pose,False,False,False,1,0,
Twitch streamer starts to fall asleep while driving....mp4,True,50.433,0.5381,0.4456,0.1275,0.0038,0.0038,True,gaze_stable,gaze_plus_head_pose,-5.83,11.63,7.56,-5.853,-13.783,-18.354,False,0.0,False,True,slow_eye_closure,False,sleep_pose_counting,True,1.1,True,False,False,1.1,forward,gaze_or_head_pose,False,False,False,1,0,
Twitch streamer starts to fall asleep while driving....mp4,True,50.467,0.5232,0.4294,0.1274,0.0044,0.0044,True,gaze_stable,gaze_plus_head_pose,-5.59,12.36,7.61,-5.639,-12.681,-18.11,False,0.0,False,True,slow_eye_closure,False,sleep_pose_counting,True,1.133,True,False,False,1.133,forward,gaze_or_head_pose,False,False,False,1,0,
Twitch streamer starts to fall asleep while driving....mp4,True,50.5,0.5436,0.4401,0.1273,0.0039,0.0039,True,gaze_stable,gaze_plus_head_pose,-5.85,13.6,8.69,-5.567,-11.538,-17.615,False,0.0,False,True,slow_eye_closure,False,sleep_pose_counting,True,1.167,True,False,False,1.167,forward,gaze_or_head_pose,False,False,False,1,0,
Twitch streamer starts to fall asleep while driving....mp4,True,50.533,0.5347,0.5317,0.1272,0.0038,0.0038,True,gaze_stable,gaze_plus_head_pose,-5.82,13.46,8.54,-5.508,-10.779,-17.313,False,0.0,False,True,slow_eye_closure,False,not_asleep,False,0.0,True,False,False,1.2,forward,gaze_or_head_pose,False,False,False,1,0,
Twitch streamer starts to fall asleep while driving....mp4,True,50.567,0.5555,0.5161,0.1271,0.0039,0.0039,True,gaze_stable,gaze_plus_head_pose,-5.98,15.21,8.22,-5.515,-9.723,-17.198,False,0.0,False,True,slow_eye_closure,False,not_asleep,False,0.0,True,False,False,1.233,forward,gaze_or_head_pose,False,False,False,1,0,
Twitch streamer starts to fall asleep while driving....mp4,True,50.6,0.5102,0.5085,0.1271,0.0043,0.0043,True,gaze_stable,gaze_plus_head_pose,-6.39,15.11,7.89,-5.642,-9.014,-17.217,False,0.0,False,True,slow_eye_closure,False,not_asleep,False,0.0,True,False,False,1.267,forward,gaze_or_head_pose,False,False,False,1,0,
Twitch streamer starts to fall asleep while driving....mp4,True,50.633,0.5386,0.5311,0.127,0.0044,0.0044,True,gaze_stable,gaze_plus_head_pose,-6.43,16.53,8.23,-5.744,-8.092,-17.128,False,0.0,False,True,slow_eye_closure,False,not_asleep,False,0.0,False,False,False,0.0,forward,gaze_or_head_pose,False,False,False,1,0,
Twitch streamer starts to fall asleep while driving....mp4,True,50.667,0.5422,0.581,0.1269,0.005,0.005,True,gaze_stable,gaze_plus_head_pose,-6.54,17.14,7.55,-5.848,-7.263,-17.269,False,0.0,False,True,slow_eye_closure,False,not_asleep,False,0.0,False,False,False,0.0,forward,gaze_or_head_pose,False,False,False,1,0,
Twitch streamer starts to fall asleep while driving....mp4,True,50.7,0.5281,0.7102,0.1268,0.004,0.004,True,gaze_stable,gaze_plus_head_pose,-7.39,16.82,7.25,-6.175,-6.779,-17.459,False,0.0,False,True,slow_eye_closure,False,not_asleep,False,0.0,False,False,False,0.0,forward,gaze_or_head_pose,False,False,False,1,0,
Twitch streamer starts to fall asleep while driving....mp4,True,50.733,0.5394,0.4469,0.1267,0.0048,0.0048,True,gaze_stable,gaze_plus_head_pose,-7.0,18.07,7.16,-6.288,-6.066,-17.618,False,0.0,False,True,slow_eye_closure,False,not_asleep,False,0.0,False,False,False,0.0,forward,gaze_or_head_pose,False,False,False,1,0,
Twitch streamer starts to fall asleep while driving....mp4,True,50.767,0.5476,0.6017,0.1266,0.004,0.004,True,gaze_stable,gaze_plus_head_pose,-7.67,18.8,6.08,-6.567,-5.347,-18.054,False,0.0,False,True,slow_eye_closure,False,not_asleep,False,0.0,False,False,False,0.0,forward,gaze_or_head_pose,False,False,False,1,0,
Twitch streamer starts to fall asleep while driving....mp4,True,50.8,0.5326,0.5812,0.1266,0.0044,0.0044,True,gaze_stable,gaze_plus_head_pose,-7.33,20.14,6.5,-6.661,-4.442,-18.233,False,0.0,False,True,slow_eye_closure,False,not_asleep,False,0.0,False,False,False,0.0,forward,gaze_or_head_pose,False,False,False,1,0,
Twitch streamer starts to fall asleep while driving....mp4,True,50.833,0.5414,0.5165,0.1265,0.0044,0.0044,True,gaze_stable,gaze_plus_head_pose,-7.84,21.41,5.79,-6.88,-3.427,-18.571,False,0.0,False,True,active_hold,False,not_asleep,False,0.0,False,False,False,0.0,forward,gaze_or_head_pose,False,False,False,1,0,
Twitch streamer starts to fall asleep while driving....mp4,True,50.867,0.5071,0.6149,0.1264,0.004,0.004,True,gaze_stable,gaze_plus_head_pose,-7.87,22.14,6.02,-7.042,-2.498,-18.739,False,0.0,False,True,active_hold,False,not_asleep,False,0.0,False,False,False,0.0,forward,gaze_or_head_pose,False,False,False,1,0,
Twitch streamer starts to fall asleep while driving....mp4,True,50.9,0.4716,0.5505,0.1263,0.0039,0.0039,True,gaze_stable,gaze_plus_head_pose,-7.98,24.86,5.48,-7.188,-1.032,-19.018,False,0.0,False,True,active_hold,False,not_asleep,False,0.0,False,False,False,0.0,forward,gaze_or_head_pose,False,False,False,1,0,
Twitch streamer starts to fall asleep while driving....mp4,True,50.933,0.4822,0.5259,0.1262,0.0035,0.0035,True,gaze_stable,gaze_plus_head_pose,-6.98,25.4,6.0,-6.991,0.157,-19.058,False,0.0,False,True,active_hold,False,not_asleep,False,0.0,False,False,False,0.0,forward,gaze_or_head_pose,False,False,False,1,0,
Twitch streamer starts to fall asleep while driving....mp4,True,50.967,0.4712,0.5524,0.1261,0.004,0.004,True,gaze_stable,gaze_plus_head_pose,-7.69,27.33,5.74,-7.066,1.568,-19.163,False,0.0,False,True,active_hold,False,not_asleep,False,0.0,False,False,False,0.0,forward,gaze_or_head_pose,False,False,False,1,0,
Twitch streamer starts to fall asleep while driving....mp4,True,51.0,0.4638,0.5324,0.1261,0.0039,0.0039,True,gaze_stable,gaze_plus_head_pose,-6.93,29.06,6.48,-6.89,3.074,-19.015,False,0.0,False,True,active_hold,False,not_asleep,False,0.0,False,False,False,0.0,forward,gaze_or_head_pose,False,False,False,1,0,
Twitch streamer starts to fall asleep while driving....mp4,True,51.033,0.4733,0.5788,0.126,0.004,0.004,True,gaze_stable,gaze_plus_head_pose,-6.39,28.13,6.79,-6.605,3.85,-18.819,False,0.0,False,True,active_hold,False,not_asleep,False,0.0,False,False,False,0.0,forward,gaze_or_head_pose,False,False,False,1,0,
Twitch streamer starts to fall asleep while driving....mp4,True,51.067,0.4277,0.5721,0.1259,0.0038,0.0038,True,gaze_stable,gaze_plus_head_pose,-6.93,29.26,6.38,-6.567,4.732,-18.804,False,0.0,False,True,active_hold,False,not_asleep,False,0.0,False,False,False,0.0,forward,gaze_or_head_pose,False,False,False,1,0,
Twitch streamer starts to fall asleep while driving....mp4,True,51.1,0.4626,0.5623,0.1258,0.0043,0.0043,True,gaze_stable,gaze_plus_head_pose,-6.16,28.48,7.85,-6.31,5.115,-18.353,False,0.0,False,True,active_hold,False,not_asleep,False,0.0,False,False,False,0.0,forward,gaze_or_head_pose,False,False,False,1,0,
Twitch streamer starts to fall asleep while driving....mp4,True,51.133,0.4409,0.6094,0.1257,0.0049,0.0049,True,gaze_stable,gaze_plus_head_pose,-5.68,29.13,7.71,-5.986,5.579,-18.079,False,0.0,False,True,active_hold,False,not_asleep,False,0.0,False,False,False,0.0,forward,gaze_or_head_pose,False,False,False,1,0,
Twitch streamer starts to fall asleep while driving....mp4,True,51.167,0.4528,0.5849,0.1257,0.0043,0.0043,True,gaze_stable,gaze_plus_head_pose,-5.98,29.68,7.5,-5.849,6.068,-17.95,False,0.0,False,True,active_hold,False,not_asleep,False,0.0,False,False,False,0.0,forward,gaze_or_head_pose,False,False,False,1,0,
Twitch streamer starts to fall asleep while driving....mp4,True,51.2,0.4344,0.482,0.1256,0.0042,0.0042,True,gaze_stable,gaze_plus_head_pose,-5.56,28.18,7.91,-5.628,5.961,-17.737,False,0.0,False,False,cleared_eyes_open,False,not_asleep,False,0.0,False,False,False,0.0,forward,gaze_or_head_pose,False,False,False,1,0,
Twitch streamer starts to fall asleep while driving....mp4,True,51.233,0.4502,0.527,0.1255,0.0038,0.0038,True,gaze_stable,gaze_plus_head_pose,-5.74,28.58,7.24,-5.526,6.006,-17.789,False,0.0,False,False,not_tired,False,not_asleep,False,0.0,False,False,False,0.0,forward,gaze_or_head_pose,False,False,False,1,0,
Twitch streamer starts to fall asleep while driving....mp4,True,51.267,0.4528,0.5805,0.1254,0.0044,0.0044,True,gaze_stable,gaze_plus_head_pose,-5.24,27.89,8.77,-5.305,5.83,-17.366,False,0.0,False,False,not_tired,False,not_asleep,False,0.0,False,False,False,0.0,forward,gaze_or_head_pose,False,False,False,1,0,
Twitch streamer starts to fall asleep while driving....mp4,True,51.3,0.4811,0.5545,0.1253,0.0038,0.0038,True,gaze_stable,gaze_plus_head_pose,-5.93,27.01,6.92,-5.358,5.443,-17.625,False,0.0,False,False,not_tired,False,not_asleep,False,0.0,False,False,False,0.0,forward,gaze_or_head_pose,False,False,False,1,0,
Twitch streamer starts to fall asleep while driving....mp4,True,51.333,0.4746,0.5387,0.1252,0.0043,0.0043,True,gaze_stable,gaze_plus_head_pose,-5.42,26.4,9.12,-5.241,4.989,-17.147,False,0.0,False,False,not_tired,False,not_asleep,False,0.0,False,False,False,0.0,forward,gaze_or_head_pose,False,False,False,1,0,
Twitch streamer starts to fall asleep while driving....mp4,True,51.367,0.4488,0.3155,0.1252,0.0037,0.0037,True,gaze_stable,gaze_plus_head_pose,-6.4,28.06,7.6,-5.454,5.169,-17.268,False,0.0,False,False,not_tired,False,not_asleep,False,0.0,False,False,False,0.0,forward,gaze_or_head_pose,False,False,False,1,0,
Twitch streamer starts to fall asleep while driving....mp4,True,51.4,0.4584,0.6973,0.1251,0.0029,0.0029,True,gaze_stable,gaze_plus_head_pose,-5.34,28.31,9.05,-5.285,5.371,-16.917,False,0.0,False,False,not_tired,False,not_asleep,False,0.0,False,False,False,0.0,forward,gaze_or_head_pose,False,False,False,1,0,
Twitch streamer starts to fall asleep while driving....mp4,True,51.433,0.4488,0.3469,0.125,0.0037,0.0037,True,gaze_stable,gaze_plus_head_pose,-6.18,27.18,9.02,-5.418,5.172,-16.681,False,0.0,False,False,not_tired,False,not_asleep,False,0.0,False,False,False,0.0,forward,gaze_or_head_pose,False,False,False,1,0,
Twitch streamer starts to fall asleep while driving....mp4,True,51.467,0.4629,0.6032,0.1249,0.0031,0.0031,True,gaze_stable,gaze_plus_head_pose,-6.05,26.63,7.71,-5.473,4.869,-16.909,False,0.0,False,False,not_tired,False,not_asleep,False,0.0,False,False,False,0.0,forward,gaze_or_head_pose,False,False,False,1,0,
Twitch streamer starts to fall asleep while driving....mp4,True,51.5,0.4759,0.6888,0.1248,0.0035,0.0035,True,gaze_stable,gaze_plus_head_pose,-5.73,25.55,9.82,-5.415,4.332,-16.435,False,0.0,False,False,not_tired,False,not_asleep,False,0.0,False,False,False,0.0,forward,gaze_or_head_pose,False,False,False,1,0,
Twitch streamer starts to fall asleep while driving....mp4,True,51.533,0.4639,0.539,0.1248,0.0031,0.0031,True,gaze_stable,gaze_plus_head_pose,-6.86,24.56,8.79,-5.713,3.659,-16.413,False,0.0,False,False,not_tired,False,not_asleep,False,0.0,False,False,False,0.0,forward,gaze_or_head_pose,False,False,False,1,0,
Twitch streamer starts to fall asleep while driving....mp4,True,51.567,0.4484,0.4981,0.1247,0.0031,0.0031,True,gaze_stable,gaze_plus_head_pose,-7.48,24.31,7.9,-6.108,3.114,-16.664,False,0.0,False,False,not_tired,False,not_asleep,False,0.0,False,False,False,0.0,forward,gaze_or_head_pose,False,False,False,1,0,
Twitch streamer starts to fall asleep while driving....mp4,True,51.6,0.4671,0.5495,0.1246,0.0033,0.0033,True,gaze_stable,gaze_plus_head_pose,-7.12,23.02,7.6,-6.277,2.345,-16.93,False,0.0,False,False,not_tired,False,not_asleep,False,0.0,False,False,False,0.0,forward,gaze_or_head_pose,False,False,False,1,0,
Twitch streamer starts to fall asleep while driving....mp4,True,51.633,0.4449,0.6626,0.1245,0.0034,0.0034,True,gaze_stable,gaze_plus_head_pose,-8.09,23.54,6.48,-6.686,1.962,-17.452,False,0.0,False,False,not_tired,False,not_asleep,False,0.0,False,False,False,0.0,forward,gaze_or_head_pose,False,False,False,1,0,
Twitch streamer starts to fall asleep while driving....mp4,True,51.667,0.4624,0.5069,0.1244,0.0029,0.0029,True,gaze_stable,gaze_plus_head_pose,-7.68,21.04,6.97,-6.849,0.945,-17.67,False,0.0,False,False,not_tired,False,not_asleep,False,0.0,False,False,False,0.0,forward,gaze_or_head_pose,False,False,False,1,0,
Twitch streamer starts to fall asleep while driving....mp4,True,51.7,0.4966,0.5228,0.1244,0.0035,0.0035,True,gaze_stable,gaze_plus_head_pose,-7.9,22.01,5.09,-7.029,0.523,-18.387,False,0.0,False,False,not_tired,False,not_asleep,False,0.0,False,False,False,0.0,forward,gaze_or_head_pose,False,False,False,1,0,
Twitch streamer starts to fall asleep while driving....mp4,True,51.733,0.4548,0.5199,0.1243,0.0031,0.0031,True,gaze_stable,gaze_plus_head_pose,-7.88,20.83,5.89,-7.15,-0.126,-18.649,False,0.0,False,False,not_tired,False,not_asleep,False,0.0,False,False,False,0.0,forward,gaze_or_head_pose,False,False,False,1,0,
Twitch streamer starts to fall asleep while driving....mp4,True,51.767,0.4432,0.5995,0.1242,0.0037,0.0037,True,gaze_stable,gaze_plus_head_pose,-8.91,19.37,4.83,-7.543,-1.018,-19.15,False,0.0,False,False,not_tired,False,not_asleep,False,0.0,False,False,False,0.0,forward,gaze_or_head_pose,False,False,False,1,0,
Twitch streamer starts to fall asleep while driving....mp4,True,51.8,0.4355,0.5464,0.1241,0.0033,0.0033,True,gaze_stable,gaze_plus_head_pose,-8.67,18.21,3.2,-7.746,-1.991,-19.99,False,0.0,False,False,not_tired,False,not_asleep,False,0.0,False,False,False,0.0,forward,gaze_or_head_pose,False,False,False,1,0,
Twitch streamer starts to fall asleep while driving....mp4,True,51.833,0.3503,0.4914,0.124,0.0038,0.0038,True,gaze_stable,gaze_plus_head_pose,-9.62,14.96,1.86,-9.17,-7.51,-23.29,False,0.0,False,False,not_tired,False,not_asleep,False,0.0,True,False,False,0.0,head_away,gaze_or_head_pose,False,False,False,1,0,
Twitch streamer starts to fall asleep while driving....mp4,True,51.867,0.3286,0.6128,0.124,0.0035,0.0035,True,gaze_stable,gaze_plus_head_pose,-9.18,15.7,-0.06,-8.73,-6.77,-25.21,False,0.0,False,False,not_tired,False,not_asleep,False,0.0,True,False,False,0.033,head_away,gaze_or_head_pose,False,False,False,1,0,
Twitch streamer starts to fall asleep while driving....mp4,True,51.9,0.3235,0.5048,0.1239,0.0042,0.0042,True,gaze_stable,gaze_plus_head_pose,-9.2,11.15,-0.39,-8.75,-11.32,-25.54,False,0.0,False,False,not_tired,False,not_asleep,False,0.0,True,False,False,0.067,head_away,gaze_or_head_pose,False,False,False,1,0,
Twitch streamer starts to fall asleep while driving....mp4,True,51.933,0.3306,0.422,0.1238,0.0045,0.0045,True,gaze_stable,gaze_plus_head_pose,-9.93,10.78,-1.86,-9.48,-11.69,-27.01,False,0.0,False,False,not_tired,False,not_asleep,False,0.0,True,False,False,0.1,head_away,gaze_or_head_pose,False,False,False,1,0,
Twitch streamer starts to fall asleep while driving....mp4,True,51.967,0.3375,0.366,0.1237,0.0044,0.0044,True,gaze_stable,gaze_plus_head_pose,-9.61,7.18,-1.27,-9.16,-15.29,-26.42,False,0.0,False,False,not_tired,False,not_asleep,False,0.0,True,False,False,0.133,head_away,gaze_or_head_pose,False,False,False,1,0,
Twitch streamer starts to fall asleep while driving....mp4,True,52.0,0.3143,0.4266,0.1236,0.004,0.004,True,gaze_stable,gaze_plus_head_pose,-10.01,6.4,-2.15,-9.56,-16.07,-27.3,False,0.0,False,False,not_tired,False,not_asleep,False,0.0,True,False,False,0.167,head_away,gaze_or_head_pose,False,False,False,1,0,
Twitch streamer starts to fall asleep while driving....mp4,True,52.033,0.2582,0.489,0.1236,0.0038,0.0038,True,gaze_stable,gaze_plus_head_pose,-9.12,3.16,-2.78,-8.67,-19.31,-27.93,False,0.0,False,False,not_tired,False,sleep_pose_counting,True,0.0,True,False,False,0.2,head_away,gaze_or_head_pose,False,False,False,1,0,
Twitch streamer starts to fall asleep while driving....mp4,True,52.067,0.2484,0.4733,0.1235,0.0039,0.0039,True,gaze_stable,gaze_plus_head_pose,-9.52,2.32,-3.02,-9.07,-20.15,-28.17,False,0.0,False,False,not_tired,False,sleep_pose_counting,True,0.033,True,False,False,0.233,head_away,gaze_or_head_pose,False,False,False,1,0,
Twitch streamer starts to fall asleep while driving....mp4,True,52.1,0.2508,0.4458,0.1234,0.0044,0.0044,True,gaze_stable,gaze_plus_head_pose,-9.76,1.13,-2.26,-9.31,-21.34,-27.41,False,0.0,False,False,not_tired,False,sleep_pose_counting,True,0.067,True,False,False,0.267,head_away,gaze_or_head_pose,False,False,False,1,0,
Twitch streamer starts to fall asleep while driving....mp4,True,52.133,0.2171,0.4288,0.124,0.0042,0.0042,True,gaze_stable,gaze_plus_head_pose,-9.97,-0.66,-2.35,-9.52,-23.13,-27.5,True,0.0,False,False,not_tired,False,sleep_pose_counting,True,0.1,True,False,False,0.3,head_away,gaze_or_head_pose,False,False,False,1,0,
Twitch streamer starts to fall asleep while driving....mp4,True,52.167,0.2232,0.4074,0.1239,0.0038,0.0038,True,gaze_stable,gaze_plus_head_pose,-9.32,-1.5,-1.91,-8.87,-23.97,-27.06,True,0.033,False,False,not_tired,False,sleep_pose_counting,True,0.133,True,False,False,0.333,head_away,gaze_or_head_pose,False,False,False,1,0,
Twitch streamer starts to fall asleep while driving....mp4,True,52.2,0.1957,0.374,0.1244,0.0039,0.0039,True,gaze_stable,gaze_plus_head_pose,-9.89,-2.75,-1.58,-9.44,-25.22,-26.73,True,0.067,False,False,not_tired,False,sleep_pose_counting,True,0.167,True,False,False,0.367,head_away,gaze_or_head_pose,False,False,False,1,0,
Twitch streamer starts to fall asleep while driving....mp4,True,52.233,0.2167,0.4102,0.125,0.0036,0.0036,True,gaze_stable,gaze_plus_head_pose,-9.89,-2.52,-1.66,-9.44,-24.99,-26.81,True,0.1,False,False,not_tired,False,sleep_pose_counting,True,0.2,True,False,False,0.4,head_away,gaze_or_head_pose,False,False,False,1,0,
Twitch streamer starts to fall asleep while driving....mp4,True,52.267,0.1958,0.4166,0.1256,0.0035,0.0035,True,gaze_stable,gaze_plus_head_pose,-10.11,-3.56,-1.72,-9.66,-26.03,-26.87,True,0.133,False,False,not_tired,False,sleep_pose_counting,True,0.233,True,False,False,0.433,head_away,gaze_or_head_pose,False,False,False,1,0,
Twitch streamer starts to fall asleep while driving....mp4,True,52.3,0.1835,0.4313,0.1261,0.003,0.003,True,gaze_stable,gaze_plus_head_pose,-9.82,-2.83,-2.3,-9.37,-25.3,-27.45,True,0.167,False,False,not_tired,False,sleep_pose_counting,True,0.267,True,False,False,0.467,head_away,gaze_or_head_pose,False,False,False,1,0,
Twitch streamer starts to fall asleep while driving....mp4,True,52.333,0.2208,0.4006,0.126,0.0037,0.0037,True,gaze_stable,gaze_plus_head_pose,-10.16,-3.85,-2.04,-9.71,-26.32,-27.19,True,0.2,False,False,not_tired,False,sleep_pose_counting,True,0.3,True,False,False,0.5,head_away,gaze_or_head_pose,False,False,False,1,0,
Twitch streamer starts to fall asleep while driving....mp4,True,52.367,0.149,0.3749,0.1266,0.0029,0.0,False,eyes_too_closed,head_pose_only,-10.03,-4.57,-1.78,-9.58,-27.04,-26.93,True,0.233,False,False,not_tired,False,sleep_pose_counting,True,0.333,True,False,False,0.533,head_away,head_pose_only,False,False,False,1,0,
Twitch streamer starts to fall asleep while driving....mp4,True,52.4,0.1165,0.4124,0.1271,0.003,0.0,False,eyes_too_closed,head_pose_only,-9.42,-3.85,-1.69,-8.97,-26.32,-26.84,True,0.267,False,False,not_tired,False,sleep_pose_counting,True,0.367,True,False,False,0.567,head_away,head_pose_only,False,False,False,1,0,
Twitch streamer starts to fall asleep while driving....mp4,True,52.433,0.1669,0.3696,0.1277,0.0027,0.0,False,eyes_too_closed,head_pose_only,-9.04,-4.37,-1.32,-8.59,-26.84,-26.47,True,0.3,False,False,not_tired,False,sleep_pose_counting,True,0.4,True,False,False,0.6,head_away,head_pose_only,False,False,False,1,0,
Twitch streamer starts to fall asleep while driving....mp4,True,52.467,0.1114,0.4303,0.1283,0.0028,0.0,False,eyes_too_closed,head_pose_only,-9.01,-4.86,-0.46,-8.56,-27.33,-25.61,True,0.333,False,False,not_tired,False,sleep_pose_counting,True,0.433,True,False,False,0.633,head_away,head_pose_only,False,False,False,1,0,
Twitch streamer starts to fall asleep while driving....mp4,True,52.5,0.1554,0.3649,0.1288,0.0027,0.0,False,eyes_too_closed,head_pose_only,-8.8,-4.74,-0.24,-8.35,-27.21,-25.39,True,0.367,False,False,not_tired,False,sleep_pose_counting,True,0.467,True,False,False,0.667,head_away,head_pose_only,False,False,False,1,0,
Twitch streamer starts to fall asleep while driving....mp4,True,52.533,0.1098,0.3804,0.1294,0.0017,0.0,False,eyes_too_closed,head_pose_only,-8.66,-4.97,-0.29,-8.21,-27.44,-25.44,True,0.4,False,False,not_tired,False,sleep_pose_counting,True,0.5,True,False,False,0.7,head_away,head_pose_only,False,False,False,1,0,
Twitch streamer starts to fall asleep while driving....mp4,True,52.567,0.1307,0.3997,0.1299,0.0024,0.0,False,eyes_too_closed,head_pose_only,-8.52,-4.83,-0.17,-8.07,-27.3,-25.32,True,0.433,False,False,not_tired,False,sleep_pose_counting,True,0.533,True,False,False,0.733,head_away,head_pose_only,False,False,False,1,0,
Twitch streamer starts to fall asleep while driving....mp4,True,52.6,0.1186,0.3659,0.1305,0.0019,0.0,False,eyes_too_closed,head_pose_only,-8.39,-4.69,0.42,-7.94,-27.16,-24.73,True,0.467,False,False,not_tired,False,sleep_pose_counting,True,0.567,True,False,False,0.767,head_away,head_pose_only,False,False,False,1,0,
Twitch streamer starts to fall asleep while driving....mp4,True,52.633,0.1233,0.3908,0.131,0.0021,0.0,False,eyes_too_closed,head_pose_only,-8.23,-4.35,-0.2,-7.78,-26.82,-25.35,True,0.5,False,False,not_tired,False,sleep_pose_counting,True,0.6,True,False,False,0.8,head_away,head_pose_only,False,False,False,1,0,
Twitch streamer starts to fall asleep while driving....mp4,True,52.667,0.139,0.4005,0.1316,0.0021,0.0,False,eyes_too_closed,head_pose_only,-8.27,-3.71,-0.42,-7.82,-26.18,-25.57,True,0.533,False,False,not_tired,False,sleep_pose_counting,True,0.633,True,False,False,0.833,head_away,head_pose_only,False,False,False,1,0,
Twitch streamer starts to fall asleep while driving....mp4,True,52.7,0.1589,0.4036,0.1321,0.0028,0.0,False,eyes_too_closed,head_pose_only,-8.05,-2.89,0.11,-7.6,-25.36,-25.04,True,0.567,False,True,slow_eye_closure,False,sleep_pose_counting,True,0.667,True,False,False,0.867,head_away,head_pose_only,False,False,False,1,0,
Twitch streamer starts to fall asleep while driving....mp4,True,52.733,0.1564,0.3879,0.1327,0.0033,0.0,False,eyes_too_closed,head_pose_only,-8.15,-1.91,0.67,-7.7,-24.38,-24.48,True,0.6,False,True,slow_eye_closure,False,sleep_pose_counting,True,0.7,True,False,False,0.9,head_away,head_pose_only,False,False,False,1,0,
Twitch streamer starts to fall asleep while driving....mp4,True,52.767,0.1306,0.3692,0.1332,0.003,0.0,False,eyes_too_closed,head_pose_only,-8.0,-2.22,2.14,-7.55,-24.69,-23.01,True,0.633,False,True,slow_eye_closure,False,sleep_pose_counting,True,0.733,True,False,False,0.933,head_away,head_pose_only,False,False,False,1,0,
Twitch streamer starts to fall asleep while driving....mp4,True,52.8,0.1429,0.4334,0.1338,0.0032,0.0,False,eyes_too_closed,head_pose_only,-8.09,-0.63,2.79,-7.64,-23.1,-22.36,True,0.667,False,True,slow_eye_closure,False,sleep_pose_counting,True,0.767,True,False,False,0.967,head_away,head_pose_only,False,False,False,1,0,
Twitch streamer starts to fall asleep while driving....mp4,True,52.833,0.2287,0.4316,0.1337,0.0045,0.0,False,gaze_stable,head_pose_only,-8.35,0.04,3.03,-7.9,-22.43,-22.12,True,0.7,False,True,slow_eye_closure,False,sleep_pose_counting,True,0.8,True,False,False,1.0,head_away,head_pose_only,False,False,False,1,0,
Twitch streamer starts to fall asleep while driving....mp4,True,52.867,0.3648,0.419,0.1336,0.0044,0.0,False,gaze_stable,head_pose_only,-7.89,1.62,5.48,-7.44,-20.85,-19.67,True,0.733,False,True,slow_eye_closure,False,sleep_pose_counting,True,0.833,True,False,False,1.033,head_away,head_pose_only,False,False,False,1,0,
Twitch streamer starts to fall asleep while driving....mp4,True,52.9,0.4585,0.3695,0.1335,0.005,0.0,False,gaze_stable,head_pose_only,-7.93,3.06,5.28,-7.48,-19.41,-19.87,True,0.767,False,True,slow_eye_closure,False,sleep_pose_counting,True,0.867,True,False,False,1.067,head_away,head_pose_only,False,False,False,1,0,
Twitch streamer starts to fall asleep while driving....mp4,True,52.933,0.4907,0.3761,0.1334,0.0049,0.0,False,gaze_stable,head_pose_only,-7.74,3.68,5.93,-7.29,-18.79,-19.22,True,0.8,False,True,slow_eye_closure,False,sleep_pose_counting,True,0.9,True,False,False,1.1,head_away,head_pose_only,False,False,False,1,0,
Twitch streamer starts to fall asleep while driving....mp4,True,52.967,0.5023,0.3965,0.1333,0.0047,0.0,False,gaze_stable,head_pose_only,-8.12,5.35,6.86,-7.404,-18.289,-18.941,False,0.0,False,True,slow_eye_closure,False,sleep_pose_counting,True,0.933,True,False,False,1.133,head_away,head_pose_only,False,False,False,1,0,
Twitch streamer starts to fall asleep while driving....mp4,True,53.0,0.4922,0.38,0.1332,0.0047,0.0,False,gaze_stable,head_pose_only,-7.36,6.6,7.03,-7.256,-17.563,-18.695,False,0.0,False,True,slow_eye_closure,False,sleep_pose_counting,True,0.967,True,False,False,1.167,forward,head_pose_only,False,False,False,1,0,
Twitch streamer starts to fall asleep while driving....mp4,True,53.033,0.4845,0.4794,0.1332,0.0046,0.0,False,gaze_stable,head_pose_only,-7.7,8.34,8.38,-7.254,-16.533,-18.117,False,0.0,False,True,slow_eye_closure,False,sleep_pose_counting,True,1.0,True,False,False,1.2,forward,head_pose_only,False,False,False,1,0,
Twitch streamer starts to fall asleep while driving....mp4,True,53.067,0.5685,0.4288,0.1331,0.0045,0.0045,True,gaze_stable,gaze_plus_head_pose,-7.12,9.95,8.22,-7.079,-15.329,-17.761,False,0.0,False,True,slow_eye_closure,False,sleep_pose_counting,True,1.033,True,False,False,1.233,forward,gaze_or_head_pose,False,False,False,1,0,
Twitch streamer starts to fall asleep while driving....mp4,True,53.1,0.5159,0.602,0.133,0.0043,0.0043,True,gaze_stable,gaze_plus_head_pose,-7.01,10.47,8.2,-6.923,-14.331,-17.518,False,0.0,False,True,slow_eye_closure,False,sleep_pose_counting,True,1.067,True,False,False,1.267,forward,gaze_or_head_pose,False,False,False,1,0,
Twitch streamer starts to fall asleep while driving....mp4,True,53.133,0.5545,0.4858,0.1329,0.004,0.004,True,gaze_stable,gaze_plus_head_pose,-7.39,11.6,7.8,-6.928,-13.292,-17.467,False,0.0,False,True,slow_eye_closure,False,sleep_pose_counting,True,1.1,True,False,False,1.3,forward,gaze_or_head_pose,False,False,False,1,0,
Twitch streamer starts to fall asleep while driving....mp4,True,53.167,0.5149,0.4456,0.1328,0.0045,0.0045,True,gaze_stable,gaze_plus_head_pose,-6.82,10.9,8.16,-6.761,-12.776,-17.324,False,0.0,False,True,slow_eye_closure,False,sleep_pose_counting,True,1.133,True,False,False,1.333,forward,gaze_or_head_pose,False,False,False,1,0,
Twitch streamer starts to fall asleep while driving....mp4,True,53.2,0.5423,0.5363,0.1327,0.0043,0.0043,True,gaze_stable,gaze_plus_head_pose,-6.76,11.87,7.84,-6.626,-12.123,-17.32,False,0.0,False,True,slow_eye_closure,False,sleep_pose_counting,True,1.167,True,False,False,1.367,forward,gaze_or_head_pose,False,False,False,1,0,
Twitch streamer starts to fall asleep while driving....mp4,True,53.233,0.5851,0.6675,0.1327,0.0041,0.0041,True,gaze_stable,gaze_plus_head_pose,-6.26,11.5,8.63,-6.381,-11.777,-17.08,False,0.0,False,True,slow_eye_closure,False,not_asleep,False,0.0,True,False,False,1.4,forward,gaze_or_head_pose,False,False,False,1,0,
Twitch streamer starts to fall asleep while driving....mp4,True,53.267,0.5404,0.6049,0.1326,0.0041,0.0041,True,gaze_stable,gaze_plus_head_pose,-6.03,11.78,8.58,-6.141,-11.451,-16.927,False,0.0,False,True,slow_eye_closure,False,not_asleep,False,0.0,True,False,False,1.433,forward,gaze_or_head_pose,False,False,False,1,0,
Twitch streamer starts to fall asleep while driving....mp4,True,53.3,0.5186,0.8085,0.1325,0.0043,0.0043,True,gaze_stable,gaze_plus_head_pose,-5.4,12.07,7.89,-5.783,-11.136,-17.027,False,0.0,False,True,slow_eye_closure,False,not_asleep,False,0.0,True,False,False,1.467,forward,gaze_or_head_pose,False,False,False,1,0,
Twitch streamer starts to fall asleep while driving....mp4,True,53.333,0.5296,0.6954,0.1324,0.0041,0.0041,True,gaze_stable,gaze_plus_head_pose,-5.49,9.97,7.63,-5.56,-11.545,-17.175,False,0.0,False,True,slow_eye_closure,False,not_asleep,False,0.0,False,False,False,0.0,forward,gaze_or_head_pose,False,False,False,1,0,
Twitch streamer starts to fall asleep while driving....mp4,True,53.367,0.4989,0.7245,0.1323,0.0042,0.0042,True,gaze_stable,gaze_plus_head_pose,-5.62,10.23,7.68,-5.443,-11.753,-17.263,False,0.0,False,True,slow_eye_closure,False,not_asleep,False,0.0,False,False,False,0.0,forward,gaze_or_head_pose,False,False,False,1,0,
Twitch streamer starts to fall asleep while driving....mp4,True,53.4,0.5501,0.6115,0.1323,0.0047,0.0047,True,gaze_stable,gaze_plus_head_pose,-6.17,9.39,8.22,-5.526,-12.151,-17.163,False,0.0,False,True,slow_eye_closure,False,not_asleep,False,0.0,False,False,False,0.0,forward,gaze_or_head_pose,False,False,False,1,0,
Twitch streamer starts to fall asleep while driving....mp4,True,53.433,0.5224,0.5793,0.1322,0.0046,0.0046,True,gaze_stable,gaze_plus_head_pose,-6.84,9.13,6.88,-5.785,-12.508,-17.495,False,0.0,False,True,slow_eye_closure,False,not_asleep,False,0.0,False,False,False,0.0,forward,gaze_or_head_pose,False,False,False,1,0,
Twitch streamer starts to fall asleep while driving....mp4,True,53.467,0.4293,0.6456,0.1321,0.0045,0.0045,True,gaze_stable,gaze_plus_head_pose,-7.66,8.57,6.39,-6.213,-12.926,-17.875,False,0.0,False,True,slow_eye_closure,False,not_asleep,False,0.0,False,False,False,0.0,forward,gaze_or_head_pose,False,False,False,1,0,
Twitch streamer starts to fall asleep while driving....mp4,True,53.5,0.3519,0.6484,0.132,0.0055,0.0055,True,gaze_stable,gaze_plus_head_pose,-8.63,6.68,3.62,-6.803,-13.785,-18.971,False,0.0,False,True,slow_eye_closure,False,not_asleep,False,0.0,False,False,False,0.0,forward,gaze_or_head_pose,False,False,False,1,0,
Twitch streamer starts to fall asleep while driving....mp4,True,53.533,0.2837,0.633,0.1319,0.0047,0.0047,True,gaze_stable,gaze_plus_head_pose,-9.2,4.15,2.3,-8.75,-18.32,-22.85,False,0.0,False,True,heavy_eyelids,False,sleep_pose_counting,True,0.0,True,False,False,0.0,head_away,gaze_or_head_pose,False,False,False,1,0,
Twitch streamer starts to fall asleep while driving....mp4,True,53.567,0.2398,0.5196,0.1318,0.0042,0.0042,True,gaze_stable,gaze_plus_head_pose,-8.96,0.39,2.22,-8.51,-22.08,-22.93,False,0.0,False,True,heavy_eyelids,False,sleep_pose_counting,True,0.033,True,False,False,0.033,head_away,gaze_or_head_pose,False,False,False,1,0,
Twitch streamer starts to fall asleep while driving....mp4,True,53.6,0.2137,0.4442,0.1324,0.0043,0.0043,True,gaze_stable,gaze_plus_head_pose,-9.37,-3.69,0.72,-8.92,-26.16,-24.43,True,0.0,False,True,heavy_eyelids,False,sleep_pose_counting,True,0.067,True,False,False,0.067,head_away,gaze_or_head_pose,False,False,False,1,0,
Twitch streamer starts to fall asleep while driving....mp4,True,53.633,0.201,0.3948,0.1329,0.0035,0.0035,True,gaze_stable,gaze_plus_head_pose,-10.34,-5.52,1.15,-9.89,-27.99,-24.0,True,0.033,False,True,heavy_eyelids,False,sleep_pose_counting,True,0.1,True,False,False,0.1,head_away,gaze_or_head_pose,False,False,False,1,0,
Twitch streamer starts to fall asleep while driving....mp4,True,53.667,0.1821,0.3893,0.1335,0.003,0.003,True,gaze_stable,gaze_plus_head_pose,-10.17,-5.16,-0.99,-9.72,-27.63,-26.14,True,0.067,False,True,heavy_eyelids,False,sleep_pose_counting,True,0.133,True,False,False,0.133,head_away,gaze_or_head_pose,False,False,False,1,0,
Twitch streamer starts to fall asleep while driving....mp4,True,53.7,0.2266,0.3686,0.1334,0.0038,0.0038,True,gaze_stable,gaze_plus_head_pose,-10.97,-5.92,-0.2,-10.52,-28.39,-25.35,True,0.1,False,True,heavy_eyelids,False,sleep_pose_counting,True,0.167,True,False,False,0.167,severe_head_pose,gaze_or_head_pose,False,False,False,1,0,
Twitch streamer starts to fall asleep while driving....mp4,True,53.733,0.1702,0.3545,0.1339,0.003,0.0,False,eyes_too_closed,head_pose_only,-11.04,-6.31,-0.33,-10.59,-28.78,-25.48,True,0.133,False,True,heavy_eyelids,False,sleep_pose_counting,True,0.2,True,False,False,0.2,severe_head_pose,head_pose_only,False,False,False,1,0,
Twitch streamer starts to fall asleep while driving....mp4,True,53.767,0.1768,0.3407,0.1344,0.0029,0.0,False,eyes_too_closed,head_pose_only,-11.45,-5.68,-0.54,-11.0,-28.15,-25.69,True,0.167,False,True,heavy_eyelids,False,sleep_pose_counting,True,0.233,True,False,False,0.233,severe_head_pose,head_pose_only,False,False,False,1,0,
Twitch streamer starts to fall asleep while driving....mp4,True,53.8,0.1924,0.3411,0.135,0.0031,0.0,False,gaze_stable,head_pose_only,-11.19,-6.92,-0.12,-10.74,-29.39,-25.27,True,0.2,False,True,heavy_eyelids,False,sleep_pose_counting,True,0.267,True,False,False,0.267,severe_head_pose,head_pose_only,False,False,False,1,0,
Twitch streamer starts to fall asleep while driving....mp4,True,53.833,0.1901,0.3527,0.1355,0.0027,0.0,False,gaze_stable,head_pose_only,-10.63,-6.49,-0.58,-10.18,-28.96,-25.73,True,0.233,False,True,heavy_eyelids,False,sleep_pose_counting,True,0.3,True,False,False,0.3,severe_head_pose,head_pose_only,False,False,False,1,0,
Twitch streamer starts to fall asleep while driving....mp4,True,53.867,0.1692,0.3659,0.1361,0.0024,0.0,False,eyes_too_closed,head_pose_only,-10.84,-6.01,-0.7,-10.39,-28.48,-25.85,True,0.267,False,True,heavy_eyelids,False,sleep_pose_counting,True,0.333,True,False,False,0.333,severe_head_pose,head_pose_only,False,False,False,1,0,
Twitch streamer starts to fall asleep while driving....mp4,True,53.9,0.1985,0.3184,0.1366,0.003,0.0,False,gaze_stable,head_pose_only,-10.36,-5.74,-0.36,-9.91,-28.21,-25.51,True,0.3,False,True,heavy_eyelids,False,sleep_pose_counting,True,0.367,True,False,False,0.367,severe_head_pose,head_pose_only,False,False,False,1,0,
Twitch streamer starts to fall asleep while driving....mp4,True,53.933,0.2038,0.3314,0.1371,0.0024,0.0,False,gaze_stable,head_pose_only,-10.73,-5.0,0.96,-10.28,-27.47,-24.19,True,0.333,False,True,heavy_eyelids,False,sleep_pose_counting,True,0.4,True,False,False,0.4,head_away,head_pose_only,False,False,False,1,0,
Twitch streamer starts to fall asleep while driving....mp4,True,53.967,0.1832,0.372,0.1377,0.0024,0.0,False,gaze_stable,head_pose_only,-9.95,-5.55,0.37,-9.5,-28.02,-24.78,True,0.367,False,True,heavy_eyelids,False,sleep_pose_counting,True,0.433,True,False,False,0.433,severe_head_pose,head_pose_only,False,False,False,1,0,
Twitch streamer starts to fall asleep while driving....mp4,True,54.0,0.177,0.3621,0.1382,0.0026,0.0,False,eyes_too_closed,head_pose_only,-10.0,-5.19,0.16,-9.55,-27.66,-24.99,True,0.4,False,True,heavy_eyelids,False,sleep_pose_counting,True,0.467,True,False,False,0.467,head_away,head_pose_only,False,False,False,1,0,
Twitch streamer starts to fall asleep while driving....mp4,True,54.033,0.1861,0.3617,0.1387,0.0028,0.0,False,gaze_stable,head_pose_only,-9.97,-4.92,-0.19,-9.52,-27.39,-25.34,True,0.433,False,True,heavy_eyelids,False,sleep_pose_counting,True,0.5,True,False,False,0.5,head_away,head_pose_only,False,False,False,1,0,
Twitch streamer starts to fall asleep while driving....mp4,True,54.067,0.1736,0.3847,0.1392,0.0028,0.0,False,eyes_too_closed,head_pose_only,-10.47,-3.51,-0.4,-10.02,-25.98,-25.55,True,0.467,False,True,heavy_eyelids,False,sleep_pose_counting,True,0.533,True,False,False,0.533,head_away,head_pose_only,False,False,False,1,0,
Twitch streamer starts to fall asleep while driving....mp4,True,54.1,0.186,0.3935,0.1398,0.0035,0.0,False,gaze_stable,head_pose_only,-10.34,-4.48,-0.21,-9.89,-26.95,-25.36,True,0.5,False,True,heavy_eyelids,False,sleep_pose_counting,True,0.567,True,False,False,0.567,head_away,head_pose_only,False,False,False,1,0,
Twitch streamer starts to fall asleep while driving....mp4,True,54.133,0.1599,0.3498,0.1403,0.0033,0.0,False,eyes_too_closed,head_pose_only,-10.86,-2.67,-0.72,-10.41,-25.14,-25.87,True,0.533,False,True,heavy_eyelids,False,sleep_pose_counting,True,0.6,True,False,False,0.6,head_away,head_pose_only,False,False,False,1,0,
Twitch streamer starts to fall asleep while driving....mp4,True,54.167,0.153,0.3947,0.1408,0.0039,0.0,False,eyes_too_closed,head_pose_only,-10.92,-1.76,-1.53,-10.47,-24.23,-26.68,True,0.567,False,True,slow_eye_closure,False,sleep_pose_counting,True,0.633,True,False,False,0.633,head_away,head_pose_only,False,False,False,1,0,
Twitch streamer starts to fall asleep while driving....mp4,True,54.2,0.1582,0.4262,0.1414,0.0032,0.0,False,eyes_too_closed,head_pose_only,-11.13,-1.5,-1.12,-10.68,-23.97,-26.27,True,0.6,False,True,slow_eye_closure,False,sleep_pose_counting,True,0.667,True,False,False,0.667,head_away,head_pose_only,False,False,False,1,0,
Twitch streamer starts to fall asleep while driving....mp4,True,54.233,0.1675,0.3586,0.1419,0.0035,0.0,False,eyes_too_closed,head_pose_only,-10.71,-1.56,-2.23,-10.26,-24.03,-27.38,True,0.633,False,True,slow_eye_closure,False,sleep_pose_counting,True,0.7,True,False,False,0.7,head_away,head_pose_only,False,False,False,1,0,
Twitch streamer starts to fall asleep while driving....mp4,True,54.267,0.2094,0.4112,0.1424,0.0045,0.0,False,gaze_stable,head_pose_only,-10.46,0.14,-0.29,-10.01,-22.33,-25.44,True,0.667,False,True,slow_eye_closure,False,sleep_pose_counting,True,0.733,True,False,False,0.733,head_away,head_pose_only,False,False,False,1,0,
Twitch streamer starts to fall asleep while driving....mp4,True,54.3,0.3267,0.4224,0.1423,0.0046,0.0,False,gaze_stable,head_pose_only,-10.0,2.34,0.11,-9.55,-20.13,-25.04,True,0.7,False,True,slow_eye_closure,False,sleep_pose_counting,True,0.767,True,False,False,0.767,head_away,head_pose_only,False,False,False,1,0,
Twitch streamer starts to fall asleep while driving....mp4,True,54.333,0.3527,0.4132,0.1422,0.0058,0.0,False,gaze_stable,head_pose_only,-9.3,4.54,2.28,-8.85,-17.93,-22.87,True,0.733,False,True,slow_eye_closure,False,sleep_pose_counting,True,0.8,True,False,False,0.8,head_away,head_pose_only,False,False,False,1,0,
Twitch streamer starts to fall asleep while driving....mp4,True,54.367,0.4158,0.3829,0.1422,0.0055,0.0,False,gaze_stable,head_pose_only,-8.63,4.75,3.74,-8.649,-17.867,-22.432,True,0.767,False,True,slow_eye_closure,False,sleep_pose_counting,True,0.833,True,False,False,0.833,head_away,head_pose_only,False,False,False,1,0,
Twitch streamer starts to fall asleep while driving....mp4,True,54.4,0.4694,0.6158,0.1421,0.0056,0.0,False,gaze_stable,head_pose_only,-8.33,9.4,5.67,-8.418,-16.428,-21.546,True,0.8,False,True,slow_eye_closure,False,sleep_pose_counting,True,0.867,True,False,False,0.867,forward,head_pose_only,False,False,False,1,0,
Twitch streamer starts to fall asleep while driving....mp4,True,54.433,0.4736,0.4497,0.142,0.0048,0.0,False,gaze_stable,head_pose_only,-7.83,10.69,6.2,-8.107,-15.034,-20.767,False,0.0,False,True,active_hold,False,sleep_pose_counting,True,0.9,True,False,False,0.9,forward,head_pose_only,False,False,False,1,0,
Twitch streamer starts to fall asleep while driving....mp4,True,54.467,0.4893,0.5105,0.1419,0.0046,0.0,False,gaze_stable,head_pose_only,-7.7,11.62,8.33,-7.85,-13.778,-19.583,False,0.0,False,True,active_hold,False,sleep_pose_counting,True,0.933,True,False,False,0.933,forward,head_pose_only,False,False,False,1,0,
Twitch streamer starts to fall asleep while driving....mp4,True,54.5,0.4958,0.5647,0.1418,0.0046,0.0046,True,gaze_stable,gaze_plus_head_pose,-7.48,12.38,8.09,-7.604,-12.672,-18.826,False,0.0,False,True,active_hold,False,sleep_pose_counting,True,0.967,True,False,False,0.967,forward,gaze_or_head_pose,False,False,False,1,0,
Twitch streamer starts to fall asleep while driving....mp4,True,54.533,0.4812,0.5936,0.1417,0.0046,0.0046,True,gaze_stable,gaze_plus_head_pose,-7.1,13.8,9.51,-7.318,-11.471,-17.87,False,0.0,False,True,active_hold,False,sleep_pose_counting,True,1.0,True,False,False,1.0,forward,gaze_or_head_pose,False,False,False,1,0,
Twitch streamer starts to fall asleep while driving....mp4,True,54.567,0.5073,0.7121,0.1416,0.0046,0.0046,True,gaze_stable,gaze_plus_head_pose,-6.87,15.45,8.32,-7.048,-10.136,-17.558,False,0.0,False,True,active_hold,False,not_asleep,False,0.0,True,False,False,1.033,forward,gaze_or_head_pose,False,False,False,1,0,
Twitch streamer starts to fall asleep while driving....mp4,True,54.6,0.4923,0.5618,0.1415,0.0051,0.0051,True,gaze_stable,gaze_plus_head_pose,-6.48,16.32,9.87,-6.743,-8.94,-16.875,False,0.0,False,True,active_hold,False,not_asleep,False,0.0,True,False,False,1.067,forward,gaze_or_head_pose,False,False,False,1,0,
Twitch streamer starts to fall asleep while driving....mp4,True,54.633,0.5136,0.7263,0.1415,0.0047,0.0047,True,gaze_stable,gaze_plus_head_pose,-6.86,16.67,7.48,-6.643,-7.998,-17.113,False,0.0,False,True,active_hold,False,not_asleep,False,0.0,True,False,False,1.1,forward,gaze_or_head_pose,False,False,False,1,0,
Twitch streamer starts to fall asleep while driving....mp4,True,54.667,0.5231,0.6349,0.1414,0.0047,0.0047,True,gaze_stable,gaze_plus_head_pose,-6.67,16.68,8.84,-6.516,-7.336,-16.872,False,0.0,False,True,active_hold,False,not_asleep,False,0.0,True,False,False,1.133,forward,gaze_or_head_pose,False,False,False,1,0,
Twitch streamer starts to fall asleep while driving....mp4,True,54.7,0.5006,0.7724,0.1413,0.0038,0.0038,True,gaze_stable,gaze_plus_head_pose,-6.5,16.74,7.17,-6.376,-6.854,-17.205,False,0.0,False,True,active_hold,False,not_asleep,False,0.0,True,False,False,1.167,forward,gaze_or_head_pose,False,False,False,1,0,
Twitch streamer starts to fall asleep while driving....mp4,True,54.733,0.4867,0.6536,0.1412,0.004,0.004,True,gaze_stable,gaze_plus_head_pose,-6.41,17.32,8.48,-6.251,-6.343,-17.044,False,0.0,False,True,active_hold,False,not_asleep,False,0.0,False,False,False,0.0,forward,gaze_or_head_pose,False,False,False,1,0,
Twitch streamer starts to fall asleep while driving....mp4,True,54.767,0.4701,0.6999,0.1411,0.0044,0.0044,True,gaze_stable,gaze_plus_head_pose,-6.34,15.53,7.16,-6.143,-6.522,-17.328,False,0.0,False,True,active_hold,False,not_asleep,False,0.0,False,False,False,0.0,forward,gaze_or_head_pose,False,False,False,1,0,
Twitch streamer starts to fall asleep while driving....mp4,True,54.8,0.524,0.7055,0.141,0.0042,0.0042,True,gaze_stable,gaze_plus_head_pose,-6.86,16.38,6.47,-6.223,-6.392,-17.734,False,0.0,False,True,active_hold,False,not_asleep,False,0.0,False,False,False,0.0,forward,gaze_or_head_pose,False,False,False,1,0,
Twitch streamer starts to fall asleep while driving....mp4,True,54.833,0.5053,0.5637,0.1409,0.0042,0.0042,True,gaze_stable,gaze_plus_head_pose,-6.86,14.97,6.68,-6.279,-6.725,-17.955,False,0.0,False,True,active_hold,False,not_asleep,False,0.0,False,False,False,0.0,forward,gaze_or_head_pose,False,False,False,1,0,
Twitch streamer starts to fall asleep while driving....mp4,True,54.867,0.4661,0.6773,0.1409,0.0044,0.0044,True,gaze_stable,gaze_plus_head_pose,-7.16,15.68,5.73,-6.408,-6.744,-18.394,False,0.0,False,True,active_hold,False,not_asleep,False,0.0,False,False,False,0.0,forward,gaze_or_head_pose,False,False,False,1,0,
Twitch streamer starts to fall asleep while driving....mp4,True,54.9,0.4897,0.6231,0.1408,0.0045,0.0045,True,gaze_stable,gaze_plus_head_pose,-7.27,14.21,6.16,-6.532,-7.199,-18.573,False,0.0,False,True,active_hold,False,not_asleep,False,0.0,False,False,False,0.0,forward,gaze_or_head_pose,False,False,False,1,0,
Twitch streamer starts to fall asleep while driving....mp4,True,54.933,0.4826,0.6571,0.1407,0.0042,0.0042,True,gaze_stable,gaze_plus_head_pose,-6.99,14.03,5.88,-6.534,-7.571,-18.782,False,0.0,False,True,active_hold,False,not_asleep,False,0.0,False,False,False,0.0,forward,gaze_or_head_pose,False,False,False,1,0,
Twitch streamer starts to fall asleep while driving....mp4,True,54.967,0.4841,0.613,0.1406,0.0055,0.0055,True,gaze_stable,gaze_plus_head_pose,-7.31,13.29,5.38,-6.632,-8.054,-19.078,False,0.0,False,True,active_hold,False,not_asleep,False,0.0,False,False,False,0.0,forward,gaze_or_head_pose,False,False,False,1,0,
Twitch streamer starts to fall asleep while driving....mp4,True,55.0,0.4802,0.6928,0.1405,0.0047,0.0047,True,gaze_stable,gaze_plus_head_pose,-7.71,12.85,4.97,-6.82,-8.524,-19.409,False,0.0,False,True,active_hold,False,not_asleep,False,0.0,False,False,False,0.0,forward,gaze_or_head_pose,False,False,False,1,0,
Twitch streamer starts to fall asleep while driving....mp4,True,55.033,0.4893,0.5544,0.1404,0.0052,0.0052,True,gaze_stable,gaze_plus_head_pose,-7.81,13.38,4.92,-6.982,-8.694,-19.655,False,0.0,False,True,active_hold,False,not_asleep,False,0.0,False,False,False,0.0,forward,gaze_or_head_pose,False,False,False,1,0,
Twitch streamer starts to fall asleep while driving....mp4,True,55.067,0.4981,0.5697,0.1404,0.0055,0.0055,True,gaze_stable,gaze_plus_head_pose,-7.93,12.09,5.1,-7.132,-9.2,-19.774,False,0.0,False,True,active_hold,False,not_asleep,False,0.0,False,False,False,0.0,forward,gaze_or_head_pose,False,False,False,1,0,
Twitch streamer starts to fall asleep while driving....mp4,True,55.1,0.5029,0.609,0.1403,0.0056,0.0056,True,gaze_stable,gaze_plus_head_pose,-8.78,13.32,5.6,-7.491,-9.185,-19.707,False,0.0,False,True,active_hold,False,not_asleep,False,0.0,False,False,False,0.0,forward,gaze_or_head_pose,False,False,False,1,0,
Twitch streamer starts to fall asleep while driving....mp4,True,55.133,0.5242,0.5732,0.1402,0.0056,0.0056,True,gaze_stable,gaze_plus_head_pose,-8.67,12.08,5.9,-7.71,-9.546,-19.57,False,0.0,False,True,active_hold,False,not_asleep,False,0.0,False,False,False,0.0,forward,gaze_or_head_pose,False,False,False,1,0,
Twitch streamer starts to fall asleep while driving....mp4,True,55.167,0.5086,0.6422,0.1401,0.0054,0.0054,True,gaze_stable,gaze_plus_head_pose,-8.53,14.22,5.62,-7.821,-9.157,-19.558,False,0.0,False,True,active_hold,False,not_asleep,False,0.0,False,False,False,0.0,forward,gaze_or_head_pose,False,False,False,1,0,
Twitch streamer starts to fall asleep while driving....mp4,True,55.2,0.5173,0.5367,0.14,0.0053,0.0053,True,gaze_stable,gaze_plus_head_pose,-8.42,12.9,6.75,-7.866,-9.281,-19.21,False,0.0,False,True,active_hold,False,not_asleep,False,0.0,False,False,False,0.0,forward,gaze_or_head_pose,False,False,False,1,0,
Twitch streamer starts to fall asleep while driving....mp4,True,55.233,0.5071,0.546,0.1399,0.0049,0.0049,True,gaze_stable,gaze_plus_head_pose,-8.35,13.57,7.9,-7.876,-9.167,-18.622,False,0.0,False,True,active_hold,False,not_asleep,False,0.0,False,False,False,0.0,forward,gaze_or_head_pose,False,False,False,1,0,
Twitch streamer starts to fall asleep while driving....mp4,True,55.267,0.4836,0.6325,0.1398,0.0047,0.0047,True,gaze_stable,gaze_plus_head_pose,-7.97,14.15,7.84,-7.769,-8.913,-18.229,False,0.0,False,True,active_hold,False,not_asleep,False,0.0,False,False,False,0.0,forward,gaze_or_head_pose,False,False,False,1,0,
Twitch streamer starts to fall asleep while driving....mp4,True,55.3,0.5033,0.6393,0.1398,0.0046,0.0046,True,gaze_stable,gaze_plus_head_pose,-7.94,14.48,7.79,-7.685,-8.636,-17.968,False,0.0,False,True,active_hold,False,not_asleep,False,0.0,False,False,False,0.0,forward,gaze_or_head_pose,False,False,False,1,0,
Twitch streamer starts to fall asleep while driving....mp4,True,55.333,0.4947,0.5328,0.1397,0.0049,0.0049,True,gaze_stable,gaze_plus_head_pose,-9.28,14.22,9.08,-8.029,-8.52,-17.399,False,0.0,False,True,active_hold,False,not_asleep,False,0.0,False,False,False,0.0,forward,gaze_or_head_pose,False,False,False,1,0,
Twitch streamer starts to fall asleep while driving....mp4,True,55.367,0.4689,0.7476,0.1396,0.0046,0.0046,True,gaze_stable,gaze_plus_head_pose,-8.65,14.96,7.95,-8.08,-8.217,-17.339,False,0.0,False,True,active_hold,False,not_asleep,False,0.0,False,False,False,0.0,forward,gaze_or_head_pose,False,False,False,1,0,
Twitch streamer starts to fall asleep while driving....mp4,True,55.4,0.5038,0.679,0.1395,0.0041,0.0041,True,gaze_stable,gaze_plus_head_pose,-8.54,14.39,8.16,-8.083,-8.176,-17.234,False,0.0,False,True,active_hold,False,not_asleep,False,0.0,False,False,False,0.0,forward,gaze_or_head_pose,False,False,False,1,0,
Twitch streamer starts to fall asleep while driving....mp4,True,55.433,0.4822,0.4569,0.1394,0.0044,0.0044,True,gaze_stable,gaze_plus_head_pose,-8.88,13.4,6.61,-8.187,-8.444,-17.626,False,0.0,False,False,cleared_eyes_open,False,not_asleep,False,0.0,False,False,False,0.0,forward,gaze_or_head_pose,False,False,False,1,0,
Twitch streamer starts to fall asleep while driving....mp4,True,55.467,0.3935,0.4219,0.1393,0.0033,0.0033,True,gaze_stable,gaze_plus_head_pose,-8.44,12.23,5.46,-8.128,-8.983,-18.245,False,0.0,False,False,not_tired,False,not_asleep,False,0.0,False,False,False,0.0,forward,gaze_or_head_pose,False,False,False,1,0,
Twitch streamer starts to fall asleep while driving....mp4,True,55.5,0.3525,0.4385,0.1393,0.004,0.004,True,gaze_stable,gaze_plus_head_pose,-8.41,10.19,4.38,-8.078,-9.972,-19.003,False,0.0,False,False,not_tired,False,not_asleep,False,0.0,False,False,False,0.0,forward,gaze_or_head_pose,False,False,False,1,0,
Twitch streamer starts to fall asleep while driving....mp4,True,55.533,0.3061,0.7228,0.1392,0.0045,0.0045,True,gaze_stable,gaze_plus_head_pose,-8.94,8.01,3.13,-8.49,-14.46,-22.02,False,0.0,False,False,not_tired,False,not_asleep,False,0.0,True,False,False,0.0,head_away,gaze_or_head_pose,False,False,False,1,0,
Twitch streamer starts to fall asleep while driving....mp4,True,55.567,0.2859,0.7276,0.1391,0.0043,0.0043,True,gaze_stable,gaze_plus_head_pose,-8.4,5.96,2.57,-7.95,-16.51,-22.58,False,0.0,False,False,not_tired,False,not_asleep,False,0.0,True,False,False,0.033,head_away,gaze_or_head_pose,False,False,False,1,0,
Twitch streamer starts to fall asleep while driving....mp4,True,55.6,0.2853,0.5984,0.139,0.0049,0.0049,True,gaze_stable,gaze_plus_head_pose,-8.31,4.15,1.9,-7.86,-18.32,-23.25,False,0.0,False,False,not_tired,False,sleep_pose_counting,True,0.0,True,False,False,0.067,head_away,gaze_or_head_pose,False,False,False,1,0,
Twitch streamer starts to fall asleep while driving....mp4,True,55.633,0.257,0.5136,0.1389,0.0048,0.0048,True,gaze_stable,gaze_plus_head_pose,-7.86,2.57,1.97,-7.41,-19.9,-23.18,False,0.0,False,False,not_tired,False,sleep_pose_counting,True,0.033,True,False,False,0.1,head_away,gaze_or_head_pose,False,False,False,1,0,
Twitch streamer starts to fall asleep while driving....mp4,True,55.667,0.2762,0.5121,0.1388,0.0051,0.0051,True,gaze_stable,gaze_plus_head_pose,-8.06,2.5,1.58,-7.61,-19.97,-23.57,False,0.0,False,False,not_tired,False,sleep_pose_counting,True,0.067,True,False,False,0.133,head_away,gaze_or_head_pose,False,False,False,1,0,
Twitch streamer starts to fall asleep while driving....mp4,True,55.7,0.2886,0.4715,0.1388,0.0047,0.0047,True,gaze_stable,gaze_plus_head_pose,-7.91,-0.77,1.18,-7.46,-23.24,-23.97,False,0.0,False,False,not_tired,False,sleep_pose_counting,True,0.1,True,False,False,0.167,head_away,gaze_or_head_pose,False,False,False,1,0,
Twitch streamer starts to fall asleep while driving....mp4,True,55.733,0.2952,0.5349,0.1387,0.0045,0.0045,True,gaze_stable,gaze_plus_head_pose,-8.2,0.15,1.84,-7.75,-22.32,-23.31,False,0.0,False,False,not_tired,False,sleep_pose_counting,True,0.133,True,False,False,0.2,head_away,gaze_or_head_pose,False,False,False,1,0,
Twitch streamer starts to fall asleep while driving....mp4,True,55.767,0.2961,0.4718,0.1386,0.0045,0.0045,True,gaze_stable,gaze_plus_head_pose,-8.19,-0.19,1.94,-7.74,-22.66,-23.21,False,0.0,False,False,not_tired,False,sleep_pose_counting,True,0.167,True,False,False,0.233,head_away,gaze_or_head_pose,False,False,False,1,0,
Twitch streamer starts to fall asleep while driving....mp4,True,55.8,0.2452,0.4999,0.1385,0.0045,0.0045,True,gaze_stable,gaze_plus_head_pose,-8.43,-0.8,1.05,-7.98,-23.27,-24.1,False,0.0,False,False,not_tired,False,sleep_pose_counting,True,0.2,True,False,False,0.267,head_away,gaze_or_head_pose,False,False,False,1,0,
Twitch streamer starts to fall asleep while driving....mp4,True,55.833,0.2535,0.4845,0.1384,0.0047,0.0047,True,gaze_stable,gaze_plus_head_pose,-8.51,-3.51,1.03,-8.06,-25.98,-24.12,False,0.0,False,False,not_tired,False,sleep_pose_counting,True,0.233,True,False,False,0.3,head_away,gaze_or_head_pose,False,False,False,1,0,
Twitch streamer starts to fall asleep while driving....mp4,True,55.867,0.2385,0.4547,0.1383,0.0039,0.0039,True,gaze_stable,gaze_plus_head_pose,-9.42,-2.43,1.73,-8.97,-24.9,-23.42,False,0.0,False,False,not_tired,False,sleep_pose_counting,True,0.267,True,False,False,0.333,head_away,gaze_or_head_pose,False,False,False,1,0,
Twitch streamer starts to fall asleep while driving....mp4,True,55.9,0.2833,0.5352,0.1383,0.0043,0.0043,True,gaze_stable,gaze_plus_head_pose,-8.73,-3.07,1.17,-8.28,-25.54,-23.98,False,0.0,False,False,not_tired,False,sleep_pose_counting,True,0.3,True,False,False,0.367,head_away,gaze_or_head_pose,False,False,False,1,0,
Twitch streamer starts to fall asleep while driving....mp4,True,55.933,0.2348,0.4356,0.1382,0.0042,0.0042,True,gaze_stable,gaze_plus_head_pose,-9.6,-2.54,1.38,-9.15,-25.01,-23.77,False,0.0,False,False,not_tired,False,sleep_pose_counting,True,0.333,True,False,False,0.4,head_away,gaze_or_head_pose,False,False,False,1,0,
Twitch streamer starts to fall asleep while driving....mp4,True,55.967,0.2553,0.4726,0.1381,0.0048,0.0048,True,gaze_stable,gaze_plus_head_pose,-8.45,-2.42,0.97,-8.0,-24.89,-24.18,False,0.0,False,False,not_tired,False,sleep_pose_counting,True,0.367,True,False,False,0.433,head_away,gaze_or_head_pose,False,False,False,1,0,
Twitch streamer starts to fall asleep while driving....mp4,True,56.0,0.2473,0.4684,0.138,0.0051,0.0051,True,gaze_stable,gaze_plus_head_pose,-9.05,-1.63,2.44,-8.6,-24.1,-22.71,False,0.0,False,False,not_tired,False,sleep_pose_counting,True,0.4,True,False,False,0.467,head_away,gaze_or_head_pose,False,False,False,1,0,
Twitch streamer starts to fall asleep while driving....mp4,True,56.033,0.2869,0.4729,0.1379,0.0047,0.0047,True,gaze_stable,gaze_plus_head_pose,-7.82,-1.71,2.75,-7.37,-24.18,-22.4,False,0.0,False,False,not_tired,False,sleep_pose_counting,True,0.433,True,False,False,0.5,head_away,gaze_or_head_pose,False,False,False,1,0,
Twitch streamer starts to fall asleep while driving....mp4,True,56.067,0.2631,0.4297,0.1378,0.0046,0.0046,True,gaze_stable,gaze_plus_head_pose,-8.12,0.08,4.48,-7.67,-22.39,-20.67,False,0.0,False,False,not_tired,False,sleep_pose_counting,True,0.467,True,False,False,0.533,head_away,gaze_or_head_pose,False,False,False,1,0,
Twitch streamer starts to fall asleep while driving....mp4,True,56.1,0.3044,0.4848,0.1378,0.0045,0.0045,True,gaze_stable,gaze_plus_head_pose,-6.51,0.18,5.15,-6.06,-22.29,-20.0,False,0.0,False,False,not_tired,False,sleep_pose_counting,True,0.5,True,False,False,0.567,head_away,gaze_or_head_pose,False,False,False,1,0,
Twitch streamer starts to fall asleep while driving....mp4,True,56.133,0.3447,0.3829,0.1377,0.0054,0.0054,True,gaze_stable,gaze_plus_head_pose,-7.03,1.33,7.18,-6.58,-21.14,-17.97,False,0.0,False,False,not_tired,False,sleep_pose_counting,True,0.533,True,False,False,0.6,head_away,gaze_or_head_pose,False,False,False,1,0,
Twitch streamer starts to fall asleep while driving....mp4,True,56.167,0.3598,0.4842,0.1376,0.0055,0.0055,True,gaze_stable,gaze_plus_head_pose,-5.71,-0.55,7.23,-5.26,-23.02,-17.92,False,0.0,False,False,not_tired,False,sleep_pose_counting,True,0.567,True,False,False,0.633,head_away,gaze_or_head_pose,False,False,False,1,0,
Twitch streamer starts to fall asleep while driving....mp4,True,56.2,0.4337,0.3947,0.1375,0.0044,0.0044,True,gaze_stable,gaze_plus_head_pose,-6.39,1.91,8.28,-5.94,-20.56,-16.87,False,0.0,False,False,not_tired,False,sleep_pose_counting,True,0.6,True,False,False,0.667,head_away,gaze_or_head_pose,False,False,False,1,0,
Twitch streamer starts to fall asleep while driving....mp4,True,56.233,0.392,0.4573,0.1374,0.0042,0.0042,True,gaze_stable,gaze_plus_head_pose,-6.2,1.89,8.88,-5.75,-20.58,-16.27,False,0.0,False,False,not_tired,False,sleep_pose_counting,True,0.633,True,False,False,0.7,head_away,gaze_or_head_pose,False,False,False,1,0,
Twitch streamer starts to fall asleep while driving....mp4,True,56.267,0.4467,0.4733,0.1374,0.005,0.005,True,gaze_stable,gaze_plus_head_pose,-6.05,1.51,10.17,-5.6,-20.96,-14.98,False,0.0,False,False,not_tired,False,sleep_pose_counting,True,0.667,True,False,False,0.733,head_away,gaze_or_head_pose,False,False,False,1,0,
Twitch streamer starts to fall asleep while driving....mp4,True,56.3,0.4703,0.415,0.1373,0.0041,0.0041,True,gaze_stable,gaze_plus_head_pose,-5.7,2.64,10.49,-5.25,-19.83,-14.66,False,0.0,False,False,not_tired,False,sleep_pose_counting,True,0.7,True,False,False,0.767,head_away,gaze_or_head_pose,False,False,False,1,0,
Twitch streamer starts to fall asleep while driving....mp4,True,56.333,0.5249,0.4416,0.1372,0.0046,0.0046,True,gaze_stable,gaze_plus_head_pose,-5.51,4.11,10.7,-5.06,-18.36,-14.45,False,0.0,False,False,not_tired,False,sleep_pose_counting,True,0.733,True,False,False,0.8,head_away,gaze_or_head_pose,False,False,False,1,0,
Twitch streamer starts to fall asleep while driving....mp4,True,56.367,0.4917,0.3864,0.1371,0.0046,0.0046,True,gaze_stable,gaze_plus_head_pose,-5.49,4.8,8.18,-5.054,-18.153,-15.206,False,0.0,False,False,not_tired,False,sleep_pose_counting,True,0.767,True,False,False,0.833,head_away,gaze_or_head_pose,False,False,False,1,0,
Twitch streamer starts to fall asleep while driving....mp4,True,56.4,0.5378,0.4616,0.137,0.0046,0.0046,True,gaze_stable,gaze_plus_head_pose,-5.37,4.07,9.16,-4.92,-18.4,-15.99,False,0.0,False,False,not_tired,False,sleep_pose_counting,True,0.8,True,False,False,0.867,head_away,gaze_or_head_pose,False,False,False,1,0,
Twitch streamer starts to fall asleep while driving....mp4,True,56.433,0.5,0.3886,0.137,0.0048,0.0048,True,gaze_stable,gaze_plus_head_pose,-6.03,6.0,7.83,-5.118,-17.821,-16.389,False,0.0,False,False,not_tired,False,sleep_pose_counting,True,0.833,True,False,False,0.9,forward,gaze_or_head_pose,False,False,False,1,0,
Twitch streamer starts to fall asleep while driving....mp4,True,56.467,0.5766,0.3784,0.1369,0.0049,0.0049,True,gaze_stable,gaze_plus_head_pose,-6.23,5.22,7.66,-5.317,-17.65,-16.719,False,0.0,False,False,not_tired,False,sleep_pose_counting,True,0.867,True,False,False,0.933,forward,gaze_or_head_pose,False,False,False,1,0,
Twitch streamer starts to fall asleep while driving....mp4,True,56.5,0.4982,0.3658,0.1368,0.0048,0.0048,True,gaze_stable,gaze_plus_head_pose,-6.22,5.91,6.81,-5.453,-17.323,-17.206,False,0.0,False,False,not_tired,False,sleep_pose_counting,True,0.9,True,False,False,0.967,forward,gaze_or_head_pose,False,False,False,1,0,
Twitch streamer starts to fall asleep while driving....mp4,True,56.533,0.5231,0.3767,0.1367,0.0049,0.0049,True,gaze_stable,gaze_plus_head_pose,-6.34,5.11,6.77,-5.584,-17.334,-17.558,False,0.0,False,False,not_tired,False,sleep_pose_counting,True,0.933,True,False,False,1.0,forward,gaze_or_head_pose,False,False,False,1,0,
Twitch streamer starts to fall asleep while driving....mp4,True,56.567,0.4871,0.4061,0.1366,0.0051,0.0051,True,gaze_stable,gaze_plus_head_pose,-6.74,5.03,6.46,-5.796,-17.366,-17.897,False,0.0,False,False,not_tired,False,sleep_pose_counting,True,0.967,True,False,False,1.033,forward,gaze_or_head_pose,False,False,False,1,0,
Twitch streamer starts to fall asleep while driving....mp4,True,56.6,0.4865,0.4121,0.1366,0.004,0.004,True,gaze_stable,gaze_plus_head_pose,-7.06,4.08,5.38,-6.61,-18.39,-19.77,False,0.0,False,False,not_tired,False,sleep_pose_counting,True,1.0,True,False,False,1.067,head_away,gaze_or_head_pose,False,False,False,1,0,
Twitch streamer starts to fall asleep while driving....mp4,True,56.633,0.4492,0.4207,0.1365,0.0039,0.0039,True,gaze_stable,gaze_plus_head_pose,-7.45,2.98,4.71,-7.0,-19.49,-20.44,False,0.0,False,False,not_tired,False,sleep_pose_counting,True,1.033,True,False,False,1.1,head_away,gaze_or_head_pose,False,False,False,1,0,
Twitch streamer starts to fall asleep while driving....mp4,True,56.667,0.3591,0.4521,0.1364,0.0053,0.0053,True,gaze_stable,gaze_plus_head_pose,-7.47,0.74,4.14,-7.02,-21.73,-21.01,False,0.0,False,False,not_tired,False,sleep_pose_counting,True,1.067,True,False,False,1.133,head_away,gaze_or_head_pose,False,False,False,1,0,
Twitch streamer starts to fall asleep while driving....mp4,True,56.7,0.2938,0.4324,0.1363,0.0046,0.0046,True,gaze_stable,gaze_plus_head_pose,-7.89,-0.68,4.19,-7.44,-23.15,-20.96,False,0.0,False,False,not_tired,False,sleep_pose_counting,True,1.1,True,False,False,1.167,head_away,gaze_or_head_pose,False,False,False,1,0,
Twitch streamer starts to fall asleep while driving....mp4,True,56.733,0.3109,0.4192,0.1362,0.0042,0.0042,True,gaze_stable,gaze_plus_head_pose,-8.34,-1.82,4.19,-7.89,-24.29,-20.96,False,0.0,False,False,not_tired,False,sleep_pose_counting,True,1.133,True,False,False,1.2,head_away,gaze_or_head_pose,False,False,False,1,0,
Twitch streamer starts to fall asleep while driving....mp4,True,56.767,0.3218,0.4214,0.1362,0.0049,0.0049,True,gaze_stable,gaze_plus_head_pose,-8.26,-3.21,3.1,-7.81,-25.68,-22.05,False,0.0,False,False,not_tired,False,sleep_pose_counting,True,1.167,True,False,False,1.233,head_away,gaze_or_head_pose,False,False,False,1,0,
Twitch streamer starts to fall asleep while driving....mp4,True,56.8,0.3338,0.4019,0.1361,0.0047,0.0047,True,gaze_stable,gaze_plus_head_pose,-8.16,-4.78,2.15,-7.71,-27.25,-23.0,False,0.0,False,False,not_tired,False,sleep_pose_counting,True,1.2,True,False,False,1.267,head_away,gaze_or_head_pose,False,False,False,1,0,
Twitch streamer starts to fall asleep while driving....mp4,True,56.833,0.2748,0.4577,0.136,0.0041,0.0041,True,gaze_stable,gaze_plus_head_pose,-8.0,-4.44,2.19,-7.55,-26.91,-22.96,False,0.0,False,False,not_tired,False,sleep_pose_counting,True,1.233,True,False,False,1.3,head_away,gaze_or_head_pose,False,False,False,1,0,
Twitch streamer starts to fall asleep while driving....mp4,True,56.867,0.2861,0.4578,0.1359,0.0043,0.0043,True,gaze_stable,gaze_plus_head_pose,-7.77,-4.53,1.89,-7.32,-27.0,-23.26,False,0.0,False,False,not_tired,False,sleep_pose_counting,True,1.267,True,False,False,1.333,head_away,gaze_or_head_pose,False,False,False,1,0,
Twitch streamer starts to fall asleep while driving....mp4,True,56.9,0.2361,0.4741,0.1358,0.0039,0.0039,True,gaze_stable,gaze_plus_head_pose,-7.48,-4.8,2.38,-7.03,-27.27,-22.77,False,0.0,False,False,not_tired,False,sleep_pose_counting,True,1.3,True,False,False,1.367,head_away,gaze_or_head_pose,False,False,False,1,0,
Twitch streamer starts to fall asleep while driving....mp4,True,56.933,0.196,0.4606,0.1363,0.0038,0.0038,True,gaze_stable,gaze_plus_head_pose,-7.14,-4.89,2.54,-6.69,-27.36,-22.61,True,0.0,False,False,not_tired,False,sleep_pose_counting,True,1.333,True,False,False,1.4,head_away,gaze_or_head_pose,False,False,False,1,0,
Twitch streamer starts to fall asleep while driving....mp4,True,56.967,0.2017,0.444,0.1368,0.0042,0.0042,True,gaze_stable,gaze_plus_head_pose,-6.91,-5.46,3.32,-6.46,-27.93,-21.83,True,0.033,False,False,not_tired,False,sleep_pose_counting,True,1.367,True,False,False,1.433,head_away,gaze_or_head_pose,False,False,False,1,0,
Twitch streamer starts to fall asleep while driving....mp4,True,57.0,0.2279,0.4934,0.1368,0.004,0.004,True,gaze_stable,gaze_plus_head_pose,-5.93,-5.21,2.95,-5.48,-27.68,-22.2,True,0.067,False,False,not_tired,False,sleep_pose_counting,True,1.4,True,False,False,1.467,head_away,gaze_or_head_pose,False,False,False,1,0,
Twitch streamer starts to fall asleep while driving....mp4,True,57.033,0.249,0.451,0.1367,0.004,0.004,True,gaze_stable,gaze_plus_head_pose,-5.67,-4.67,3.39,-5.22,-27.14,-21.76,True,0.1,False,False,not_tired,False,sleep_pose_counting,True,1.433,True,False,False,1.5,head_away,gaze_or_head_pose,False,False,False,1,0,
Twitch streamer starts to fall asleep while driving....mp4,True,57.067,0.2056,0.5841,0.1372,0.004,0.004,True,gaze_stable,gaze_plus_head_pose,-5.29,-2.68,3.93,-4.84,-25.15,-21.22,True,0.133,False,False,not_tired,False,sleep_pose_counting,True,1.467,True,False,False,1.533,head_away,gaze_or_head_pose,False,False,False,1,0,
Twitch streamer starts to fall asleep while driving....mp4,True,57.1,0.2039,0.4559,0.1377,0.0036,0.0036,True,gaze_stable,gaze_plus_head_pose,-5.64,-3.07,4.12,-5.19,-25.54,-21.03,True,0.167,False,False,not_tired,False,sleep_pose_counting,True,1.5,True,False,False,1.567,head_away,gaze_or_head_pose,False,False,False,1,0,
Twitch streamer starts to fall asleep while driving....mp4,True,57.133,0.1684,0.4623,0.1382,0.0037,0.0,False,eyes_too_closed,head_pose_only,-6.21,-2.7,4.13,-5.76,-25.17,-21.02,True,0.2,False,False,not_tired,False,sleep_pose_counting,True,1.533,True,False,False,1.6,head_away,head_pose_only,False,False,False,1,0,
Twitch streamer starts to fall asleep while driving....mp4,True,57.167,0.2112,0.4602,0.1387,0.0039,0.0,False,gaze_stable,head_pose_only,-6.71,-3.04,4.75,-6.26,-25.51,-20.4,True,0.233,False,False,not_tired,False,sleep_pose_counting,True,1.567,True,False,False,1.633,head_away,head_pose_only,False,False,False,1,0,
Twitch streamer starts to fall asleep while driving....mp4,True,57.2,0.2097,0.4709,0.1392,0.0032,0.0,False,gaze_stable,head_pose_only,-7.72,-2.37,4.41,-7.27,-24.84,-20.74,True,0.267,False,False,not_tired,False,sleep_pose_counting,True,1.6,True,False,False,1.667,head_away,head_pose_only,False,False,False,1,0,
Twitch streamer starts to fall asleep while driving....mp4,True,57.233,0.2276,0.4669,0.1391,0.004,0.0,False,gaze_stable,head_pose_only,-8.39,-1.57,4.87,-7.94,-24.04,-20.28,True,0.3,False,False,not_tired,False,sleep_pose_counting,True,1.633,True,False,False,1.7,head_away,head_pose_only,False,False,False,1,0,
Twitch streamer starts to fall asleep while driving....mp4,True,57.267,0.1983,0.4608,0.1396,0.0035,0.0,False,gaze_stable,head_pose_only,-8.95,-2.39,4.78,-8.5,-24.86,-20.37,True,0.333,False,False,not_tired,False,sleep_pose_counting,True,1.667,True,False,False,1.733,head_away,head_pose_only,False,False,False,1,0,
Twitch streamer starts to fall asleep while driving....mp4,True,57.3,0.2125,0.4863,0.1401,0.0036,0.0,False,gaze_stable,head_pose_only,-9.42,-1.24,5.41,-8.97,-23.71,-19.74,True,0.367,False,False,not_tired,False,sleep_pose_counting,True,1.7,True,False,False,1.767,head_away,head_pose_only,False,False,False,1,0,
Twitch streamer starts to fall asleep while driving....mp4,True,57.333,0.2132,0.4844,0.1406,0.0037,0.0,False,gaze_stable,head_pose_only,-10.04,-1.41,5.03,-9.59,-23.88,-20.12,True,0.4,False,False,not_tired,False,sleep_pose_counting,True,1.733,True,False,False,1.8,head_away,head_pose_only,False,False,False,1,0,
Twitch streamer starts to fall asleep while driving....mp4,True,57.367,0.2165,0.5362,0.1411,0.004,0.0,False,gaze_stable,head_pose_only,-9.91,-1.34,4.47,-9.46,-23.81,-20.68,True,0.433,False,False,not_tired,False,sleep_pose_counting,True,1.767,True,False,False,1.833,head_away,head_pose_only,False,False,False,1,0,
Twitch streamer starts to fall asleep while driving....mp4,True,57.4,0.2076,0.4523,0.1416,0.0038,0.0038,True,gaze_stable,gaze_plus_head_pose,-10.01,-1.22,4.42,-9.56,-23.69,-20.73,True,0.467,False,False,not_tired,False,sleep_pose_counting,True,1.8,True,False,False,1.867,head_away,gaze_or_head_pose,False,False,False,1,0,
Twitch streamer starts to fall asleep while driving....mp4,True,57.433,0.189,0.552,0.1421,0.0036,0.0036,True,gaze_stable,gaze_plus_head_pose,-10.23,-0.42,4.41,-9.78,-22.89,-20.74,True,0.5,False,False,not_tired,False,sleep_pose_counting,True,1.833,True,False,False,1.9,head_away,gaze_or_head_pose,False,False,False,1,0,
Twitch streamer starts to fall asleep while driving....mp4,True,57.467,0.19,0.5786,0.1426,0.0047,0.0047,True,gaze_stable,gaze_plus_head_pose,-10.65,-1.34,3.92,-10.2,-23.81,-21.23,True,0.533,False,False,not_tired,False,sleep_pose_counting,True,1.867,True,False,False,1.933,head_away,gaze_or_head_pose,False,False,False,1,0,
Twitch streamer starts to fall asleep while driving....mp4,True,57.5,0.203,0.6115,0.1431,0.0037,0.0037,True,gaze_stable,gaze_plus_head_pose,-11.05,0.43,3.74,-10.6,-22.04,-21.41,True,0.567,False,True,slow_eye_closure,False,sleep_pose_counting,True,1.9,True,False,False,1.967,head_away,gaze_or_head_pose,False,False,False,1,0,
Twitch streamer starts to fall asleep while driving....mp4,True,57.533,0.2003,0.6101,0.1436,0.0038,0.0038,True,gaze_stable,gaze_plus_head_pose,-11.28,1.49,3.73,-10.83,-20.98,-21.42,True,0.6,False,True,slow_eye_closure,False,sleep_pose_counting,True,1.933,True,False,False,2.0,head_away,gaze_or_head_pose,False,False,False,1,0,
Twitch streamer starts to fall asleep while driving....mp4,True,57.567,0.2371,0.5741,0.1435,0.004,0.004,True,gaze_stable,gaze_plus_head_pose,-11.94,1.52,5.51,-11.49,-20.95,-19.64,True,0.633,False,True,slow_eye_closure,False,sleep_pose_counting,True,1.967,True,False,False,2.033,head_away,gaze_or_head_pose,False,False,False,1,0,
Twitch streamer starts to fall asleep while driving....mp4,True,57.6,0.3952,0.5774,0.1434,0.0039,0.0039,True,gaze_stable,gaze_plus_head_pose,-11.39,3.32,5.42,-10.94,-19.15,-19.73,True,0.667,False,True,slow_eye_closure,False,sleep_pose_counting,True,2.0,True,False,False,2.067,head_away,gaze_or_head_pose,False,False,False,1,0,
Twitch streamer starts to fall asleep while driving....mp4,True,57.633,0.412,0.5243,0.1434,0.0049,0.0049,True,gaze_stable,gaze_plus_head_pose,-10.55,6.38,6.57,-10.688,-18.232,-19.385,True,0.7,False,True,slow_eye_closure,False,sleep_pose_counting,True,2.033,True,False,False,2.1,head_away,gaze_or_head_pose,False,False,False,1,0,
Twitch streamer starts to fall asleep while driving....mp4,True,57.667,0.4913,0.4582,0.1433,0.0049,0.0049,True,gaze_stable,gaze_plus_head_pose,-9.47,7.8,8.78,-10.188,-17.163,-18.48,True,0.733,False,True,slow_eye_closure,False,sleep_pose_counting,True,2.067,True,False,False,2.133,forward,gaze_or_head_pose,False,False,False,1,0,
Twitch streamer starts to fall asleep while driving....mp4,True,57.7,0.4775,0.4317,0.1432,0.0049,0.0049,True,gaze_stable,gaze_plus_head_pose,-8.71,9.66,8.01,-9.609,-15.857,-18.078,False,0.0,False,True,slow_eye_closure,False,sleep_pose_counting,True,2.1,True,False,False,2.167,forward,gaze_or_head_pose,False,False,False,1,0,
Twitch streamer starts to fall asleep while driving....mp4,True,57.733,0.48,0.4464,0.1431,0.0055,0.0055,True,gaze_stable,gaze_plus_head_pose,-7.57,9.85,9.83,-8.863,-14.886,-17.251,False,0.0,False,True,slow_eye_closure,False,sleep_pose_counting,True,2.133,True,False,False,2.2,forward,gaze_or_head_pose,False,False,False,1,0,
Twitch streamer starts to fall asleep while driving....mp4,True,57.767,0.4949,0.5171,0.143,0.004,0.004,True,gaze_stable,gaze_plus_head_pose,-6.69,11.65,11.18,-8.076,-13.666,-16.267,False,0.0,False,True,slow_eye_closure,False,sleep_pose_counting,True,2.167,True,False,False,2.233,forward,gaze_or_head_pose,False,False,False,1,0,
Twitch streamer starts to fall asleep while driving....mp4,True,57.8,0.5114,0.4931,0.1429,0.0045,0.0045,True,gaze_stable,gaze_plus_head_pose,-6.01,11.82,10.91,-7.321,-12.761,-15.659,False,0.0,False,True,slow_eye_closure,False,sleep_pose_counting,True,2.2,True,False,False,2.267,forward,gaze_or_head_pose,False,False,False,1,0,
Twitch streamer starts to fall asleep while driving....mp4,True,57.833,0.4755,0.5346,0.1429,0.0045,0.0045,True,gaze_stable,gaze_plus_head_pose,-5.6,12.06,11.54,-6.67,-12.056,-15.044,False,0.0,False,True,slow_eye_closure,False,sleep_pose_counting,True,2.233,True,False,False,2.3,forward,gaze_or_head_pose,False,False,False,1,0,
Twitch streamer starts to fall asleep while driving....mp4,True,57.867,0.5351,0.5148,0.1428,0.0038,0.0038,True,gaze_stable,gaze_plus_head_pose,-4.89,12.27,12.28,-6.001,-11.499,-14.392,False,0.0,False,True,slow_eye_closure,False,sleep_pose_counting,True,2.267,True,False,False,2.333,forward,gaze_or_head_pose,False,False,False,1,0,
Twitch streamer starts to fall asleep while driving....mp4,True,57.9,0.4967,0.5315,0.1427,0.0051,0.0051,True,gaze_stable,gaze_plus_head_pose,-4.58,12.22,12.4,-5.44,-11.124,-13.899,False,0.0,False,True,slow_eye_closure,False,not_asleep,False,0.0,True,False,False,2.367,forward,gaze_or_head_pose,False,False,False,1,0,
Twitch streamer starts to fall asleep while driving....mp4,True,57.933,0.483,0.4998,0.1426,0.0047,0.0047,True,gaze_stable,gaze_plus_head_pose,-4.66,11.88,13.06,-5.071,-10.964,-13.356,False,0.0,False,True,slow_eye_closure,False,not_asleep,False,0.0,True,False,False,2.4,forward,gaze_or_head_pose,False,False,False,1,0,
Twitch streamer starts to fall asleep while driving....mp4,True,57.967,0.4448,0.5132,0.1425,0.0057,0.0057,True,gaze_stable,gaze_plus_head_pose,-4.66,12.15,12.54,-4.812,-10.771,-13.133,False,0.0,False,True,slow_eye_closure,False,not_asleep,False,0.0,True,False,False,2.433,forward,gaze_or_head_pose,False,False,False,1,0,
Twitch streamer starts to fall asleep while driving....mp4,True,58.0,0.3917,0.5218,0.1424,0.006,0.006,True,gaze_stable,gaze_plus_head_pose,-4.73,11.59,12.55,-4.653,-10.804,-12.973,False,0.0,False,True,slow_eye_closure,False,not_asleep,False,0.0,False,False,False,0.0,forward,gaze_or_head_pose,False,False,False,1,0,
Twitch streamer starts to fall asleep while driving....mp4,True,58.033,0.3712,0.514,0.1424,0.0049,0.0049,True,gaze_stable,gaze_plus_head_pose,-4.8,11.96,13.26,-4.562,-10.716,-12.648,False,0.0,False,True,slow_eye_closure,False,not_asleep,False,0.0,False,False,False,0.0,forward,gaze_or_head_pose,False,False,False,1,0,
Twitch streamer starts to fall asleep while driving....mp4,True,58.067,0.3563,0.5785,0.1423,0.0055,0.0055,True,gaze_stable,gaze_plus_head_pose,-4.9,11.37,11.87,-4.528,-10.831,-12.838,False,0.0,False,True,slow_eye_closure,False,not_asleep,False,0.0,False,False,False,0.0,forward,gaze_or_head_pose,False,False,False,1,0,
Twitch streamer starts to fall asleep while driving....mp4,True,58.1,0.3674,0.5081,0.1422,0.0053,0.0053,True,gaze_stable,gaze_plus_head_pose,-5.06,11.85,11.99,-4.553,-10.768,-12.934,False,0.0,False,True,slow_eye_closure,False,not_asleep,False,0.0,False,False,False,0.0,forward,gaze_or_head_pose,False,False,False,1,0,
Twitch streamer starts to fall asleep while driving....mp4,True,58.133,0.3592,0.5847,0.1421,0.0052,0.0052,True,gaze_stable,gaze_plus_head_pose,-5.47,10.66,12.04,-4.693,-11.08,-12.987,False,0.0,False,True,slow_eye_closure,False,not_asleep,False,0.0,False,False,False,0.0,forward,gaze_or_head_pose,False,False,False,1,0,
Twitch streamer starts to fall asleep while driving....mp4,True,58.167,0.3471,0.5348,0.142,0.0052,0.0052,True,gaze_stable,gaze_plus_head_pose,-5.66,11.25,11.07,-4.848,-11.122,-13.315,False,0.0,False,True,slow_eye_closure,False,not_asleep,False,0.0,False,False,False,0.0,forward,gaze_or_head_pose,False,False,False,1,0,
Twitch streamer starts to fall asleep while driving....mp4,True,58.2,0.3488,0.578,0.142,0.0049,0.0049,True,gaze_stable,gaze_plus_head_pose,-5.56,10.3,11.38,-4.927,-11.437,-13.451,False,0.0,False,True,slow_eye_closure,False,not_asleep,False,0.0,False,False,False,0.0,forward,gaze_or_head_pose,False,False,False,1,0,
Twitch streamer starts to fall asleep while driving....mp4,True,58.233,0.3539,0.4771,0.1419,0.005,0.005,True,gaze_stable,gaze_plus_head_pose,-5.62,9.98,12.18,-5.0,-11.753,-13.307,False,0.0,False,True,slow_eye_closure,False,not_asleep,False,0.0,False,False,False,0.0,forward,gaze_or_head_pose,False,False,False,1,0,
Twitch streamer starts to fall asleep while driving....mp4,True,58.267,0.3406,0.5238,0.1418,0.0055,0.0055,True,gaze_stable,gaze_plus_head_pose,-4.64,10.77,11.81,-4.757,-11.737,-13.317,False,0.0,False,True,slow_eye_closure,False,not_asleep,False,0.0,False,False,False,0.0,forward,gaze_or_head_pose,False,False,False,1,0,
Twitch streamer starts to fall asleep while driving....mp4,True,58.3,0.3581,0.4969,0.1417,0.0051,0.0051,True,gaze_stable,gaze_plus_head_pose,-4.64,9.49,12.86,-4.587,-12.11,-13.009,False,0.0,False,True,slow_eye_closure,False,not_asleep,False,0.0,False,False,False,0.0,forward,gaze_or_head_pose,False,False,False,1,0,
Twitch streamer starts to fall asleep while driving....mp4,True,58.333,0.3423,0.5327,0.1416,0.0049,0.0049,True,gaze_stable,gaze_plus_head_pose,-4.7,10.62,12.28,-4.486,-12.032,-12.967,False,0.0,False,True,active_hold,False,not_asleep,False,0.0,False,False,False,0.0,forward,gaze_or_head_pose,False,False,False,1,0,
Twitch streamer starts to fall asleep while driving....mp4,True,58.367,0.3406,0.5264,0.1416,0.0055,0.0055,True,gaze_stable,gaze_plus_head_pose,-4.34,9.16,13.66,-4.307,-12.415,-12.524,False,0.0,False,True,active_hold,False,not_asleep,False,0.0,False,False,False,0.0,forward,gaze_or_head_pose,False,False,False,1,0,
Twitch streamer starts to fall asleep while driving....mp4,True,58.4,0.3279,0.4914,0.1415,0.0046,0.0046,True,gaze_stable,gaze_plus_head_pose,-4.17,10.67,13.96,-4.131,-12.231,-12.124,False,0.0,False,True,active_hold,False,not_asleep,False,0.0,False,False,False,0.0,forward,gaze_or_head_pose,False,False,False,1,0,
Twitch streamer starts to fall asleep while driving....mp4,True,58.433,0.3707,0.5398,0.1414,0.0051,0.0051,True,gaze_stable,gaze_plus_head_pose,-3.96,8.35,15.22,-3.945,-12.797,-11.466,False,0.0,False,True,active_hold,False,not_asleep,False,0.0,False,False,False,0.0,forward,gaze_or_head_pose,False,False,False,1,0,
Twitch streamer starts to fall asleep while driving....mp4,True,58.467,0.373,0.5564,0.1413,0.0048,0.0048,True,gaze_stable,gaze_plus_head_pose,-3.82,10.92,13.24,-3.772,-12.423,-11.599,False,0.0,False,True,active_hold,False,not_asleep,False,0.0,False,False,False,0.0,forward,gaze_or_head_pose,False,False,False,1,0,
Twitch streamer starts to fall asleep while driving....mp4,True,58.5,0.3976,0.4952,0.1412,0.0054,0.0054,True,gaze_stable,gaze_plus_head_pose,-2.87,8.94,16.19,-3.367,-12.755,-10.807,False,0.0,False,True,active_hold,False,not_asleep,False,0.0,False,False,False,0.0,forward,gaze_or_head_pose,False,False,False,1,0,
Twitch streamer starts to fall asleep while driving....mp4,True,58.533,0.4107,0.5009,0.1411,0.0054,0.0054,True,gaze_stable,gaze_plus_head_pose,-3.14,10.18,15.7,-3.164,-12.616,-10.4,False,0.0,False,True,active_hold,False,not_asleep,False,0.0,False,False,False,0.0,forward,gaze_or_head_pose,False,False,False,1,0,
Twitch streamer starts to fall asleep while driving....mp4,True,58.567,0.4467,0.5601,0.1411,0.0056,0.0056,True,gaze_stable,gaze_plus_head_pose,-2.04,11.14,15.77,-2.692,-12.23,-10.094,False,0.0,False,True,active_hold,False,not_asleep,False,0.0,False,False,False,0.0,forward,gaze_or_head_pose,False,False,False,1,0,
Twitch streamer starts to fall asleep while driving....mp4,True,58.6,0.4356,0.6091,0.141,0.006,0.006,True,gaze_stable,gaze_plus_head_pose,-2.43,9.36,17.66,-2.478,-12.494,-9.313,False,0.0,False,True,active_hold,False,not_asleep,False,0.0,False,False,False,0.0,forward,gaze_or_head_pose,False,False,False,1,0,
Twitch streamer starts to fall asleep while driving....mp4,True,58.633,0.4669,0.5341,0.1409,0.0053,0.0053,True,gaze_stable,gaze_plus_head_pose,-0.51,11.29,17.06,-1.753,-12.1,-8.946,False,0.0,False,True,active_hold,False,not_asleep,False,0.0,False,False,False,0.0,forward,gaze_or_head_pose,False,False,False,1,0,
Twitch streamer starts to fall asleep while driving....mp4,True,58.667,0.4329,0.6982,0.1408,0.0045,0.0045,True,gaze_stable,gaze_plus_head_pose,-0.64,9.39,19.11,-1.284,-12.394,-8.074,False,0.0,False,True,active_hold,False,not_asleep,False,0.0,False,False,False,0.0,forward,gaze_or_head_pose,False,False,False,1,0,
Twitch streamer starts to fall asleep while driving....mp4,True,58.7,0.4213,0.7506,0.1407,0.0044,0.0044,True,gaze_stable,gaze_plus_head_pose,1.33,10.31,18.37,-0.365,-12.324,-7.686,False,0.0,False,False,cleared_eyes_open,False,not_asleep,False,0.0,False,False,False,0.0,forward,gaze_or_head_pose,False,False,False,1,0,
Twitch streamer starts to fall asleep while driving....mp4,True,58.733,0.4032,0.7439,0.1407,0.0053,0.0053,True,gaze_stable,gaze_plus_head_pose,1.22,9.11,20.57,0.246,-12.635,-6.754,False,0.0,False,False,not_tired,False,not_asleep,False,0.0,False,False,False,0.0,forward,gaze_or_head_pose,False,False,False,1,0,
Twitch streamer starts to fall asleep while driving....mp4,True,58.767,0.452,0.5856,0.1406,0.0059,0.0059,True,gaze_stable,gaze_plus_head_pose,2.55,8.81,22.22,1.072,-12.942,-5.607,False,0.0,False,False,not_tired,False,not_asleep,False,0.0,False,False,False,0.0,forward,gaze_or_head_pose,False,False,False,1,0,
Twitch streamer starts to fall asleep while driving....mp4,True,58.8,0.4051,0.5984,0.1405,0.0062,0.0062,True,gaze_stable,gaze_plus_head_pose,3.32,9.79,22.22,1.881,-12.864,-4.804,False,0.0,False,False,not_tired,False,not_asleep,False,0.0,False,False,False,0.0,forward,gaze_or_head_pose,False,False,False,1,0,
Twitch streamer starts to fall asleep while driving....mp4,True,58.833,0.3941,0.5142,0.1404,0.0066,0.0066,True,gaze_stable,gaze_plus_head_pose,4.77,9.61,23.04,2.883,-12.862,-3.996,False,0.0,False,False,not_tired,False,not_asleep,False,0.0,False,False,False,0.0,forward,gaze_or_head_pose,False,False,False,1,0,
Twitch streamer starts to fall asleep while driving....mp4,True,58.867,0.4322,0.5398,0.1404,0.0067,0.0067,True,gaze_stable,gaze_plus_head_pose,5.62,10.96,24.47,3.839,-12.457,-3.001,False,0.0,False,False,not_tired,False,not_asleep,False,0.0,False,False,False,0.0,forward,gaze_or_head_pose,False,False,False,1,0,
Twitch streamer starts to fall asleep while driving....mp4,True,58.9,0.4071,0.5229,0.1403,0.0067,0.0067,True,gaze_stable,gaze_plus_head_pose,5.25,9.19,24.72,4.397,-12.704,-2.23,False,0.0,False,False,not_tired,False,not_asleep,False,0.0,False,False,False,0.0,forward,gaze_or_head_pose,False,False,False,1,0,
Twitch streamer starts to fall asleep while driving....mp4,True,58.933,0.3528,0.5974,0.1402,0.0068,0.0068,True,gaze_stable,gaze_plus_head_pose,5.93,12.57,25.25,4.992,-11.863,-1.531,False,0.0,False,False,not_tired,False,not_asleep,False,0.0,False,False,False,0.0,forward,gaze_or_head_pose,False,False,False,1,0,
Twitch streamer starts to fall asleep while driving....mp4,True,58.967,0.4544,0.6249,0.1401,0.0067,0.0067,True,gaze_stable,gaze_plus_head_pose,6.58,12.05,25.6,5.604,-11.43,-0.937,False,0.0,False,False,not_tired,False,not_asleep,False,0.0,False,False,False,0.0,forward,gaze_or_head_pose,False,False,False,1,0,
Twitch streamer starts to fall asleep while driving....mp4,True,59.0,0.4072,0.6082,0.14,0.0079,0.0079,True,gaze_stable,gaze_plus_head_pose,6.87,13.99,27.1,6.118,-10.545,-0.071,False,0.0,False,False,not_tired,False,not_asleep,False,0.0,False,False,False,0.0,forward,gaze_or_head_pose,False,False,False,1,0,
Twitch streamer starts to fall asleep while driving....mp4,True,59.033,0.4193,0.5058,0.14,0.0078,0.0078,True,gaze_stable,gaze_plus_head_pose,6.17,15.21,25.98,6.269,-9.559,0.2,False,0.0,False,False,not_tired,False,not_asleep,False,0.0,False,False,False,0.0,forward,gaze_or_head_pose,False,False,False,1,0,
Twitch streamer starts to fall asleep while driving....mp4,True,59.067,0.3884,0.6556,0.1399,0.0077,0.0077,True,gaze_stable,gaze_plus_head_pose,7.06,14.77,26.83,6.641,-9.002,0.644,False,0.0,False,False,not_tired,False,not_asleep,False,0.0,False,False,False,0.0,forward,gaze_or_head_pose,False,False,False,1,0,
Twitch streamer starts to fall asleep while driving....mp4,True,59.1,0.4235,0.5512,0.1398,0.0062,0.0062,True,gaze_stable,gaze_plus_head_pose,6.43,15.76,25.88,6.713,-8.314,0.67,False,0.0,False,False,not_tired,False,not_asleep,False,0.0,False,False,False,0.0,forward,gaze_or_head_pose,False,False,False,1,0,
Twitch streamer starts to fall asleep while driving....mp4,True,59.133,0.4553,0.5993,0.1397,0.0048,0.0048,True,gaze_stable,gaze_plus_head_pose,5.97,14.98,23.94,6.625,-8.067,0.106,False,0.0,False,False,not_tired,False,not_asleep,False,0.0,False,False,False,0.0,forward,gaze_or_head_pose,False,False,False,1,0,
Twitch streamer starts to fall asleep while driving....mp4,True,59.167,0.4104,0.583,0.1396,0.0044,0.0044,True,gaze_stable,gaze_plus_head_pose,4.91,15.01,23.74,6.246,-7.885,-0.349,False,0.0,False,False,not_tired,False,not_asleep,False,0.0,False,False,False,0.0,forward,gaze_or_head_pose,False,False,False,1,0,
Twitch streamer starts to fall asleep while driving....mp4,True,59.2,0.4014,0.6169,0.1396,0.0046,0.0046,True,gaze_stable,gaze_plus_head_pose,4.52,13.99,23.75,5.863,-8.063,-0.664,False,0.0,False,False,not_tired,False,not_asleep,False,0.0,False,False,False,0.0,forward,gaze_or_head_pose,False,False,False,1,0,
Twitch streamer starts to fall asleep while driving....mp4,True,59.233,0.3962,0.6084,0.1395,0.0038,0.0038,True,gaze_stable,gaze_plus_head_pose,4.17,14.52,22.35,5.49,-8.029,-1.305,False,0.0,False,False,not_tired,False,not_asleep,False,0.0,False,False,False,0.0,forward,gaze_or_head_pose,False,False,False,1,0,
Twitch streamer starts to fall asleep while driving....mp4,True,59.267,0.4208,0.5741,0.1394,0.0034,0.0034,True,gaze_stable,gaze_plus_head_pose,3.18,12.96,21.84,4.932,-8.474,-1.907,False,0.0,False,False,not_tired,False,not_asleep,False,0.0,False,False,False,0.0,forward,gaze_or_head_pose,False,False,False,1,0,
Twitch streamer starts to fall asleep while driving....mp4,True,59.3,0.3953,0.6192,0.1393,0.0043,0.0043,True,gaze_stable,gaze_plus_head_pose,2.54,13.35,20.85,4.349,-8.667,-2.625,False,0.0,False,False,not_tired,False,not_asleep,False,0.0,False,False,False,0.0,forward,gaze_or_head_pose,False,False,False,1,0,
Twitch streamer starts to fall asleep while driving....mp4,True,59.333,0.4493,0.7646,0.1392,0.004,0.004,True,gaze_stable,gaze_plus_head_pose,2.07,13.83,24.2,3.801,-8.659,-2.122,False,0.0,False,False,not_tired,False,not_asleep,False,0.0,False,False,False,0.0,forward,gaze_or_head_pose,False,False,False,1,0,
Twitch streamer starts to fall asleep while driving....mp4,True,59.367,0.4905,0.6556,0.1392,0.0041,0.0041,True,gaze_stable,gaze_plus_head_pose,1.06,11.98,23.8,3.113,-9.208,-1.891,False,0.0,False,False,not_tired,False,not_asleep,False,0.0,False,False,False,0.0,forward,gaze_or_head_pose,False,False,False,1,0,
Twitch streamer starts to fall asleep while driving....mp4,True,59.4,0.4585,0.6689,0.1391,0.0035,0.0035,True,gaze_stable,gaze_plus_head_pose,0.69,11.54,22.86,2.521,-9.725,-2.01,False,0.0,False,False,not_tired,False,not_asleep,False,0.0,False,False,False,0.0,forward,gaze_or_head_pose,False,False,False,1,0,
Twitch streamer starts to fall asleep while driving....mp4,True,59.433,0.4428,0.73,0.139,0.0034,0.0034,True,gaze_stable,gaze_plus_head_pose,-0.61,10.3,20.76,1.717,-10.458,-2.724,False,0.0,False,False,not_tired,False,not_asleep,False,0.0,False,False,False,0.0,forward,gaze_or_head_pose,False,False,False,1,0,
Twitch streamer starts to fall asleep while driving....mp4,True,59.467,0.4325,0.5587,0.1389,0.0046,0.0046,True,gaze_stable,gaze_plus_head_pose,-1.01,9.79,18.3,1.034,-11.125,-3.962,False,0.0,False,False,not_tired,False,not_asleep,False,0.0,False,False,False,0.0,forward,gaze_or_head_pose,False,False,False,1,0,
Twitch streamer starts to fall asleep while driving....mp4,True,59.5,0.5016,0.4701,0.1389,0.0042,0.0042,True,gaze_stable,gaze_plus_head_pose,-1.39,11.55,19.21,0.442,-11.063,-4.555,False,0.0,False,False,not_tired,False,not_asleep,False,0.0,False,False,False,0.0,forward,gaze_or_head_pose,False,False,False,1,0,
Twitch streamer starts to fall asleep while driving....mp4,True,59.533,0.4992,0.5947,0.1388,0.0043,0.0043,True,gaze_stable,gaze_plus_head_pose,-2.46,11.01,18.08,-0.294,-11.182,-5.31,False,0.0,False,False,not_tired,False,not_asleep,False,0.0,False,False,False,0.0,forward,gaze_or_head_pose,False,False,False,1,0,
Twitch streamer starts to fall asleep while driving....mp4,True,59.567,0.4643,0.8437,0.1387,0.0053,0.0053,True,gaze_stable,gaze_plus_head_pose,-2.81,11.61,15.98,-0.914,-11.086,-6.468,False,0.0,False,False,not_tired,False,not_asleep,False,0.0,False,False,False,0.0,forward,gaze_or_head_pose,False,False,False,1,0,
Twitch streamer starts to fall asleep while driving....mp4,True,59.6,0.4701,0.6254,0.1386,0.0049,0.0049,True,gaze_stable,gaze_plus_head_pose,-3.52,11.17,13.73,-1.561,-11.15,-7.953,False,0.0,False,False,not_tired,False,not_asleep,False,0.0,False,False,False,0.0,forward,gaze_or_head_pose,False,False,False,1,0,
Twitch streamer starts to fall asleep while driving....mp4,True,59.633,0.4548,0.6789,0.1385,0.0054,0.0054,True,gaze_stable,gaze_plus_head_pose,-4.0,11.38,13.24,-2.157,-11.132,-9.14,False,0.0,False,False,not_tired,False,not_asleep,False,0.0,False,False,False,0.0,forward,gaze_or_head_pose,False,False,False,1,0,
Twitch streamer starts to fall asleep while driving....mp4,True,59.667,0.4724,0.6375,0.1385,0.0052,0.0052,True,gaze_stable,gaze_plus_head_pose,-4.62,10.37,11.91,-2.761,-11.422,-10.37,False,0.0,False,False,not_tired,False,not_asleep,False,0.0,False,False,False,0.0,forward,gaze_or_head_pose,False,False,False,1,0,
Twitch streamer starts to fall asleep while driving....mp4,True,59.7,0.5097,0.6632,0.1384,0.0053,0.0053,True,gaze_stable,gaze_plus_head_pose,-4.9,8.84,12.82,-3.268,-12.085,-10.958,False,0.0,False,False,not_tired,False,not_asleep,False,0.0,False,False,False,0.0,forward,gaze_or_head_pose,False,False,False,1,0,
Twitch streamer starts to fall asleep while driving....mp4,True,59.733,0.4967,0.5685,0.1383,0.0048,0.0048,True,gaze_stable,gaze_plus_head_pose,-4.88,9.09,10.43,-3.616,-12.473,-12.087,False,0.0,False,False,not_tired,False,not_asleep,False,0.0,False,False,False,0.0,forward,gaze_or_head_pose,False,False,False,1,0,
Twitch streamer starts to fall asleep while driving....mp4,True,59.767,0.4972,0.494,0.1382,0.0047,0.0047,True,gaze_stable,gaze_plus_head_pose,-4.69,7.26,10.78,-3.804,-13.294,-12.772,False,0.0,False,False,not_tired,False,not_asleep,False,0.0,False,False,False,0.0,forward,gaze_or_head_pose,False,False,False,1,0,
Twitch streamer starts to fall asleep while driving....mp4,True,59.8,0.4912,0.5509,0.1382,0.0048,0.0048,True,gaze_stable,gaze_plus_head_pose,-4.55,7.53,10.36,-3.892,-13.788,-13.377,False,0.0,False,False,not_tired,False,not_asleep,False,0.0,False,False,False,0.0,forward,gaze_or_head_pose,False,False,False,1,0,
Twitch streamer starts to fall asleep while driving....mp4,True,59.833,0.4849,0.6032,0.1381,0.0047,0.0047,True,gaze_stable,gaze_plus_head_pose,-3.78,6.83,10.36,-3.724,-14.344,-13.801,False,0.0,False,False,not_tired,False,not_asleep,False,0.0,False,False,False,0.0,forward,gaze_or_head_pose,False,False,False,1,0,
Twitch streamer starts to fall asleep while driving....mp4,True,59.867,0.5083,0.5815,0.138,0.0052,0.0052,True,gaze_stable,gaze_plus_head_pose,-3.68,6.64,11.21,-3.576,-14.79,-13.843,False,0.0,False,False,not_tired,False,not_asleep,False,0.0,False,False,False,0.0,forward,gaze_or_head_pose,False,False,False,1,0,
Twitch streamer starts to fall asleep while driving....mp4,True,59.9,0.4563,0.5595,0.1379,0.0062,0.0062,True,gaze_stable,gaze_plus_head_pose,-2.54,6.12,12.67,-3.13,-15.258,-13.434,False,0.0,False,False,not_tired,False,not_asleep,False,0.0,False,False,False,0.0,forward,gaze_or_head_pose,False,False,False,1,0,
Twitch streamer starts to fall asleep while driving....mp4,True,59.933,0.4955,0.5803,0.1379,0.0048,0.0048,True,gaze_stable,gaze_plus_head_pose,-1.51,5.6,15.43,-2.509,-15.741,-12.32,False,0.0,False,False,not_tired,False,not_asleep,False,0.0,False,False,False,0.0,forward,gaze_or_head_pose,False,False,False,1,0,
Twitch streamer starts to fall asleep while driving....mp4,True,59.967,0.4592,0.4619,0.1378,0.0061,0.0061,True,gaze_stable,gaze_plus_head_pose,-1.28,3.74,20.15,-0.83,-18.73,-5.0,False,0.0,False,False,not_tired,False,sleep_pose_counting,True,0.0,True,False,False,0.0,head_away,gaze_or_head_pose,False,False,False,1,0,
Twitch streamer starts to fall asleep while driving....mp4,True,60.0,0.469,0.4831,0.1377,0.0077,0.0077,True,gaze_stable,gaze_plus_head_pose,-0.3,3.53,20.69,0.15,-18.94,-4.46,False,0.0,False,False,not_tired,False,sleep_pose_counting,True,0.033,True,False,False,0.033,head_away,gaze_or_head_pose,False,False,False,1,0,
